FechaID,Fecha,Anio,Mes,NombreMes,SKUID,CodigoSKU,ProductoID,NombreProducto,Categoria,TiendaID,NombreTienda,MovimientoStockSistema,MovimientoStockReservado,StockSistema,StockReservado,StockDisponible
20260101,2026-01-01,2026,1,January,4,A10001,4,Polo básico,Ropa,5,Web Nacional,0,0,0,0,0
20260102,2026-01-02,2026,1,Enero,4,A10001,4,Polo básico,Ropa,5,Web Nacional,0,0,0,0,0
20260103,2026-01-03,2026,1,Enero,4,A10001,4,Polo básico,Ropa,5,Web Nacional,0,0,0,0,0
20260104,2026-01-04,2026,1,Enero,4,A10001,4,Polo básico,Ropa,5,Web Nacional,0,0,0,0,0
20260105,2026-01-05,2026,1,January,4,A10001,4,Polo básico,Ropa,5,Web Nacional,0,0,0,0,0
20260106,2026-01-06,2026,1,January,4,A10001,4,Polo básico,Ropa,5,Web Nacional,0,0,0,0,0
20260107,2026-01-07,2026,1,January,4,A10001,4,Polo básico,Ropa,5,Web Nacional,0,0,0,0,0
20260108,2026-01-08,2026,1,January,4,A10001,4,Polo básico,Ropa,5,Web Nacional,0,0,0,0,0
20260109,2026-01-09,2026,1,January,4,A10001,4,Polo básico,Ropa,5,Web Nacional,0,0,0,0,0
20260110,2026-01-10,2026,1,January,4,A10001,4,Polo básico,Ropa,5,Web Nacional,0,0,0,0,0
20260111,2026-01-11,2026,1,January,4,A10001,4,Polo básico,Ropa,5,Web Nacional,0,0,0,0,0
20260112,2026-01-12,2026,1,January,4,A10001,4,Polo básico,Ropa,5,Web Nacional,0,0,0,0,0
20260113,2026-01-13,2026,1,January,4,A10001,4,Polo básico,Ropa,5,Web Nacional,0,0,0,0,0
20260114,2026-01-14,2026,1,January,4,A10001,4,Polo básico,Ropa,5,Web Nacional,0,0,0,0,0
20260115,2026-01-15,2026,1,January,4,A10001,4,Polo básico,Ropa,5,Web Nacional,0,0,0,0,0
20260116,2026-01-16,2026,1,January,4,A10001,4,Polo básico,Ropa,5,Web Nacional,0,0,0,0,0
20260117,2026-01-17,2026,1,January,4,A10001,4,Polo básico,Ropa,5,Web Nacional,0,0,0,0,0
20260118,2026-01-18,2026,1,January,4,A10001,4,Polo básico,Ropa,5,Web Nacional,0,0,0,0,0
20260119,2026-01-19,2026,1,January,4,A10001,4,Polo básico,Ropa,5,Web Nacional,0,0,0,0,0
20260120,2026-01-20,2026,1,January,4,A10001,4,Polo básico,Ropa,5,Web Nacional,0,0,0,0,0
20260121,2026-01-21,2026,1,January,4,A10001,4,Polo básico,Ropa,5,Web Nacional,0,0,0,0,0
20260122,2026-01-22,2026,1,January,4,A10001,4,Polo básico,Ropa,5,Web Nacional,0,0,0,0,0
20260123,2026-01-23,2026,1,January,4,A10001,4,Polo básico,Ropa,5,Web Nacional,0,0,0,0,0
20260124,2026-01-24,2026,1,January,4,A10001,4,Polo básico,Ropa,5,Web Nacional,0,0,0,0,0
20260125,2026-01-25,2026,1,January,4,A10001,4,Polo básico,Ropa,5,Web Nacional,0,0,0,0,0
20260126,2026-01-26,2026,1,January,4,A10001,4,Polo básico,Ropa,5,Web Nacional,0,0,0,0,0
20260127,2026-01-27,2026,1,January,4,A10001,4,Polo básico,Ropa,5,Web Nacional,0,0,0,0,0
20260128,2026-01-28,2026,1,January,4,A10001,4,Polo básico,Ropa,5,Web Nacional,0,0,0,0,0
20260129,2026-01-29,2026,1,January,4,A10001,4,Polo básico,Ropa,5,Web Nacional,0,0,0,0,0
20260130,2026-01-30,2026,1,January,4,A10001,4,Polo básico,Ropa,5,Web Nacional,0,0,0,0,0
20260131,2026-01-31,2026,1,January,4,A10001,4,Polo básico,Ropa,5,Web Nacional,0,0,0,0,0
20260201,2026-02-01,2026,2,February,4,A10001,4,Polo básico,Ropa,5,Web Nacional,0,0,0,0,0
20260202,2026-02-02,2026,2,February,4,A10001,4,Polo básico,Ropa,5,Web Nacional,0,0,0,0,0
20260203,2026-02-03,2026,2,February,4,A10001,4,Polo básico,Ropa,5,Web Nacional,0,0,0,0,0
20260204,2026-02-04,2026,2,February,4,A10001,4,Polo básico,Ropa,5,Web Nacional,0,0,0,0,0
20260205,2026-02-05,2026,2,February,4,A10001,4,Polo básico,Ropa,5,Web Nacional,0,0,0,0,0
20260206,2026-02-06,2026,2,February,4,A10001,4,Polo básico,Ropa,5,Web Nacional,0,0,0,0,0
20260207,2026-02-07,2026,2,February,4,A10001,4,Polo básico,Ropa,5,Web Nacional,0,0,0,0,0
20260208,2026-02-08,2026,2,February,4,A10001,4,Polo básico,Ropa,5,Web Nacional,0,0,0,0,0
20260209,2026-02-09,2026,2,February,4,A10001,4,Polo básico,Ropa,5,Web Nacional,0,0,0,0,0
20260210,2026-02-10,2026,2,February,4,A10001,4,Polo básico,Ropa,5,Web Nacional,0,0,0,0,0
20260211,2026-02-11,2026,2,February,4,A10001,4,Polo básico,Ropa,5,Web Nacional,0,0,0,0,0
20260212,2026-02-12,2026,2,February,4,A10001,4,Polo básico,Ropa,5,Web Nacional,0,0,0,0,0
20260213,2026-02-13,2026,2,February,4,A10001,4,Polo básico,Ropa,5,Web Nacional,0,0,0,0,0
20260214,2026-02-14,2026,2,February,4,A10001,4,Polo básico,Ropa,5,Web Nacional,0,0,0,0,0
20260215,2026-02-15,2026,2,February,4,A10001,4,Polo básico,Ropa,5,Web Nacional,0,0,0,0,0
20260216,2026-02-16,2026,2,February,4,A10001,4,Polo básico,Ropa,5,Web Nacional,0,0,0,0,0
20260217,2026-02-17,2026,2,February,4,A10001,4,Polo básico,Ropa,5,Web Nacional,0,0,0,0,0
20260218,2026-02-18,2026,2,February,4,A10001,4,Polo básico,Ropa,5,Web Nacional,0,0,0,0,0
20260219,2026-02-19,2026,2,February,4,A10001,4,Polo básico,Ropa,5,Web Nacional,0,0,0,0,0
20260220,2026-02-20,2026,2,February,4,A10001,4,Polo básico,Ropa,5,Web Nacional,0,0,0,0,0
20260221,2026-02-21,2026,2,February,4,A10001,4,Polo básico,Ropa,5,Web Nacional,0,0,0,0,0
20260222,2026-02-22,2026,2,February,4,A10001,4,Polo básico,Ropa,5,Web Nacional,0,0,0,0,0
20260223,2026-02-23,2026,2,February,4,A10001,4,Polo básico,Ropa,5,Web Nacional,0,0,0,0,0
20260224,2026-02-24,2026,2,February,4,A10001,4,Polo básico,Ropa,5,Web Nacional,0,0,0,0,0
20260225,2026-02-25,2026,2,February,4,A10001,4,Polo básico,Ropa,5,Web Nacional,0,0,0,0,0
20260226,2026-02-26,2026,2,February,4,A10001,4,Polo básico,Ropa,5,Web Nacional,0,0,0,0,0
20260227,2026-02-27,2026,2,February,4,A10001,4,Polo básico,Ropa,5,Web Nacional,0,0,0,0,0
20260228,2026-02-28,2026,2,February,4,A10001,4,Polo básico,Ropa,5,Web Nacional,0,0,0,0,0
20260301,2026-03-01,2026,3,March,4,A10001,4,Polo básico,Ropa,5,Web Nacional,0,0,0,0,0
20260302,2026-03-02,2026,3,March,4,A10001,4,Polo básico,Ropa,5,Web Nacional,0,0,0,0,0
20260303,2026-03-03,2026,3,March,4,A10001,4,Polo básico,Ropa,5,Web Nacional,0,0,0,0,0
20260304,2026-03-04,2026,3,March,4,A10001,4,Polo básico,Ropa,5,Web Nacional,0,0,0,0,0
20260305,2026-03-05,2026,3,March,4,A10001,4,Polo básico,Ropa,5,Web Nacional,0,0,0,0,0
20260306,2026-03-06,2026,3,March,4,A10001,4,Polo básico,Ropa,5,Web Nacional,0,0,0,0,0
20260307,2026-03-07,2026,3,March,4,A10001,4,Polo básico,Ropa,5,Web Nacional,0,0,0,0,0
20260308,2026-03-08,2026,3,March,4,A10001,4,Polo básico,Ropa,5,Web Nacional,0,0,0,0,0
20260309,2026-03-09,2026,3,March,4,A10001,4,Polo básico,Ropa,5,Web Nacional,0,0,0,0,0
20260310,2026-03-10,2026,3,March,4,A10001,4,Polo básico,Ropa,5,Web Nacional,0,0,0,0,0
20260311,2026-03-11,2026,3,March,4,A10001,4,Polo básico,Ropa,5,Web Nacional,0,0,0,0,0
20260312,2026-03-12,2026,3,March,4,A10001,4,Polo básico,Ropa,5,Web Nacional,0,0,0,0,0
20260313,2026-03-13,2026,3,March,4,A10001,4,Polo básico,Ropa,5,Web Nacional,0,0,0,0,0
20260314,2026-03-14,2026,3,March,4,A10001,4,Polo básico,Ropa,5,Web Nacional,0,0,0,0,0
20260315,2026-03-15,2026,3,March,4,A10001,4,Polo básico,Ropa,5,Web Nacional,0,0,0,0,0
20260316,2026-03-16,2026,3,March,4,A10001,4,Polo básico,Ropa,5,Web Nacional,0,0,0,0,0
20260317,2026-03-17,2026,3,March,4,A10001,4,Polo básico,Ropa,5,Web Nacional,0,0,0,0,0
20260318,2026-03-18,2026,3,March,4,A10001,4,Polo básico,Ropa,5,Web Nacional,0,0,0,0,0
20260319,2026-03-19,2026,3,March,4,A10001,4,Polo básico,Ropa,5,Web Nacional,0,0,0,0,0
20260320,2026-03-20,2026,3,March,4,A10001,4,Polo básico,Ropa,5,Web Nacional,0,0,0,0,0
20260321,2026-03-21,2026,3,March,4,A10001,4,Polo básico,Ropa,5,Web Nacional,0,0,0,0,0
20260322,2026-03-22,2026,3,March,4,A10001,4,Polo básico,Ropa,5,Web Nacional,0,0,0,0,0
20260323,2026-03-23,2026,3,March,4,A10001,4,Polo básico,Ropa,5,Web Nacional,0,0,0,0,0
20260324,2026-03-24,2026,3,March,4,A10001,4,Polo básico,Ropa,5,Web Nacional,0,0,0,0,0
20260325,2026-03-25,2026,3,March,4,A10001,4,Polo básico,Ropa,5,Web Nacional,0,0,0,0,0
20260326,2026-03-26,2026,3,March,4,A10001,4,Polo básico,Ropa,5,Web Nacional,0,0,0,0,0
20260327,2026-03-27,2026,3,March,4,A10001,4,Polo básico,Ropa,5,Web Nacional,0,0,0,0,0
20260328,2026-03-28,2026,3,March,4,A10001,4,Polo básico,Ropa,5,Web Nacional,0,0,0,0,0
20260329,2026-03-29,2026,3,March,4,A10001,4,Polo básico,Ropa,5,Web Nacional,0,0,0,0,0
20260330,2026-03-30,2026,3,March,4,A10001,4,Polo básico,Ropa,5,Web Nacional,0,0,0,0,0
20260331,2026-03-31,2026,3,March,4,A10001,4,Polo básico,Ropa,5,Web Nacional,0,0,0,0,0
20260101,2026-01-01,2026,1,January,4,A10001,4,Polo básico,Ropa,6,Jockey Plaza,10,0,10,0,10
20260102,2026-01-02,2026,1,Enero,4,A10001,4,Polo básico,Ropa,6,Jockey Plaza,-2,0,8,0,8
20260103,2026-01-03,2026,1,Enero,4,A10001,4,Polo básico,Ropa,6,Jockey Plaza,0,0,8,0,8
20260104,2026-01-04,2026,1,Enero,4,A10001,4,Polo básico,Ropa,6,Jockey Plaza,0,0,8,0,8
20260105,2026-01-05,2026,1,January,4,A10001,4,Polo básico,Ropa,6,Jockey Plaza,0,0,8,0,8
20260106,2026-01-06,2026,1,January,4,A10001,4,Polo básico,Ropa,6,Jockey Plaza,0,0,8,0,8
20260107,2026-01-07,2026,1,January,4,A10001,4,Polo básico,Ropa,6,Jockey Plaza,0,0,8,0,8
20260108,2026-01-08,2026,1,January,4,A10001,4,Polo básico,Ropa,6,Jockey Plaza,0,0,8,0,8
20260109,2026-01-09,2026,1,January,4,A10001,4,Polo básico,Ropa,6,Jockey Plaza,0,0,8,0,8
20260110,2026-01-10,2026,1,January,4,A10001,4,Polo básico,Ropa,6,Jockey Plaza,0,0,8,0,8
20260111,2026-01-11,2026,1,January,4,A10001,4,Polo básico,Ropa,6,Jockey Plaza,0,0,8,0,8
20260112,2026-01-12,2026,1,January,4,A10001,4,Polo básico,Ropa,6,Jockey Plaza,0,0,8,0,8
20260113,2026-01-13,2026,1,January,4,A10001,4,Polo básico,Ropa,6,Jockey Plaza,0,0,8,0,8
20260114,2026-01-14,2026,1,January,4,A10001,4,Polo básico,Ropa,6,Jockey Plaza,0,0,8,0,8
20260115,2026-01-15,2026,1,January,4,A10001,4,Polo básico,Ropa,6,Jockey Plaza,0,0,8,0,8
20260116,2026-01-16,2026,1,January,4,A10001,4,Polo básico,Ropa,6,Jockey Plaza,0,0,8,0,8
20260117,2026-01-17,2026,1,January,4,A10001,4,Polo básico,Ropa,6,Jockey Plaza,0,0,8,0,8
20260118,2026-01-18,2026,1,January,4,A10001,4,Polo básico,Ropa,6,Jockey Plaza,0,0,8,0,8
20260119,2026-01-19,2026,1,January,4,A10001,4,Polo básico,Ropa,6,Jockey Plaza,0,0,8,0,8
20260120,2026-01-20,2026,1,January,4,A10001,4,Polo básico,Ropa,6,Jockey Plaza,0,0,8,0,8
20260121,2026-01-21,2026,1,January,4,A10001,4,Polo básico,Ropa,6,Jockey Plaza,0,0,8,0,8
20260122,2026-01-22,2026,1,January,4,A10001,4,Polo básico,Ropa,6,Jockey Plaza,0,0,8,0,8
20260123,2026-01-23,2026,1,January,4,A10001,4,Polo básico,Ropa,6,Jockey Plaza,0,0,8,0,8
20260124,2026-01-24,2026,1,January,4,A10001,4,Polo básico,Ropa,6,Jockey Plaza,0,0,8,0,8
20260125,2026-01-25,2026,1,January,4,A10001,4,Polo básico,Ropa,6,Jockey Plaza,0,0,8,0,8
20260126,2026-01-26,2026,1,January,4,A10001,4,Polo básico,Ropa,6,Jockey Plaza,0,0,8,0,8
20260127,2026-01-27,2026,1,January,4,A10001,4,Polo básico,Ropa,6,Jockey Plaza,0,0,8,0,8
20260128,2026-01-28,2026,1,January,4,A10001,4,Polo básico,Ropa,6,Jockey Plaza,0,0,8,0,8
20260129,2026-01-29,2026,1,January,4,A10001,4,Polo básico,Ropa,6,Jockey Plaza,0,0,8,0,8
20260130,2026-01-30,2026,1,January,4,A10001,4,Polo básico,Ropa,6,Jockey Plaza,0,0,8,0,8
20260131,2026-01-31,2026,1,January,4,A10001,4,Polo básico,Ropa,6,Jockey Plaza,0,0,8,0,8
20260201,2026-02-01,2026,2,February,4,A10001,4,Polo básico,Ropa,6,Jockey Plaza,0,0,8,0,8
20260202,2026-02-02,2026,2,February,4,A10001,4,Polo básico,Ropa,6,Jockey Plaza,0,0,8,0,8
20260203,2026-02-03,2026,2,February,4,A10001,4,Polo básico,Ropa,6,Jockey Plaza,0,0,8,0,8
20260204,2026-02-04,2026,2,February,4,A10001,4,Polo básico,Ropa,6,Jockey Plaza,0,0,8,0,8
20260205,2026-02-05,2026,2,February,4,A10001,4,Polo básico,Ropa,6,Jockey Plaza,0,0,8,0,8
20260206,2026-02-06,2026,2,February,4,A10001,4,Polo básico,Ropa,6,Jockey Plaza,0,0,8,0,8
20260207,2026-02-07,2026,2,February,4,A10001,4,Polo básico,Ropa,6,Jockey Plaza,0,0,8,0,8
20260208,2026-02-08,2026,2,February,4,A10001,4,Polo básico,Ropa,6,Jockey Plaza,0,0,8,0,8
20260209,2026-02-09,2026,2,February,4,A10001,4,Polo básico,Ropa,6,Jockey Plaza,0,0,8,0,8
20260210,2026-02-10,2026,2,February,4,A10001,4,Polo básico,Ropa,6,Jockey Plaza,0,0,8,0,8
20260211,2026-02-11,2026,2,February,4,A10001,4,Polo básico,Ropa,6,Jockey Plaza,0,0,8,0,8
20260212,2026-02-12,2026,2,February,4,A10001,4,Polo básico,Ropa,6,Jockey Plaza,0,0,8,0,8
20260213,2026-02-13,2026,2,February,4,A10001,4,Polo básico,Ropa,6,Jockey Plaza,0,0,8,0,8
20260214,2026-02-14,2026,2,February,4,A10001,4,Polo básico,Ropa,6,Jockey Plaza,0,0,8,0,8
20260215,2026-02-15,2026,2,February,4,A10001,4,Polo básico,Ropa,6,Jockey Plaza,0,0,8,0,8
20260216,2026-02-16,2026,2,February,4,A10001,4,Polo básico,Ropa,6,Jockey Plaza,0,0,8,0,8
20260217,2026-02-17,2026,2,February,4,A10001,4,Polo básico,Ropa,6,Jockey Plaza,0,0,8,0,8
20260218,2026-02-18,2026,2,February,4,A10001,4,Polo básico,Ropa,6,Jockey Plaza,0,0,8,0,8
20260219,2026-02-19,2026,2,February,4,A10001,4,Polo básico,Ropa,6,Jockey Plaza,0,0,8,0,8
20260220,2026-02-20,2026,2,February,4,A10001,4,Polo básico,Ropa,6,Jockey Plaza,0,0,8,0,8
20260221,2026-02-21,2026,2,February,4,A10001,4,Polo básico,Ropa,6,Jockey Plaza,0,0,8,0,8
20260222,2026-02-22,2026,2,February,4,A10001,4,Polo básico,Ropa,6,Jockey Plaza,0,0,8,0,8
20260223,2026-02-23,2026,2,February,4,A10001,4,Polo básico,Ropa,6,Jockey Plaza,0,0,8,0,8
20260224,2026-02-24,2026,2,February,4,A10001,4,Polo básico,Ropa,6,Jockey Plaza,0,0,8,0,8
20260225,2026-02-25,2026,2,February,4,A10001,4,Polo básico,Ropa,6,Jockey Plaza,0,0,8,0,8
20260226,2026-02-26,2026,2,February,4,A10001,4,Polo básico,Ropa,6,Jockey Plaza,0,0,8,0,8
20260227,2026-02-27,2026,2,February,4,A10001,4,Polo básico,Ropa,6,Jockey Plaza,0,0,8,0,8
20260228,2026-02-28,2026,2,February,4,A10001,4,Polo básico,Ropa,6,Jockey Plaza,0,0,8,0,8
20260301,2026-03-01,2026,3,March,4,A10001,4,Polo básico,Ropa,6,Jockey Plaza,0,0,8,0,8
20260302,2026-03-02,2026,3,March,4,A10001,4,Polo básico,Ropa,6,Jockey Plaza,0,0,8,0,8
20260303,2026-03-03,2026,3,March,4,A10001,4,Polo básico,Ropa,6,Jockey Plaza,0,0,8,0,8
20260304,2026-03-04,2026,3,March,4,A10001,4,Polo básico,Ropa,6,Jockey Plaza,0,0,8,0,8
20260305,2026-03-05,2026,3,March,4,A10001,4,Polo básico,Ropa,6,Jockey Plaza,0,0,8,0,8
20260306,2026-03-06,2026,3,March,4,A10001,4,Polo básico,Ropa,6,Jockey Plaza,0,0,8,0,8
20260307,2026-03-07,2026,3,March,4,A10001,4,Polo básico,Ropa,6,Jockey Plaza,0,0,8,0,8
20260308,2026-03-08,2026,3,March,4,A10001,4,Polo básico,Ropa,6,Jockey Plaza,0,0,8,0,8
20260309,2026-03-09,2026,3,March,4,A10001,4,Polo básico,Ropa,6,Jockey Plaza,0,0,8,0,8
20260310,2026-03-10,2026,3,March,4,A10001,4,Polo básico,Ropa,6,Jockey Plaza,0,0,8,0,8
20260311,2026-03-11,2026,3,March,4,A10001,4,Polo básico,Ropa,6,Jockey Plaza,0,0,8,0,8
20260312,2026-03-12,2026,3,March,4,A10001,4,Polo básico,Ropa,6,Jockey Plaza,0,0,8,0,8
20260313,2026-03-13,2026,3,March,4,A10001,4,Polo básico,Ropa,6,Jockey Plaza,0,0,8,0,8
20260314,2026-03-14,2026,3,March,4,A10001,4,Polo básico,Ropa,6,Jockey Plaza,0,0,8,0,8
20260315,2026-03-15,2026,3,March,4,A10001,4,Polo básico,Ropa,6,Jockey Plaza,0,0,8,0,8
20260316,2026-03-16,2026,3,March,4,A10001,4,Polo básico,Ropa,6,Jockey Plaza,0,0,8,0,8
20260317,2026-03-17,2026,3,March,4,A10001,4,Polo básico,Ropa,6,Jockey Plaza,0,0,8,0,8
20260318,2026-03-18,2026,3,March,4,A10001,4,Polo básico,Ropa,6,Jockey Plaza,0,0,8,0,8
20260319,2026-03-19,2026,3,March,4,A10001,4,Polo básico,Ropa,6,Jockey Plaza,0,0,8,0,8
20260320,2026-03-20,2026,3,March,4,A10001,4,Polo básico,Ropa,6,Jockey Plaza,0,0,8,0,8
20260321,2026-03-21,2026,3,March,4,A10001,4,Polo básico,Ropa,6,Jockey Plaza,0,0,8,0,8
20260322,2026-03-22,2026,3,March,4,A10001,4,Polo básico,Ropa,6,Jockey Plaza,0,0,8,0,8
20260323,2026-03-23,2026,3,March,4,A10001,4,Polo básico,Ropa,6,Jockey Plaza,0,0,8,0,8
20260324,2026-03-24,2026,3,March,4,A10001,4,Polo básico,Ropa,6,Jockey Plaza,0,0,8,0,8
20260325,2026-03-25,2026,3,March,4,A10001,4,Polo básico,Ropa,6,Jockey Plaza,0,0,8,0,8
20260326,2026-03-26,2026,3,March,4,A10001,4,Polo básico,Ropa,6,Jockey Plaza,0,0,8,0,8
20260327,2026-03-27,2026,3,March,4,A10001,4,Polo básico,Ropa,6,Jockey Plaza,0,0,8,0,8
20260328,2026-03-28,2026,3,March,4,A10001,4,Polo básico,Ropa,6,Jockey Plaza,0,0,8,0,8
20260329,2026-03-29,2026,3,March,4,A10001,4,Polo básico,Ropa,6,Jockey Plaza,0,0,8,0,8
20260330,2026-03-30,2026,3,March,4,A10001,4,Polo básico,Ropa,6,Jockey Plaza,0,0,8,0,8
20260331,2026-03-31,2026,3,March,4,A10001,4,Polo básico,Ropa,6,Jockey Plaza,0,0,8,0,8
20260101,2026-01-01,2026,1,January,4,A10001,4,Polo básico,Ropa,7,Real Plaza Arequipa,11,0,11,0,11
20260102,2026-01-02,2026,1,Enero,4,A10001,4,Polo básico,Ropa,7,Real Plaza Arequipa,0,0,11,0,11
20260103,2026-01-03,2026,1,Enero,4,A10001,4,Polo básico,Ropa,7,Real Plaza Arequipa,0,0,11,0,11
20260104,2026-01-04,2026,1,Enero,4,A10001,4,Polo básico,Ropa,7,Real Plaza Arequipa,0,0,11,0,11
20260105,2026-01-05,2026,1,January,4,A10001,4,Polo básico,Ropa,7,Real Plaza Arequipa,-1,0,10,0,10
20260106,2026-01-06,2026,1,January,4,A10001,4,Polo básico,Ropa,7,Real Plaza Arequipa,0,0,10,0,10
20260107,2026-01-07,2026,1,January,4,A10001,4,Polo básico,Ropa,7,Real Plaza Arequipa,0,0,10,0,10
20260108,2026-01-08,2026,1,January,4,A10001,4,Polo básico,Ropa,7,Real Plaza Arequipa,0,0,10,0,10
20260109,2026-01-09,2026,1,January,4,A10001,4,Polo básico,Ropa,7,Real Plaza Arequipa,0,0,10,0,10
20260110,2026-01-10,2026,1,January,4,A10001,4,Polo básico,Ropa,7,Real Plaza Arequipa,0,0,10,0,10
20260111,2026-01-11,2026,1,January,4,A10001,4,Polo básico,Ropa,7,Real Plaza Arequipa,0,0,10,0,10
20260112,2026-01-12,2026,1,January,4,A10001,4,Polo básico,Ropa,7,Real Plaza Arequipa,0,0,10,0,10
20260113,2026-01-13,2026,1,January,4,A10001,4,Polo básico,Ropa,7,Real Plaza Arequipa,0,0,10,0,10
20260114,2026-01-14,2026,1,January,4,A10001,4,Polo básico,Ropa,7,Real Plaza Arequipa,0,0,10,0,10
20260115,2026-01-15,2026,1,January,4,A10001,4,Polo básico,Ropa,7,Real Plaza Arequipa,0,0,10,0,10
20260116,2026-01-16,2026,1,January,4,A10001,4,Polo básico,Ropa,7,Real Plaza Arequipa,0,0,10,0,10
20260117,2026-01-17,2026,1,January,4,A10001,4,Polo básico,Ropa,7,Real Plaza Arequipa,0,0,10,0,10
20260118,2026-01-18,2026,1,January,4,A10001,4,Polo básico,Ropa,7,Real Plaza Arequipa,0,0,10,0,10
20260119,2026-01-19,2026,1,January,4,A10001,4,Polo básico,Ropa,7,Real Plaza Arequipa,0,0,10,0,10
20260120,2026-01-20,2026,1,January,4,A10001,4,Polo básico,Ropa,7,Real Plaza Arequipa,0,0,10,0,10
20260121,2026-01-21,2026,1,January,4,A10001,4,Polo básico,Ropa,7,Real Plaza Arequipa,0,0,10,0,10
20260122,2026-01-22,2026,1,January,4,A10001,4,Polo básico,Ropa,7,Real Plaza Arequipa,0,0,10,0,10
20260123,2026-01-23,2026,1,January,4,A10001,4,Polo básico,Ropa,7,Real Plaza Arequipa,0,0,10,0,10
20260124,2026-01-24,2026,1,January,4,A10001,4,Polo básico,Ropa,7,Real Plaza Arequipa,0,0,10,0,10
20260125,2026-01-25,2026,1,January,4,A10001,4,Polo básico,Ropa,7,Real Plaza Arequipa,0,0,10,0,10
20260126,2026-01-26,2026,1,January,4,A10001,4,Polo básico,Ropa,7,Real Plaza Arequipa,0,0,10,0,10
20260127,2026-01-27,2026,1,January,4,A10001,4,Polo básico,Ropa,7,Real Plaza Arequipa,0,0,10,0,10
20260128,2026-01-28,2026,1,January,4,A10001,4,Polo básico,Ropa,7,Real Plaza Arequipa,0,0,10,0,10
20260129,2026-01-29,2026,1,January,4,A10001,4,Polo básico,Ropa,7,Real Plaza Arequipa,0,0,10,0,10
20260130,2026-01-30,2026,1,January,4,A10001,4,Polo básico,Ropa,7,Real Plaza Arequipa,0,0,10,0,10
20260131,2026-01-31,2026,1,January,4,A10001,4,Polo básico,Ropa,7,Real Plaza Arequipa,0,0,10,0,10
20260201,2026-02-01,2026,2,February,4,A10001,4,Polo básico,Ropa,7,Real Plaza Arequipa,0,0,10,0,10
20260202,2026-02-02,2026,2,February,4,A10001,4,Polo básico,Ropa,7,Real Plaza Arequipa,0,0,10,0,10
20260203,2026-02-03,2026,2,February,4,A10001,4,Polo básico,Ropa,7,Real Plaza Arequipa,0,0,10,0,10
20260204,2026-02-04,2026,2,February,4,A10001,4,Polo básico,Ropa,7,Real Plaza Arequipa,-3,0,7,0,7
20260205,2026-02-05,2026,2,February,4,A10001,4,Polo básico,Ropa,7,Real Plaza Arequipa,0,0,7,0,7
20260206,2026-02-06,2026,2,February,4,A10001,4,Polo básico,Ropa,7,Real Plaza Arequipa,0,0,7,0,7
20260207,2026-02-07,2026,2,February,4,A10001,4,Polo básico,Ropa,7,Real Plaza Arequipa,0,0,7,0,7
20260208,2026-02-08,2026,2,February,4,A10001,4,Polo básico,Ropa,7,Real Plaza Arequipa,0,0,7,0,7
20260209,2026-02-09,2026,2,February,4,A10001,4,Polo básico,Ropa,7,Real Plaza Arequipa,0,0,7,0,7
20260210,2026-02-10,2026,2,February,4,A10001,4,Polo básico,Ropa,7,Real Plaza Arequipa,0,0,7,0,7
20260211,2026-02-11,2026,2,February,4,A10001,4,Polo básico,Ropa,7,Real Plaza Arequipa,-1,0,6,0,6
20260212,2026-02-12,2026,2,February,4,A10001,4,Polo básico,Ropa,7,Real Plaza Arequipa,0,0,6,0,6
20260213,2026-02-13,2026,2,February,4,A10001,4,Polo básico,Ropa,7,Real Plaza Arequipa,0,0,6,0,6
20260214,2026-02-14,2026,2,February,4,A10001,4,Polo básico,Ropa,7,Real Plaza Arequipa,0,0,6,0,6
20260215,2026-02-15,2026,2,February,4,A10001,4,Polo básico,Ropa,7,Real Plaza Arequipa,0,0,6,0,6
20260216,2026-02-16,2026,2,February,4,A10001,4,Polo básico,Ropa,7,Real Plaza Arequipa,-3,0,3,0,3
20260217,2026-02-17,2026,2,February,4,A10001,4,Polo básico,Ropa,7,Real Plaza Arequipa,0,0,3,0,3
20260218,2026-02-18,2026,2,February,4,A10001,4,Polo básico,Ropa,7,Real Plaza Arequipa,-2,0,1,0,1
20260219,2026-02-19,2026,2,February,4,A10001,4,Polo básico,Ropa,7,Real Plaza Arequipa,0,0,1,0,1
20260220,2026-02-20,2026,2,February,4,A10001,4,Polo básico,Ropa,7,Real Plaza Arequipa,0,0,1,0,1
20260221,2026-02-21,2026,2,February,4,A10001,4,Polo básico,Ropa,7,Real Plaza Arequipa,0,0,1,0,1
20260222,2026-02-22,2026,2,February,4,A10001,4,Polo básico,Ropa,7,Real Plaza Arequipa,0,0,1,0,1
20260223,2026-02-23,2026,2,February,4,A10001,4,Polo básico,Ropa,7,Real Plaza Arequipa,0,0,1,0,1
20260224,2026-02-24,2026,2,February,4,A10001,4,Polo básico,Ropa,7,Real Plaza Arequipa,0,0,1,0,1
20260225,2026-02-25,2026,2,February,4,A10001,4,Polo básico,Ropa,7,Real Plaza Arequipa,0,0,1,0,1
20260226,2026-02-26,2026,2,February,4,A10001,4,Polo básico,Ropa,7,Real Plaza Arequipa,0,0,1,0,1
20260227,2026-02-27,2026,2,February,4,A10001,4,Polo básico,Ropa,7,Real Plaza Arequipa,0,0,1,0,1
20260228,2026-02-28,2026,2,February,4,A10001,4,Polo básico,Ropa,7,Real Plaza Arequipa,0,0,1,0,1
20260301,2026-03-01,2026,3,March,4,A10001,4,Polo básico,Ropa,7,Real Plaza Arequipa,0,0,1,0,1
20260302,2026-03-02,2026,3,March,4,A10001,4,Polo básico,Ropa,7,Real Plaza Arequipa,0,0,1,0,1
20260303,2026-03-03,2026,3,March,4,A10001,4,Polo básico,Ropa,7,Real Plaza Arequipa,0,0,1,0,1
20260304,2026-03-04,2026,3,March,4,A10001,4,Polo básico,Ropa,7,Real Plaza Arequipa,-1,0,0,0,0
20260305,2026-03-05,2026,3,March,4,A10001,4,Polo básico,Ropa,7,Real Plaza Arequipa,0,0,0,0,0
20260306,2026-03-06,2026,3,March,4,A10001,4,Polo básico,Ropa,7,Real Plaza Arequipa,0,0,0,0,0
20260307,2026-03-07,2026,3,March,4,A10001,4,Polo básico,Ropa,7,Real Plaza Arequipa,0,0,0,0,0
20260308,2026-03-08,2026,3,March,4,A10001,4,Polo básico,Ropa,7,Real Plaza Arequipa,0,0,0,0,0
20260309,2026-03-09,2026,3,March,4,A10001,4,Polo básico,Ropa,7,Real Plaza Arequipa,0,0,0,0,0
20260310,2026-03-10,2026,3,March,4,A10001,4,Polo básico,Ropa,7,Real Plaza Arequipa,0,0,0,0,0
20260311,2026-03-11,2026,3,March,4,A10001,4,Polo básico,Ropa,7,Real Plaza Arequipa,0,0,0,0,0
20260312,2026-03-12,2026,3,March,4,A10001,4,Polo básico,Ropa,7,Real Plaza Arequipa,0,0,0,0,0
20260313,2026-03-13,2026,3,March,4,A10001,4,Polo básico,Ropa,7,Real Plaza Arequipa,0,0,0,0,0
20260314,2026-03-14,2026,3,March,4,A10001,4,Polo básico,Ropa,7,Real Plaza Arequipa,0,0,0,0,0
20260315,2026-03-15,2026,3,March,4,A10001,4,Polo básico,Ropa,7,Real Plaza Arequipa,0,0,0,0,0
20260316,2026-03-16,2026,3,March,4,A10001,4,Polo básico,Ropa,7,Real Plaza Arequipa,0,0,0,0,0
20260317,2026-03-17,2026,3,March,4,A10001,4,Polo básico,Ropa,7,Real Plaza Arequipa,0,0,0,0,0
20260318,2026-03-18,2026,3,March,4,A10001,4,Polo básico,Ropa,7,Real Plaza Arequipa,0,0,0,0,0
20260319,2026-03-19,2026,3,March,4,A10001,4,Polo básico,Ropa,7,Real Plaza Arequipa,0,0,0,0,0
20260320,2026-03-20,2026,3,March,4,A10001,4,Polo básico,Ropa,7,Real Plaza Arequipa,0,0,0,0,0
20260321,2026-03-21,2026,3,March,4,A10001,4,Polo básico,Ropa,7,Real Plaza Arequipa,0,0,0,0,0
20260322,2026-03-22,2026,3,March,4,A10001,4,Polo básico,Ropa,7,Real Plaza Arequipa,0,0,0,0,0
20260323,2026-03-23,2026,3,March,4,A10001,4,Polo básico,Ropa,7,Real Plaza Arequipa,0,0,0,0,0
20260324,2026-03-24,2026,3,March,4,A10001,4,Polo básico,Ropa,7,Real Plaza Arequipa,0,0,0,0,0
20260325,2026-03-25,2026,3,March,4,A10001,4,Polo básico,Ropa,7,Real Plaza Arequipa,0,0,0,0,0
20260326,2026-03-26,2026,3,March,4,A10001,4,Polo básico,Ropa,7,Real Plaza Arequipa,0,0,0,0,0
20260327,2026-03-27,2026,3,March,4,A10001,4,Polo básico,Ropa,7,Real Plaza Arequipa,0,0,0,0,0
20260328,2026-03-28,2026,3,March,4,A10001,4,Polo básico,Ropa,7,Real Plaza Arequipa,0,0,0,0,0
20260329,2026-03-29,2026,3,March,4,A10001,4,Polo básico,Ropa,7,Real Plaza Arequipa,0,0,0,0,0
20260330,2026-03-30,2026,3,March,4,A10001,4,Polo básico,Ropa,7,Real Plaza Arequipa,0,0,0,0,0
20260331,2026-03-31,2026,3,March,4,A10001,4,Polo básico,Ropa,7,Real Plaza Arequipa,0,0,0,0,0
20260101,2026-01-01,2026,1,January,4,A10001,4,Polo básico,Ropa,8,Mall Aventura Trujillo,0,0,0,0,0
20260102,2026-01-02,2026,1,Enero,4,A10001,4,Polo básico,Ropa,8,Mall Aventura Trujillo,0,0,0,0,0
20260103,2026-01-03,2026,1,Enero,4,A10001,4,Polo básico,Ropa,8,Mall Aventura Trujillo,0,0,0,0,0
20260104,2026-01-04,2026,1,Enero,4,A10001,4,Polo básico,Ropa,8,Mall Aventura Trujillo,0,0,0,0,0
20260105,2026-01-05,2026,1,January,4,A10001,4,Polo básico,Ropa,8,Mall Aventura Trujillo,0,0,0,0,0
20260106,2026-01-06,2026,1,January,4,A10001,4,Polo básico,Ropa,8,Mall Aventura Trujillo,0,0,0,0,0
20260107,2026-01-07,2026,1,January,4,A10001,4,Polo básico,Ropa,8,Mall Aventura Trujillo,0,0,0,0,0
20260108,2026-01-08,2026,1,January,4,A10001,4,Polo básico,Ropa,8,Mall Aventura Trujillo,0,0,0,0,0
20260109,2026-01-09,2026,1,January,4,A10001,4,Polo básico,Ropa,8,Mall Aventura Trujillo,0,0,0,0,0
20260110,2026-01-10,2026,1,January,4,A10001,4,Polo básico,Ropa,8,Mall Aventura Trujillo,0,0,0,0,0
20260111,2026-01-11,2026,1,January,4,A10001,4,Polo básico,Ropa,8,Mall Aventura Trujillo,0,0,0,0,0
20260112,2026-01-12,2026,1,January,4,A10001,4,Polo básico,Ropa,8,Mall Aventura Trujillo,0,0,0,0,0
20260113,2026-01-13,2026,1,January,4,A10001,4,Polo básico,Ropa,8,Mall Aventura Trujillo,0,0,0,0,0
20260114,2026-01-14,2026,1,January,4,A10001,4,Polo básico,Ropa,8,Mall Aventura Trujillo,0,0,0,0,0
20260115,2026-01-15,2026,1,January,4,A10001,4,Polo básico,Ropa,8,Mall Aventura Trujillo,0,0,0,0,0
20260116,2026-01-16,2026,1,January,4,A10001,4,Polo básico,Ropa,8,Mall Aventura Trujillo,0,0,0,0,0
20260117,2026-01-17,2026,1,January,4,A10001,4,Polo básico,Ropa,8,Mall Aventura Trujillo,0,0,0,0,0
20260118,2026-01-18,2026,1,January,4,A10001,4,Polo básico,Ropa,8,Mall Aventura Trujillo,0,0,0,0,0
20260119,2026-01-19,2026,1,January,4,A10001,4,Polo básico,Ropa,8,Mall Aventura Trujillo,0,0,0,0,0
20260120,2026-01-20,2026,1,January,4,A10001,4,Polo básico,Ropa,8,Mall Aventura Trujillo,0,0,0,0,0
20260121,2026-01-21,2026,1,January,4,A10001,4,Polo básico,Ropa,8,Mall Aventura Trujillo,0,0,0,0,0
20260122,2026-01-22,2026,1,January,4,A10001,4,Polo básico,Ropa,8,Mall Aventura Trujillo,0,0,0,0,0
20260123,2026-01-23,2026,1,January,4,A10001,4,Polo básico,Ropa,8,Mall Aventura Trujillo,0,0,0,0,0
20260124,2026-01-24,2026,1,January,4,A10001,4,Polo básico,Ropa,8,Mall Aventura Trujillo,0,0,0,0,0
20260125,2026-01-25,2026,1,January,4,A10001,4,Polo básico,Ropa,8,Mall Aventura Trujillo,0,0,0,0,0
20260126,2026-01-26,2026,1,January,4,A10001,4,Polo básico,Ropa,8,Mall Aventura Trujillo,0,0,0,0,0
20260127,2026-01-27,2026,1,January,4,A10001,4,Polo básico,Ropa,8,Mall Aventura Trujillo,0,0,0,0,0
20260128,2026-01-28,2026,1,January,4,A10001,4,Polo básico,Ropa,8,Mall Aventura Trujillo,0,0,0,0,0
20260129,2026-01-29,2026,1,January,4,A10001,4,Polo básico,Ropa,8,Mall Aventura Trujillo,0,0,0,0,0
20260130,2026-01-30,2026,1,January,4,A10001,4,Polo básico,Ropa,8,Mall Aventura Trujillo,0,0,0,0,0
20260131,2026-01-31,2026,1,January,4,A10001,4,Polo básico,Ropa,8,Mall Aventura Trujillo,0,0,0,0,0
20260201,2026-02-01,2026,2,February,4,A10001,4,Polo básico,Ropa,8,Mall Aventura Trujillo,0,0,0,0,0
20260202,2026-02-02,2026,2,February,4,A10001,4,Polo básico,Ropa,8,Mall Aventura Trujillo,0,0,0,0,0
20260203,2026-02-03,2026,2,February,4,A10001,4,Polo básico,Ropa,8,Mall Aventura Trujillo,0,0,0,0,0
20260204,2026-02-04,2026,2,February,4,A10001,4,Polo básico,Ropa,8,Mall Aventura Trujillo,0,0,0,0,0
20260205,2026-02-05,2026,2,February,4,A10001,4,Polo básico,Ropa,8,Mall Aventura Trujillo,0,0,0,0,0
20260206,2026-02-06,2026,2,February,4,A10001,4,Polo básico,Ropa,8,Mall Aventura Trujillo,0,0,0,0,0
20260207,2026-02-07,2026,2,February,4,A10001,4,Polo básico,Ropa,8,Mall Aventura Trujillo,0,0,0,0,0
20260208,2026-02-08,2026,2,February,4,A10001,4,Polo básico,Ropa,8,Mall Aventura Trujillo,0,0,0,0,0
20260209,2026-02-09,2026,2,February,4,A10001,4,Polo básico,Ropa,8,Mall Aventura Trujillo,0,0,0,0,0
20260210,2026-02-10,2026,2,February,4,A10001,4,Polo básico,Ropa,8,Mall Aventura Trujillo,0,0,0,0,0
20260211,2026-02-11,2026,2,February,4,A10001,4,Polo básico,Ropa,8,Mall Aventura Trujillo,0,0,0,0,0
20260212,2026-02-12,2026,2,February,4,A10001,4,Polo básico,Ropa,8,Mall Aventura Trujillo,0,0,0,0,0
20260213,2026-02-13,2026,2,February,4,A10001,4,Polo básico,Ropa,8,Mall Aventura Trujillo,0,0,0,0,0
20260214,2026-02-14,2026,2,February,4,A10001,4,Polo básico,Ropa,8,Mall Aventura Trujillo,0,0,0,0,0
20260215,2026-02-15,2026,2,February,4,A10001,4,Polo básico,Ropa,8,Mall Aventura Trujillo,0,0,0,0,0
20260216,2026-02-16,2026,2,February,4,A10001,4,Polo básico,Ropa,8,Mall Aventura Trujillo,0,0,0,0,0
20260217,2026-02-17,2026,2,February,4,A10001,4,Polo básico,Ropa,8,Mall Aventura Trujillo,0,0,0,0,0
20260218,2026-02-18,2026,2,February,4,A10001,4,Polo básico,Ropa,8,Mall Aventura Trujillo,0,0,0,0,0
20260219,2026-02-19,2026,2,February,4,A10001,4,Polo básico,Ropa,8,Mall Aventura Trujillo,0,0,0,0,0
20260220,2026-02-20,2026,2,February,4,A10001,4,Polo básico,Ropa,8,Mall Aventura Trujillo,0,0,0,0,0
20260221,2026-02-21,2026,2,February,4,A10001,4,Polo básico,Ropa,8,Mall Aventura Trujillo,0,0,0,0,0
20260222,2026-02-22,2026,2,February,4,A10001,4,Polo básico,Ropa,8,Mall Aventura Trujillo,0,0,0,0,0
20260223,2026-02-23,2026,2,February,4,A10001,4,Polo básico,Ropa,8,Mall Aventura Trujillo,0,0,0,0,0
20260224,2026-02-24,2026,2,February,4,A10001,4,Polo básico,Ropa,8,Mall Aventura Trujillo,0,0,0,0,0
20260225,2026-02-25,2026,2,February,4,A10001,4,Polo básico,Ropa,8,Mall Aventura Trujillo,0,0,0,0,0
20260226,2026-02-26,2026,2,February,4,A10001,4,Polo básico,Ropa,8,Mall Aventura Trujillo,0,0,0,0,0
20260227,2026-02-27,2026,2,February,4,A10001,4,Polo básico,Ropa,8,Mall Aventura Trujillo,0,0,0,0,0
20260228,2026-02-28,2026,2,February,4,A10001,4,Polo básico,Ropa,8,Mall Aventura Trujillo,0,0,0,0,0
20260301,2026-03-01,2026,3,March,4,A10001,4,Polo básico,Ropa,8,Mall Aventura Trujillo,0,0,0,0,0
20260302,2026-03-02,2026,3,March,4,A10001,4,Polo básico,Ropa,8,Mall Aventura Trujillo,0,0,0,0,0
20260303,2026-03-03,2026,3,March,4,A10001,4,Polo básico,Ropa,8,Mall Aventura Trujillo,0,0,0,0,0
20260304,2026-03-04,2026,3,March,4,A10001,4,Polo básico,Ropa,8,Mall Aventura Trujillo,0,0,0,0,0
20260305,2026-03-05,2026,3,March,4,A10001,4,Polo básico,Ropa,8,Mall Aventura Trujillo,0,0,0,0,0
20260306,2026-03-06,2026,3,March,4,A10001,4,Polo básico,Ropa,8,Mall Aventura Trujillo,0,0,0,0,0
20260307,2026-03-07,2026,3,March,4,A10001,4,Polo básico,Ropa,8,Mall Aventura Trujillo,0,0,0,0,0
20260308,2026-03-08,2026,3,March,4,A10001,4,Polo básico,Ropa,8,Mall Aventura Trujillo,0,0,0,0,0
20260309,2026-03-09,2026,3,March,4,A10001,4,Polo básico,Ropa,8,Mall Aventura Trujillo,0,0,0,0,0
20260310,2026-03-10,2026,3,March,4,A10001,4,Polo básico,Ropa,8,Mall Aventura Trujillo,0,0,0,0,0
20260311,2026-03-11,2026,3,March,4,A10001,4,Polo básico,Ropa,8,Mall Aventura Trujillo,0,0,0,0,0
20260312,2026-03-12,2026,3,March,4,A10001,4,Polo básico,Ropa,8,Mall Aventura Trujillo,0,0,0,0,0
20260313,2026-03-13,2026,3,March,4,A10001,4,Polo básico,Ropa,8,Mall Aventura Trujillo,0,0,0,0,0
20260314,2026-03-14,2026,3,March,4,A10001,4,Polo básico,Ropa,8,Mall Aventura Trujillo,0,0,0,0,0
20260315,2026-03-15,2026,3,March,4,A10001,4,Polo básico,Ropa,8,Mall Aventura Trujillo,0,0,0,0,0
20260316,2026-03-16,2026,3,March,4,A10001,4,Polo básico,Ropa,8,Mall Aventura Trujillo,0,0,0,0,0
20260317,2026-03-17,2026,3,March,4,A10001,4,Polo básico,Ropa,8,Mall Aventura Trujillo,0,0,0,0,0
20260318,2026-03-18,2026,3,March,4,A10001,4,Polo básico,Ropa,8,Mall Aventura Trujillo,0,0,0,0,0
20260319,2026-03-19,2026,3,March,4,A10001,4,Polo básico,Ropa,8,Mall Aventura Trujillo,0,0,0,0,0
20260320,2026-03-20,2026,3,March,4,A10001,4,Polo básico,Ropa,8,Mall Aventura Trujillo,0,0,0,0,0
20260321,2026-03-21,2026,3,March,4,A10001,4,Polo básico,Ropa,8,Mall Aventura Trujillo,0,0,0,0,0
20260322,2026-03-22,2026,3,March,4,A10001,4,Polo básico,Ropa,8,Mall Aventura Trujillo,0,0,0,0,0
20260323,2026-03-23,2026,3,March,4,A10001,4,Polo básico,Ropa,8,Mall Aventura Trujillo,0,0,0,0,0
20260324,2026-03-24,2026,3,March,4,A10001,4,Polo básico,Ropa,8,Mall Aventura Trujillo,0,0,0,0,0
20260325,2026-03-25,2026,3,March,4,A10001,4,Polo básico,Ropa,8,Mall Aventura Trujillo,0,0,0,0,0
20260326,2026-03-26,2026,3,March,4,A10001,4,Polo básico,Ropa,8,Mall Aventura Trujillo,0,0,0,0,0
20260327,2026-03-27,2026,3,March,4,A10001,4,Polo básico,Ropa,8,Mall Aventura Trujillo,0,0,0,0,0
20260328,2026-03-28,2026,3,March,4,A10001,4,Polo básico,Ropa,8,Mall Aventura Trujillo,0,0,0,0,0
20260329,2026-03-29,2026,3,March,4,A10001,4,Polo básico,Ropa,8,Mall Aventura Trujillo,0,0,0,0,0
20260330,2026-03-30,2026,3,March,4,A10001,4,Polo básico,Ropa,8,Mall Aventura Trujillo,0,0,0,0,0
20260331,2026-03-31,2026,3,March,4,A10001,4,Polo básico,Ropa,8,Mall Aventura Trujillo,0,0,0,0,0
20260101,2026-01-01,2026,1,January,5,A10002,4,Polo básico,Ropa,5,Web Nacional,0,0,0,0,0
20260102,2026-01-02,2026,1,Enero,5,A10002,4,Polo básico,Ropa,5,Web Nacional,0,0,0,0,0
20260103,2026-01-03,2026,1,Enero,5,A10002,4,Polo básico,Ropa,5,Web Nacional,0,0,0,0,0
20260104,2026-01-04,2026,1,Enero,5,A10002,4,Polo básico,Ropa,5,Web Nacional,0,0,0,0,0
20260105,2026-01-05,2026,1,January,5,A10002,4,Polo básico,Ropa,5,Web Nacional,0,0,0,0,0
20260106,2026-01-06,2026,1,January,5,A10002,4,Polo básico,Ropa,5,Web Nacional,0,0,0,0,0
20260107,2026-01-07,2026,1,January,5,A10002,4,Polo básico,Ropa,5,Web Nacional,0,0,0,0,0
20260108,2026-01-08,2026,1,January,5,A10002,4,Polo básico,Ropa,5,Web Nacional,0,0,0,0,0
20260109,2026-01-09,2026,1,January,5,A10002,4,Polo básico,Ropa,5,Web Nacional,0,0,0,0,0
20260110,2026-01-10,2026,1,January,5,A10002,4,Polo básico,Ropa,5,Web Nacional,0,0,0,0,0
20260111,2026-01-11,2026,1,January,5,A10002,4,Polo básico,Ropa,5,Web Nacional,0,0,0,0,0
20260112,2026-01-12,2026,1,January,5,A10002,4,Polo básico,Ropa,5,Web Nacional,0,0,0,0,0
20260113,2026-01-13,2026,1,January,5,A10002,4,Polo básico,Ropa,5,Web Nacional,0,0,0,0,0
20260114,2026-01-14,2026,1,January,5,A10002,4,Polo básico,Ropa,5,Web Nacional,0,0,0,0,0
20260115,2026-01-15,2026,1,January,5,A10002,4,Polo básico,Ropa,5,Web Nacional,0,0,0,0,0
20260116,2026-01-16,2026,1,January,5,A10002,4,Polo básico,Ropa,5,Web Nacional,0,0,0,0,0
20260117,2026-01-17,2026,1,January,5,A10002,4,Polo básico,Ropa,5,Web Nacional,0,0,0,0,0
20260118,2026-01-18,2026,1,January,5,A10002,4,Polo básico,Ropa,5,Web Nacional,0,0,0,0,0
20260119,2026-01-19,2026,1,January,5,A10002,4,Polo básico,Ropa,5,Web Nacional,0,0,0,0,0
20260120,2026-01-20,2026,1,January,5,A10002,4,Polo básico,Ropa,5,Web Nacional,0,0,0,0,0
20260121,2026-01-21,2026,1,January,5,A10002,4,Polo básico,Ropa,5,Web Nacional,0,0,0,0,0
20260122,2026-01-22,2026,1,January,5,A10002,4,Polo básico,Ropa,5,Web Nacional,0,0,0,0,0
20260123,2026-01-23,2026,1,January,5,A10002,4,Polo básico,Ropa,5,Web Nacional,0,0,0,0,0
20260124,2026-01-24,2026,1,January,5,A10002,4,Polo básico,Ropa,5,Web Nacional,0,0,0,0,0
20260125,2026-01-25,2026,1,January,5,A10002,4,Polo básico,Ropa,5,Web Nacional,0,0,0,0,0
20260126,2026-01-26,2026,1,January,5,A10002,4,Polo básico,Ropa,5,Web Nacional,0,0,0,0,0
20260127,2026-01-27,2026,1,January,5,A10002,4,Polo básico,Ropa,5,Web Nacional,0,0,0,0,0
20260128,2026-01-28,2026,1,January,5,A10002,4,Polo básico,Ropa,5,Web Nacional,0,0,0,0,0
20260129,2026-01-29,2026,1,January,5,A10002,4,Polo básico,Ropa,5,Web Nacional,0,0,0,0,0
20260130,2026-01-30,2026,1,January,5,A10002,4,Polo básico,Ropa,5,Web Nacional,0,0,0,0,0
20260131,2026-01-31,2026,1,January,5,A10002,4,Polo básico,Ropa,5,Web Nacional,0,0,0,0,0
20260201,2026-02-01,2026,2,February,5,A10002,4,Polo básico,Ropa,5,Web Nacional,0,0,0,0,0
20260202,2026-02-02,2026,2,February,5,A10002,4,Polo básico,Ropa,5,Web Nacional,0,0,0,0,0
20260203,2026-02-03,2026,2,February,5,A10002,4,Polo básico,Ropa,5,Web Nacional,0,0,0,0,0
20260204,2026-02-04,2026,2,February,5,A10002,4,Polo básico,Ropa,5,Web Nacional,0,0,0,0,0
20260205,2026-02-05,2026,2,February,5,A10002,4,Polo básico,Ropa,5,Web Nacional,0,0,0,0,0
20260206,2026-02-06,2026,2,February,5,A10002,4,Polo básico,Ropa,5,Web Nacional,0,0,0,0,0
20260207,2026-02-07,2026,2,February,5,A10002,4,Polo básico,Ropa,5,Web Nacional,0,0,0,0,0
20260208,2026-02-08,2026,2,February,5,A10002,4,Polo básico,Ropa,5,Web Nacional,0,0,0,0,0
20260209,2026-02-09,2026,2,February,5,A10002,4,Polo básico,Ropa,5,Web Nacional,0,0,0,0,0
20260210,2026-02-10,2026,2,February,5,A10002,4,Polo básico,Ropa,5,Web Nacional,0,0,0,0,0
20260211,2026-02-11,2026,2,February,5,A10002,4,Polo básico,Ropa,5,Web Nacional,0,0,0,0,0
20260212,2026-02-12,2026,2,February,5,A10002,4,Polo básico,Ropa,5,Web Nacional,0,0,0,0,0
20260213,2026-02-13,2026,2,February,5,A10002,4,Polo básico,Ropa,5,Web Nacional,0,0,0,0,0
20260214,2026-02-14,2026,2,February,5,A10002,4,Polo básico,Ropa,5,Web Nacional,0,0,0,0,0
20260215,2026-02-15,2026,2,February,5,A10002,4,Polo básico,Ropa,5,Web Nacional,0,0,0,0,0
20260216,2026-02-16,2026,2,February,5,A10002,4,Polo básico,Ropa,5,Web Nacional,0,0,0,0,0
20260217,2026-02-17,2026,2,February,5,A10002,4,Polo básico,Ropa,5,Web Nacional,0,0,0,0,0
20260218,2026-02-18,2026,2,February,5,A10002,4,Polo básico,Ropa,5,Web Nacional,0,0,0,0,0
20260219,2026-02-19,2026,2,February,5,A10002,4,Polo básico,Ropa,5,Web Nacional,0,0,0,0,0
20260220,2026-02-20,2026,2,February,5,A10002,4,Polo básico,Ropa,5,Web Nacional,0,0,0,0,0
20260221,2026-02-21,2026,2,February,5,A10002,4,Polo básico,Ropa,5,Web Nacional,0,0,0,0,0
20260222,2026-02-22,2026,2,February,5,A10002,4,Polo básico,Ropa,5,Web Nacional,0,0,0,0,0
20260223,2026-02-23,2026,2,February,5,A10002,4,Polo básico,Ropa,5,Web Nacional,0,0,0,0,0
20260224,2026-02-24,2026,2,February,5,A10002,4,Polo básico,Ropa,5,Web Nacional,0,0,0,0,0
20260225,2026-02-25,2026,2,February,5,A10002,4,Polo básico,Ropa,5,Web Nacional,0,0,0,0,0
20260226,2026-02-26,2026,2,February,5,A10002,4,Polo básico,Ropa,5,Web Nacional,0,0,0,0,0
20260227,2026-02-27,2026,2,February,5,A10002,4,Polo básico,Ropa,5,Web Nacional,0,0,0,0,0
20260228,2026-02-28,2026,2,February,5,A10002,4,Polo básico,Ropa,5,Web Nacional,0,0,0,0,0
20260301,2026-03-01,2026,3,March,5,A10002,4,Polo básico,Ropa,5,Web Nacional,0,0,0,0,0
20260302,2026-03-02,2026,3,March,5,A10002,4,Polo básico,Ropa,5,Web Nacional,0,0,0,0,0
20260303,2026-03-03,2026,3,March,5,A10002,4,Polo básico,Ropa,5,Web Nacional,0,0,0,0,0
20260304,2026-03-04,2026,3,March,5,A10002,4,Polo básico,Ropa,5,Web Nacional,0,0,0,0,0
20260305,2026-03-05,2026,3,March,5,A10002,4,Polo básico,Ropa,5,Web Nacional,0,0,0,0,0
20260306,2026-03-06,2026,3,March,5,A10002,4,Polo básico,Ropa,5,Web Nacional,0,0,0,0,0
20260307,2026-03-07,2026,3,March,5,A10002,4,Polo básico,Ropa,5,Web Nacional,0,0,0,0,0
20260308,2026-03-08,2026,3,March,5,A10002,4,Polo básico,Ropa,5,Web Nacional,0,0,0,0,0
20260309,2026-03-09,2026,3,March,5,A10002,4,Polo básico,Ropa,5,Web Nacional,0,0,0,0,0
20260310,2026-03-10,2026,3,March,5,A10002,4,Polo básico,Ropa,5,Web Nacional,0,0,0,0,0
20260311,2026-03-11,2026,3,March,5,A10002,4,Polo básico,Ropa,5,Web Nacional,0,0,0,0,0
20260312,2026-03-12,2026,3,March,5,A10002,4,Polo básico,Ropa,5,Web Nacional,0,0,0,0,0
20260313,2026-03-13,2026,3,March,5,A10002,4,Polo básico,Ropa,5,Web Nacional,0,0,0,0,0
20260314,2026-03-14,2026,3,March,5,A10002,4,Polo básico,Ropa,5,Web Nacional,0,0,0,0,0
20260315,2026-03-15,2026,3,March,5,A10002,4,Polo básico,Ropa,5,Web Nacional,0,0,0,0,0
20260316,2026-03-16,2026,3,March,5,A10002,4,Polo básico,Ropa,5,Web Nacional,0,0,0,0,0
20260317,2026-03-17,2026,3,March,5,A10002,4,Polo básico,Ropa,5,Web Nacional,0,0,0,0,0
20260318,2026-03-18,2026,3,March,5,A10002,4,Polo básico,Ropa,5,Web Nacional,0,0,0,0,0
20260319,2026-03-19,2026,3,March,5,A10002,4,Polo básico,Ropa,5,Web Nacional,0,0,0,0,0
20260320,2026-03-20,2026,3,March,5,A10002,4,Polo básico,Ropa,5,Web Nacional,0,0,0,0,0
20260321,2026-03-21,2026,3,March,5,A10002,4,Polo básico,Ropa,5,Web Nacional,0,0,0,0,0
20260322,2026-03-22,2026,3,March,5,A10002,4,Polo básico,Ropa,5,Web Nacional,0,0,0,0,0
20260323,2026-03-23,2026,3,March,5,A10002,4,Polo básico,Ropa,5,Web Nacional,0,0,0,0,0
20260324,2026-03-24,2026,3,March,5,A10002,4,Polo básico,Ropa,5,Web Nacional,0,0,0,0,0
20260325,2026-03-25,2026,3,March,5,A10002,4,Polo básico,Ropa,5,Web Nacional,0,0,0,0,0
20260326,2026-03-26,2026,3,March,5,A10002,4,Polo básico,Ropa,5,Web Nacional,0,0,0,0,0
20260327,2026-03-27,2026,3,March,5,A10002,4,Polo básico,Ropa,5,Web Nacional,0,0,0,0,0
20260328,2026-03-28,2026,3,March,5,A10002,4,Polo básico,Ropa,5,Web Nacional,0,0,0,0,0
20260329,2026-03-29,2026,3,March,5,A10002,4,Polo básico,Ropa,5,Web Nacional,0,0,0,0,0
20260330,2026-03-30,2026,3,March,5,A10002,4,Polo básico,Ropa,5,Web Nacional,0,0,0,0,0
20260331,2026-03-31,2026,3,March,5,A10002,4,Polo básico,Ropa,5,Web Nacional,0,0,0,0,0
20260101,2026-01-01,2026,1,January,5,A10002,4,Polo básico,Ropa,6,Jockey Plaza,14,0,14,0,14
20260102,2026-01-02,2026,1,Enero,5,A10002,4,Polo básico,Ropa,6,Jockey Plaza,-2,0,12,0,12
20260103,2026-01-03,2026,1,Enero,5,A10002,4,Polo básico,Ropa,6,Jockey Plaza,0,0,12,0,12
20260104,2026-01-04,2026,1,Enero,5,A10002,4,Polo básico,Ropa,6,Jockey Plaza,0,0,12,0,12
20260105,2026-01-05,2026,1,January,5,A10002,4,Polo básico,Ropa,6,Jockey Plaza,0,0,12,0,12
20260106,2026-01-06,2026,1,January,5,A10002,4,Polo básico,Ropa,6,Jockey Plaza,0,0,12,0,12
20260107,2026-01-07,2026,1,January,5,A10002,4,Polo básico,Ropa,6,Jockey Plaza,-1,0,11,0,11
20260108,2026-01-08,2026,1,January,5,A10002,4,Polo básico,Ropa,6,Jockey Plaza,0,0,11,0,11
20260109,2026-01-09,2026,1,January,5,A10002,4,Polo básico,Ropa,6,Jockey Plaza,-2,0,9,0,9
20260110,2026-01-10,2026,1,January,5,A10002,4,Polo básico,Ropa,6,Jockey Plaza,0,0,9,0,9
20260111,2026-01-11,2026,1,January,5,A10002,4,Polo básico,Ropa,6,Jockey Plaza,0,0,9,0,9
20260112,2026-01-12,2026,1,January,5,A10002,4,Polo básico,Ropa,6,Jockey Plaza,0,0,9,0,9
20260113,2026-01-13,2026,1,January,5,A10002,4,Polo básico,Ropa,6,Jockey Plaza,0,0,9,0,9
20260114,2026-01-14,2026,1,January,5,A10002,4,Polo básico,Ropa,6,Jockey Plaza,0,0,9,0,9
20260115,2026-01-15,2026,1,January,5,A10002,4,Polo básico,Ropa,6,Jockey Plaza,0,0,9,0,9
20260116,2026-01-16,2026,1,January,5,A10002,4,Polo básico,Ropa,6,Jockey Plaza,0,0,9,0,9
20260117,2026-01-17,2026,1,January,5,A10002,4,Polo básico,Ropa,6,Jockey Plaza,0,0,9,0,9
20260118,2026-01-18,2026,1,January,5,A10002,4,Polo básico,Ropa,6,Jockey Plaza,0,0,9,0,9
20260119,2026-01-19,2026,1,January,5,A10002,4,Polo básico,Ropa,6,Jockey Plaza,0,0,9,0,9
20260120,2026-01-20,2026,1,January,5,A10002,4,Polo básico,Ropa,6,Jockey Plaza,0,0,9,0,9
20260121,2026-01-21,2026,1,January,5,A10002,4,Polo básico,Ropa,6,Jockey Plaza,0,0,9,0,9
20260122,2026-01-22,2026,1,January,5,A10002,4,Polo básico,Ropa,6,Jockey Plaza,0,0,9,0,9
20260123,2026-01-23,2026,1,January,5,A10002,4,Polo básico,Ropa,6,Jockey Plaza,0,0,9,0,9
20260124,2026-01-24,2026,1,January,5,A10002,4,Polo básico,Ropa,6,Jockey Plaza,0,0,9,0,9
20260125,2026-01-25,2026,1,January,5,A10002,4,Polo básico,Ropa,6,Jockey Plaza,0,0,9,0,9
20260126,2026-01-26,2026,1,January,5,A10002,4,Polo básico,Ropa,6,Jockey Plaza,0,0,9,0,9
20260127,2026-01-27,2026,1,January,5,A10002,4,Polo básico,Ropa,6,Jockey Plaza,0,0,9,0,9
20260128,2026-01-28,2026,1,January,5,A10002,4,Polo básico,Ropa,6,Jockey Plaza,0,0,9,0,9
20260129,2026-01-29,2026,1,January,5,A10002,4,Polo básico,Ropa,6,Jockey Plaza,0,0,9,0,9
20260130,2026-01-30,2026,1,January,5,A10002,4,Polo básico,Ropa,6,Jockey Plaza,0,0,9,0,9
20260131,2026-01-31,2026,1,January,5,A10002,4,Polo básico,Ropa,6,Jockey Plaza,0,0,9,0,9
20260201,2026-02-01,2026,2,February,5,A10002,4,Polo básico,Ropa,6,Jockey Plaza,0,0,9,0,9
20260202,2026-02-02,2026,2,February,5,A10002,4,Polo básico,Ropa,6,Jockey Plaza,0,0,9,0,9
20260203,2026-02-03,2026,2,February,5,A10002,4,Polo básico,Ropa,6,Jockey Plaza,0,0,9,0,9
20260204,2026-02-04,2026,2,February,5,A10002,4,Polo básico,Ropa,6,Jockey Plaza,0,0,9,0,9
20260205,2026-02-05,2026,2,February,5,A10002,4,Polo básico,Ropa,6,Jockey Plaza,0,0,9,0,9
20260206,2026-02-06,2026,2,February,5,A10002,4,Polo básico,Ropa,6,Jockey Plaza,0,3,9,3,6
20260207,2026-02-07,2026,2,February,5,A10002,4,Polo básico,Ropa,6,Jockey Plaza,0,-3,9,0,9
20260208,2026-02-08,2026,2,February,5,A10002,4,Polo básico,Ropa,6,Jockey Plaza,0,0,9,0,9
20260209,2026-02-09,2026,2,February,5,A10002,4,Polo básico,Ropa,6,Jockey Plaza,0,0,9,0,9
20260210,2026-02-10,2026,2,February,5,A10002,4,Polo básico,Ropa,6,Jockey Plaza,0,0,9,0,9
20260211,2026-02-11,2026,2,February,5,A10002,4,Polo básico,Ropa,6,Jockey Plaza,0,0,9,0,9
20260212,2026-02-12,2026,2,February,5,A10002,4,Polo básico,Ropa,6,Jockey Plaza,0,0,9,0,9
20260213,2026-02-13,2026,2,February,5,A10002,4,Polo básico,Ropa,6,Jockey Plaza,0,0,9,0,9
20260214,2026-02-14,2026,2,February,5,A10002,4,Polo básico,Ropa,6,Jockey Plaza,0,0,9,0,9
20260215,2026-02-15,2026,2,February,5,A10002,4,Polo básico,Ropa,6,Jockey Plaza,0,0,9,0,9
20260216,2026-02-16,2026,2,February,5,A10002,4,Polo básico,Ropa,6,Jockey Plaza,0,0,9,0,9
20260217,2026-02-17,2026,2,February,5,A10002,4,Polo básico,Ropa,6,Jockey Plaza,0,0,9,0,9
20260218,2026-02-18,2026,2,February,5,A10002,4,Polo básico,Ropa,6,Jockey Plaza,0,0,9,0,9
20260219,2026-02-19,2026,2,February,5,A10002,4,Polo básico,Ropa,6,Jockey Plaza,0,0,9,0,9
20260220,2026-02-20,2026,2,February,5,A10002,4,Polo básico,Ropa,6,Jockey Plaza,0,0,9,0,9
20260221,2026-02-21,2026,2,February,5,A10002,4,Polo básico,Ropa,6,Jockey Plaza,0,0,9,0,9
20260222,2026-02-22,2026,2,February,5,A10002,4,Polo básico,Ropa,6,Jockey Plaza,0,0,9,0,9
20260223,2026-02-23,2026,2,February,5,A10002,4,Polo básico,Ropa,6,Jockey Plaza,0,0,9,0,9
20260224,2026-02-24,2026,2,February,5,A10002,4,Polo básico,Ropa,6,Jockey Plaza,0,0,9,0,9
20260225,2026-02-25,2026,2,February,5,A10002,4,Polo básico,Ropa,6,Jockey Plaza,0,0,9,0,9
20260226,2026-02-26,2026,2,February,5,A10002,4,Polo básico,Ropa,6,Jockey Plaza,0,0,9,0,9
20260227,2026-02-27,2026,2,February,5,A10002,4,Polo básico,Ropa,6,Jockey Plaza,0,0,9,0,9
20260228,2026-02-28,2026,2,February,5,A10002,4,Polo básico,Ropa,6,Jockey Plaza,0,0,9,0,9
20260301,2026-03-01,2026,3,March,5,A10002,4,Polo básico,Ropa,6,Jockey Plaza,0,0,9,0,9
20260302,2026-03-02,2026,3,March,5,A10002,4,Polo básico,Ropa,6,Jockey Plaza,0,0,9,0,9
20260303,2026-03-03,2026,3,March,5,A10002,4,Polo básico,Ropa,6,Jockey Plaza,0,0,9,0,9
20260304,2026-03-04,2026,3,March,5,A10002,4,Polo básico,Ropa,6,Jockey Plaza,0,0,9,0,9
20260305,2026-03-05,2026,3,March,5,A10002,4,Polo básico,Ropa,6,Jockey Plaza,0,0,9,0,9
20260306,2026-03-06,2026,3,March,5,A10002,4,Polo básico,Ropa,6,Jockey Plaza,0,0,9,0,9
20260307,2026-03-07,2026,3,March,5,A10002,4,Polo básico,Ropa,6,Jockey Plaza,0,0,9,0,9
20260308,2026-03-08,2026,3,March,5,A10002,4,Polo básico,Ropa,6,Jockey Plaza,0,0,9,0,9
20260309,2026-03-09,2026,3,March,5,A10002,4,Polo básico,Ropa,6,Jockey Plaza,0,0,9,0,9
20260310,2026-03-10,2026,3,March,5,A10002,4,Polo básico,Ropa,6,Jockey Plaza,0,0,9,0,9
20260311,2026-03-11,2026,3,March,5,A10002,4,Polo básico,Ropa,6,Jockey Plaza,0,0,9,0,9
20260312,2026-03-12,2026,3,March,5,A10002,4,Polo básico,Ropa,6,Jockey Plaza,0,0,9,0,9
20260313,2026-03-13,2026,3,March,5,A10002,4,Polo básico,Ropa,6,Jockey Plaza,0,0,9,0,9
20260314,2026-03-14,2026,3,March,5,A10002,4,Polo básico,Ropa,6,Jockey Plaza,0,0,9,0,9
20260315,2026-03-15,2026,3,March,5,A10002,4,Polo básico,Ropa,6,Jockey Plaza,0,0,9,0,9
20260316,2026-03-16,2026,3,March,5,A10002,4,Polo básico,Ropa,6,Jockey Plaza,0,0,9,0,9
20260317,2026-03-17,2026,3,March,5,A10002,4,Polo básico,Ropa,6,Jockey Plaza,0,0,9,0,9
20260318,2026-03-18,2026,3,March,5,A10002,4,Polo básico,Ropa,6,Jockey Plaza,0,0,9,0,9
20260319,2026-03-19,2026,3,March,5,A10002,4,Polo básico,Ropa,6,Jockey Plaza,0,0,9,0,9
20260320,2026-03-20,2026,3,March,5,A10002,4,Polo básico,Ropa,6,Jockey Plaza,0,0,9,0,9
20260321,2026-03-21,2026,3,March,5,A10002,4,Polo básico,Ropa,6,Jockey Plaza,0,0,9,0,9
20260322,2026-03-22,2026,3,March,5,A10002,4,Polo básico,Ropa,6,Jockey Plaza,0,0,9,0,9
20260323,2026-03-23,2026,3,March,5,A10002,4,Polo básico,Ropa,6,Jockey Plaza,0,0,9,0,9
20260324,2026-03-24,2026,3,March,5,A10002,4,Polo básico,Ropa,6,Jockey Plaza,0,0,9,0,9
20260325,2026-03-25,2026,3,March,5,A10002,4,Polo básico,Ropa,6,Jockey Plaza,0,0,9,0,9
20260326,2026-03-26,2026,3,March,5,A10002,4,Polo básico,Ropa,6,Jockey Plaza,0,0,9,0,9
20260327,2026-03-27,2026,3,March,5,A10002,4,Polo básico,Ropa,6,Jockey Plaza,0,0,9,0,9
20260328,2026-03-28,2026,3,March,5,A10002,4,Polo básico,Ropa,6,Jockey Plaza,0,0,9,0,9
20260329,2026-03-29,2026,3,March,5,A10002,4,Polo básico,Ropa,6,Jockey Plaza,0,0,9,0,9
20260330,2026-03-30,2026,3,March,5,A10002,4,Polo básico,Ropa,6,Jockey Plaza,0,0,9,0,9
20260331,2026-03-31,2026,3,March,5,A10002,4,Polo básico,Ropa,6,Jockey Plaza,0,0,9,0,9
20260101,2026-01-01,2026,1,January,5,A10002,4,Polo básico,Ropa,7,Real Plaza Arequipa,0,0,0,0,0
20260102,2026-01-02,2026,1,Enero,5,A10002,4,Polo básico,Ropa,7,Real Plaza Arequipa,0,0,0,0,0
20260103,2026-01-03,2026,1,Enero,5,A10002,4,Polo básico,Ropa,7,Real Plaza Arequipa,0,0,0,0,0
20260104,2026-01-04,2026,1,Enero,5,A10002,4,Polo básico,Ropa,7,Real Plaza Arequipa,0,0,0,0,0
20260105,2026-01-05,2026,1,January,5,A10002,4,Polo básico,Ropa,7,Real Plaza Arequipa,0,0,0,0,0
20260106,2026-01-06,2026,1,January,5,A10002,4,Polo básico,Ropa,7,Real Plaza Arequipa,0,0,0,0,0
20260107,2026-01-07,2026,1,January,5,A10002,4,Polo básico,Ropa,7,Real Plaza Arequipa,0,0,0,0,0
20260108,2026-01-08,2026,1,January,5,A10002,4,Polo básico,Ropa,7,Real Plaza Arequipa,0,0,0,0,0
20260109,2026-01-09,2026,1,January,5,A10002,4,Polo básico,Ropa,7,Real Plaza Arequipa,0,0,0,0,0
20260110,2026-01-10,2026,1,January,5,A10002,4,Polo básico,Ropa,7,Real Plaza Arequipa,0,0,0,0,0
20260111,2026-01-11,2026,1,January,5,A10002,4,Polo básico,Ropa,7,Real Plaza Arequipa,0,0,0,0,0
20260112,2026-01-12,2026,1,January,5,A10002,4,Polo básico,Ropa,7,Real Plaza Arequipa,0,0,0,0,0
20260113,2026-01-13,2026,1,January,5,A10002,4,Polo básico,Ropa,7,Real Plaza Arequipa,0,0,0,0,0
20260114,2026-01-14,2026,1,January,5,A10002,4,Polo básico,Ropa,7,Real Plaza Arequipa,0,0,0,0,0
20260115,2026-01-15,2026,1,January,5,A10002,4,Polo básico,Ropa,7,Real Plaza Arequipa,0,0,0,0,0
20260116,2026-01-16,2026,1,January,5,A10002,4,Polo básico,Ropa,7,Real Plaza Arequipa,0,0,0,0,0
20260117,2026-01-17,2026,1,January,5,A10002,4,Polo básico,Ropa,7,Real Plaza Arequipa,0,0,0,0,0
20260118,2026-01-18,2026,1,January,5,A10002,4,Polo básico,Ropa,7,Real Plaza Arequipa,0,0,0,0,0
20260119,2026-01-19,2026,1,January,5,A10002,4,Polo básico,Ropa,7,Real Plaza Arequipa,0,0,0,0,0
20260120,2026-01-20,2026,1,January,5,A10002,4,Polo básico,Ropa,7,Real Plaza Arequipa,0,0,0,0,0
20260121,2026-01-21,2026,1,January,5,A10002,4,Polo básico,Ropa,7,Real Plaza Arequipa,0,0,0,0,0
20260122,2026-01-22,2026,1,January,5,A10002,4,Polo básico,Ropa,7,Real Plaza Arequipa,0,0,0,0,0
20260123,2026-01-23,2026,1,January,5,A10002,4,Polo básico,Ropa,7,Real Plaza Arequipa,0,0,0,0,0
20260124,2026-01-24,2026,1,January,5,A10002,4,Polo básico,Ropa,7,Real Plaza Arequipa,0,0,0,0,0
20260125,2026-01-25,2026,1,January,5,A10002,4,Polo básico,Ropa,7,Real Plaza Arequipa,0,0,0,0,0
20260126,2026-01-26,2026,1,January,5,A10002,4,Polo básico,Ropa,7,Real Plaza Arequipa,0,0,0,0,0
20260127,2026-01-27,2026,1,January,5,A10002,4,Polo básico,Ropa,7,Real Plaza Arequipa,0,0,0,0,0
20260128,2026-01-28,2026,1,January,5,A10002,4,Polo básico,Ropa,7,Real Plaza Arequipa,0,0,0,0,0
20260129,2026-01-29,2026,1,January,5,A10002,4,Polo básico,Ropa,7,Real Plaza Arequipa,0,0,0,0,0
20260130,2026-01-30,2026,1,January,5,A10002,4,Polo básico,Ropa,7,Real Plaza Arequipa,0,0,0,0,0
20260131,2026-01-31,2026,1,January,5,A10002,4,Polo básico,Ropa,7,Real Plaza Arequipa,0,0,0,0,0
20260201,2026-02-01,2026,2,February,5,A10002,4,Polo básico,Ropa,7,Real Plaza Arequipa,0,0,0,0,0
20260202,2026-02-02,2026,2,February,5,A10002,4,Polo básico,Ropa,7,Real Plaza Arequipa,0,0,0,0,0
20260203,2026-02-03,2026,2,February,5,A10002,4,Polo básico,Ropa,7,Real Plaza Arequipa,0,0,0,0,0
20260204,2026-02-04,2026,2,February,5,A10002,4,Polo básico,Ropa,7,Real Plaza Arequipa,0,0,0,0,0
20260205,2026-02-05,2026,2,February,5,A10002,4,Polo básico,Ropa,7,Real Plaza Arequipa,0,0,0,0,0
20260206,2026-02-06,2026,2,February,5,A10002,4,Polo básico,Ropa,7,Real Plaza Arequipa,0,0,0,0,0
20260207,2026-02-07,2026,2,February,5,A10002,4,Polo básico,Ropa,7,Real Plaza Arequipa,0,0,0,0,0
20260208,2026-02-08,2026,2,February,5,A10002,4,Polo básico,Ropa,7,Real Plaza Arequipa,0,0,0,0,0
20260209,2026-02-09,2026,2,February,5,A10002,4,Polo básico,Ropa,7,Real Plaza Arequipa,0,0,0,0,0
20260210,2026-02-10,2026,2,February,5,A10002,4,Polo básico,Ropa,7,Real Plaza Arequipa,0,0,0,0,0
20260211,2026-02-11,2026,2,February,5,A10002,4,Polo básico,Ropa,7,Real Plaza Arequipa,0,0,0,0,0
20260212,2026-02-12,2026,2,February,5,A10002,4,Polo básico,Ropa,7,Real Plaza Arequipa,0,0,0,0,0
20260213,2026-02-13,2026,2,February,5,A10002,4,Polo básico,Ropa,7,Real Plaza Arequipa,0,0,0,0,0
20260214,2026-02-14,2026,2,February,5,A10002,4,Polo básico,Ropa,7,Real Plaza Arequipa,0,0,0,0,0
20260215,2026-02-15,2026,2,February,5,A10002,4,Polo básico,Ropa,7,Real Plaza Arequipa,0,0,0,0,0
20260216,2026-02-16,2026,2,February,5,A10002,4,Polo básico,Ropa,7,Real Plaza Arequipa,0,0,0,0,0
20260217,2026-02-17,2026,2,February,5,A10002,4,Polo básico,Ropa,7,Real Plaza Arequipa,0,0,0,0,0
20260218,2026-02-18,2026,2,February,5,A10002,4,Polo básico,Ropa,7,Real Plaza Arequipa,0,0,0,0,0
20260219,2026-02-19,2026,2,February,5,A10002,4,Polo básico,Ropa,7,Real Plaza Arequipa,0,0,0,0,0
20260220,2026-02-20,2026,2,February,5,A10002,4,Polo básico,Ropa,7,Real Plaza Arequipa,0,0,0,0,0
20260221,2026-02-21,2026,2,February,5,A10002,4,Polo básico,Ropa,7,Real Plaza Arequipa,0,0,0,0,0
20260222,2026-02-22,2026,2,February,5,A10002,4,Polo básico,Ropa,7,Real Plaza Arequipa,0,0,0,0,0
20260223,2026-02-23,2026,2,February,5,A10002,4,Polo básico,Ropa,7,Real Plaza Arequipa,0,0,0,0,0
20260224,2026-02-24,2026,2,February,5,A10002,4,Polo básico,Ropa,7,Real Plaza Arequipa,0,0,0,0,0
20260225,2026-02-25,2026,2,February,5,A10002,4,Polo básico,Ropa,7,Real Plaza Arequipa,0,0,0,0,0
20260226,2026-02-26,2026,2,February,5,A10002,4,Polo básico,Ropa,7,Real Plaza Arequipa,0,0,0,0,0
20260227,2026-02-27,2026,2,February,5,A10002,4,Polo básico,Ropa,7,Real Plaza Arequipa,0,0,0,0,0
20260228,2026-02-28,2026,2,February,5,A10002,4,Polo básico,Ropa,7,Real Plaza Arequipa,0,0,0,0,0
20260301,2026-03-01,2026,3,March,5,A10002,4,Polo básico,Ropa,7,Real Plaza Arequipa,0,0,0,0,0
20260302,2026-03-02,2026,3,March,5,A10002,4,Polo básico,Ropa,7,Real Plaza Arequipa,0,0,0,0,0
20260303,2026-03-03,2026,3,March,5,A10002,4,Polo básico,Ropa,7,Real Plaza Arequipa,0,0,0,0,0
20260304,2026-03-04,2026,3,March,5,A10002,4,Polo básico,Ropa,7,Real Plaza Arequipa,0,0,0,0,0
20260305,2026-03-05,2026,3,March,5,A10002,4,Polo básico,Ropa,7,Real Plaza Arequipa,0,0,0,0,0
20260306,2026-03-06,2026,3,March,5,A10002,4,Polo básico,Ropa,7,Real Plaza Arequipa,0,0,0,0,0
20260307,2026-03-07,2026,3,March,5,A10002,4,Polo básico,Ropa,7,Real Plaza Arequipa,0,0,0,0,0
20260308,2026-03-08,2026,3,March,5,A10002,4,Polo básico,Ropa,7,Real Plaza Arequipa,0,0,0,0,0
20260309,2026-03-09,2026,3,March,5,A10002,4,Polo básico,Ropa,7,Real Plaza Arequipa,0,0,0,0,0
20260310,2026-03-10,2026,3,March,5,A10002,4,Polo básico,Ropa,7,Real Plaza Arequipa,0,0,0,0,0
20260311,2026-03-11,2026,3,March,5,A10002,4,Polo básico,Ropa,7,Real Plaza Arequipa,0,0,0,0,0
20260312,2026-03-12,2026,3,March,5,A10002,4,Polo básico,Ropa,7,Real Plaza Arequipa,0,0,0,0,0
20260313,2026-03-13,2026,3,March,5,A10002,4,Polo básico,Ropa,7,Real Plaza Arequipa,0,0,0,0,0
20260314,2026-03-14,2026,3,March,5,A10002,4,Polo básico,Ropa,7,Real Plaza Arequipa,0,0,0,0,0
20260315,2026-03-15,2026,3,March,5,A10002,4,Polo básico,Ropa,7,Real Plaza Arequipa,0,0,0,0,0
20260316,2026-03-16,2026,3,March,5,A10002,4,Polo básico,Ropa,7,Real Plaza Arequipa,0,0,0,0,0
20260317,2026-03-17,2026,3,March,5,A10002,4,Polo básico,Ropa,7,Real Plaza Arequipa,0,0,0,0,0
20260318,2026-03-18,2026,3,March,5,A10002,4,Polo básico,Ropa,7,Real Plaza Arequipa,0,0,0,0,0
20260319,2026-03-19,2026,3,March,5,A10002,4,Polo básico,Ropa,7,Real Plaza Arequipa,0,0,0,0,0
20260320,2026-03-20,2026,3,March,5,A10002,4,Polo básico,Ropa,7,Real Plaza Arequipa,0,0,0,0,0
20260321,2026-03-21,2026,3,March,5,A10002,4,Polo básico,Ropa,7,Real Plaza Arequipa,0,0,0,0,0
20260322,2026-03-22,2026,3,March,5,A10002,4,Polo básico,Ropa,7,Real Plaza Arequipa,0,0,0,0,0
20260323,2026-03-23,2026,3,March,5,A10002,4,Polo básico,Ropa,7,Real Plaza Arequipa,0,0,0,0,0
20260324,2026-03-24,2026,3,March,5,A10002,4,Polo básico,Ropa,7,Real Plaza Arequipa,0,0,0,0,0
20260325,2026-03-25,2026,3,March,5,A10002,4,Polo básico,Ropa,7,Real Plaza Arequipa,0,0,0,0,0
20260326,2026-03-26,2026,3,March,5,A10002,4,Polo básico,Ropa,7,Real Plaza Arequipa,0,0,0,0,0
20260327,2026-03-27,2026,3,March,5,A10002,4,Polo básico,Ropa,7,Real Plaza Arequipa,0,0,0,0,0
20260328,2026-03-28,2026,3,March,5,A10002,4,Polo básico,Ropa,7,Real Plaza Arequipa,0,0,0,0,0
20260329,2026-03-29,2026,3,March,5,A10002,4,Polo básico,Ropa,7,Real Plaza Arequipa,0,0,0,0,0
20260330,2026-03-30,2026,3,March,5,A10002,4,Polo básico,Ropa,7,Real Plaza Arequipa,0,0,0,0,0
20260331,2026-03-31,2026,3,March,5,A10002,4,Polo básico,Ropa,7,Real Plaza Arequipa,0,0,0,0,0
20260101,2026-01-01,2026,1,January,5,A10002,4,Polo básico,Ropa,8,Mall Aventura Trujillo,0,0,0,0,0
20260102,2026-01-02,2026,1,Enero,5,A10002,4,Polo básico,Ropa,8,Mall Aventura Trujillo,0,0,0,0,0
20260103,2026-01-03,2026,1,Enero,5,A10002,4,Polo básico,Ropa,8,Mall Aventura Trujillo,0,0,0,0,0
20260104,2026-01-04,2026,1,Enero,5,A10002,4,Polo básico,Ropa,8,Mall Aventura Trujillo,0,0,0,0,0
20260105,2026-01-05,2026,1,January,5,A10002,4,Polo básico,Ropa,8,Mall Aventura Trujillo,0,0,0,0,0
20260106,2026-01-06,2026,1,January,5,A10002,4,Polo básico,Ropa,8,Mall Aventura Trujillo,0,0,0,0,0
20260107,2026-01-07,2026,1,January,5,A10002,4,Polo básico,Ropa,8,Mall Aventura Trujillo,0,0,0,0,0
20260108,2026-01-08,2026,1,January,5,A10002,4,Polo básico,Ropa,8,Mall Aventura Trujillo,0,0,0,0,0
20260109,2026-01-09,2026,1,January,5,A10002,4,Polo básico,Ropa,8,Mall Aventura Trujillo,0,0,0,0,0
20260110,2026-01-10,2026,1,January,5,A10002,4,Polo básico,Ropa,8,Mall Aventura Trujillo,0,0,0,0,0
20260111,2026-01-11,2026,1,January,5,A10002,4,Polo básico,Ropa,8,Mall Aventura Trujillo,0,0,0,0,0
20260112,2026-01-12,2026,1,January,5,A10002,4,Polo básico,Ropa,8,Mall Aventura Trujillo,0,0,0,0,0
20260113,2026-01-13,2026,1,January,5,A10002,4,Polo básico,Ropa,8,Mall Aventura Trujillo,0,0,0,0,0
20260114,2026-01-14,2026,1,January,5,A10002,4,Polo básico,Ropa,8,Mall Aventura Trujillo,0,0,0,0,0
20260115,2026-01-15,2026,1,January,5,A10002,4,Polo básico,Ropa,8,Mall Aventura Trujillo,0,0,0,0,0
20260116,2026-01-16,2026,1,January,5,A10002,4,Polo básico,Ropa,8,Mall Aventura Trujillo,0,0,0,0,0
20260117,2026-01-17,2026,1,January,5,A10002,4,Polo básico,Ropa,8,Mall Aventura Trujillo,0,0,0,0,0
20260118,2026-01-18,2026,1,January,5,A10002,4,Polo básico,Ropa,8,Mall Aventura Trujillo,0,0,0,0,0
20260119,2026-01-19,2026,1,January,5,A10002,4,Polo básico,Ropa,8,Mall Aventura Trujillo,0,0,0,0,0
20260120,2026-01-20,2026,1,January,5,A10002,4,Polo básico,Ropa,8,Mall Aventura Trujillo,0,0,0,0,0
20260121,2026-01-21,2026,1,January,5,A10002,4,Polo básico,Ropa,8,Mall Aventura Trujillo,0,0,0,0,0
20260122,2026-01-22,2026,1,January,5,A10002,4,Polo básico,Ropa,8,Mall Aventura Trujillo,0,0,0,0,0
20260123,2026-01-23,2026,1,January,5,A10002,4,Polo básico,Ropa,8,Mall Aventura Trujillo,0,0,0,0,0
20260124,2026-01-24,2026,1,January,5,A10002,4,Polo básico,Ropa,8,Mall Aventura Trujillo,0,0,0,0,0
20260125,2026-01-25,2026,1,January,5,A10002,4,Polo básico,Ropa,8,Mall Aventura Trujillo,0,0,0,0,0
20260126,2026-01-26,2026,1,January,5,A10002,4,Polo básico,Ropa,8,Mall Aventura Trujillo,0,0,0,0,0
20260127,2026-01-27,2026,1,January,5,A10002,4,Polo básico,Ropa,8,Mall Aventura Trujillo,0,0,0,0,0
20260128,2026-01-28,2026,1,January,5,A10002,4,Polo básico,Ropa,8,Mall Aventura Trujillo,0,0,0,0,0
20260129,2026-01-29,2026,1,January,5,A10002,4,Polo básico,Ropa,8,Mall Aventura Trujillo,0,0,0,0,0
20260130,2026-01-30,2026,1,January,5,A10002,4,Polo básico,Ropa,8,Mall Aventura Trujillo,0,0,0,0,0
20260131,2026-01-31,2026,1,January,5,A10002,4,Polo básico,Ropa,8,Mall Aventura Trujillo,0,0,0,0,0
20260201,2026-02-01,2026,2,February,5,A10002,4,Polo básico,Ropa,8,Mall Aventura Trujillo,0,0,0,0,0
20260202,2026-02-02,2026,2,February,5,A10002,4,Polo básico,Ropa,8,Mall Aventura Trujillo,0,0,0,0,0
20260203,2026-02-03,2026,2,February,5,A10002,4,Polo básico,Ropa,8,Mall Aventura Trujillo,0,0,0,0,0
20260204,2026-02-04,2026,2,February,5,A10002,4,Polo básico,Ropa,8,Mall Aventura Trujillo,0,0,0,0,0
20260205,2026-02-05,2026,2,February,5,A10002,4,Polo básico,Ropa,8,Mall Aventura Trujillo,0,0,0,0,0
20260206,2026-02-06,2026,2,February,5,A10002,4,Polo básico,Ropa,8,Mall Aventura Trujillo,0,0,0,0,0
20260207,2026-02-07,2026,2,February,5,A10002,4,Polo básico,Ropa,8,Mall Aventura Trujillo,0,0,0,0,0
20260208,2026-02-08,2026,2,February,5,A10002,4,Polo básico,Ropa,8,Mall Aventura Trujillo,0,0,0,0,0
20260209,2026-02-09,2026,2,February,5,A10002,4,Polo básico,Ropa,8,Mall Aventura Trujillo,0,0,0,0,0
20260210,2026-02-10,2026,2,February,5,A10002,4,Polo básico,Ropa,8,Mall Aventura Trujillo,0,0,0,0,0
20260211,2026-02-11,2026,2,February,5,A10002,4,Polo básico,Ropa,8,Mall Aventura Trujillo,0,0,0,0,0
20260212,2026-02-12,2026,2,February,5,A10002,4,Polo básico,Ropa,8,Mall Aventura Trujillo,0,0,0,0,0
20260213,2026-02-13,2026,2,February,5,A10002,4,Polo básico,Ropa,8,Mall Aventura Trujillo,0,0,0,0,0
20260214,2026-02-14,2026,2,February,5,A10002,4,Polo básico,Ropa,8,Mall Aventura Trujillo,0,0,0,0,0
20260215,2026-02-15,2026,2,February,5,A10002,4,Polo básico,Ropa,8,Mall Aventura Trujillo,0,0,0,0,0
20260216,2026-02-16,2026,2,February,5,A10002,4,Polo básico,Ropa,8,Mall Aventura Trujillo,0,0,0,0,0
20260217,2026-02-17,2026,2,February,5,A10002,4,Polo básico,Ropa,8,Mall Aventura Trujillo,0,0,0,0,0
20260218,2026-02-18,2026,2,February,5,A10002,4,Polo básico,Ropa,8,Mall Aventura Trujillo,0,0,0,0,0
20260219,2026-02-19,2026,2,February,5,A10002,4,Polo básico,Ropa,8,Mall Aventura Trujillo,0,0,0,0,0
20260220,2026-02-20,2026,2,February,5,A10002,4,Polo básico,Ropa,8,Mall Aventura Trujillo,0,0,0,0,0
20260221,2026-02-21,2026,2,February,5,A10002,4,Polo básico,Ropa,8,Mall Aventura Trujillo,0,0,0,0,0
20260222,2026-02-22,2026,2,February,5,A10002,4,Polo básico,Ropa,8,Mall Aventura Trujillo,0,0,0,0,0
20260223,2026-02-23,2026,2,February,5,A10002,4,Polo básico,Ropa,8,Mall Aventura Trujillo,0,0,0,0,0
20260224,2026-02-24,2026,2,February,5,A10002,4,Polo básico,Ropa,8,Mall Aventura Trujillo,0,0,0,0,0
20260225,2026-02-25,2026,2,February,5,A10002,4,Polo básico,Ropa,8,Mall Aventura Trujillo,0,0,0,0,0
20260226,2026-02-26,2026,2,February,5,A10002,4,Polo básico,Ropa,8,Mall Aventura Trujillo,0,0,0,0,0
20260227,2026-02-27,2026,2,February,5,A10002,4,Polo básico,Ropa,8,Mall Aventura Trujillo,0,0,0,0,0
20260228,2026-02-28,2026,2,February,5,A10002,4,Polo básico,Ropa,8,Mall Aventura Trujillo,0,0,0,0,0
20260301,2026-03-01,2026,3,March,5,A10002,4,Polo básico,Ropa,8,Mall Aventura Trujillo,0,0,0,0,0
20260302,2026-03-02,2026,3,March,5,A10002,4,Polo básico,Ropa,8,Mall Aventura Trujillo,0,0,0,0,0
20260303,2026-03-03,2026,3,March,5,A10002,4,Polo básico,Ropa,8,Mall Aventura Trujillo,0,0,0,0,0
20260304,2026-03-04,2026,3,March,5,A10002,4,Polo básico,Ropa,8,Mall Aventura Trujillo,0,0,0,0,0
20260305,2026-03-05,2026,3,March,5,A10002,4,Polo básico,Ropa,8,Mall Aventura Trujillo,0,0,0,0,0
20260306,2026-03-06,2026,3,March,5,A10002,4,Polo básico,Ropa,8,Mall Aventura Trujillo,0,0,0,0,0
20260307,2026-03-07,2026,3,March,5,A10002,4,Polo básico,Ropa,8,Mall Aventura Trujillo,0,0,0,0,0
20260308,2026-03-08,2026,3,March,5,A10002,4,Polo básico,Ropa,8,Mall Aventura Trujillo,0,0,0,0,0
20260309,2026-03-09,2026,3,March,5,A10002,4,Polo básico,Ropa,8,Mall Aventura Trujillo,0,0,0,0,0
20260310,2026-03-10,2026,3,March,5,A10002,4,Polo básico,Ropa,8,Mall Aventura Trujillo,0,0,0,0,0
20260311,2026-03-11,2026,3,March,5,A10002,4,Polo básico,Ropa,8,Mall Aventura Trujillo,0,0,0,0,0
20260312,2026-03-12,2026,3,March,5,A10002,4,Polo básico,Ropa,8,Mall Aventura Trujillo,0,0,0,0,0
20260313,2026-03-13,2026,3,March,5,A10002,4,Polo básico,Ropa,8,Mall Aventura Trujillo,0,0,0,0,0
20260314,2026-03-14,2026,3,March,5,A10002,4,Polo básico,Ropa,8,Mall Aventura Trujillo,0,0,0,0,0
20260315,2026-03-15,2026,3,March,5,A10002,4,Polo básico,Ropa,8,Mall Aventura Trujillo,0,0,0,0,0
20260316,2026-03-16,2026,3,March,5,A10002,4,Polo básico,Ropa,8,Mall Aventura Trujillo,0,0,0,0,0
20260317,2026-03-17,2026,3,March,5,A10002,4,Polo básico,Ropa,8,Mall Aventura Trujillo,0,0,0,0,0
20260318,2026-03-18,2026,3,March,5,A10002,4,Polo básico,Ropa,8,Mall Aventura Trujillo,0,0,0,0,0
20260319,2026-03-19,2026,3,March,5,A10002,4,Polo básico,Ropa,8,Mall Aventura Trujillo,0,0,0,0,0
20260320,2026-03-20,2026,3,March,5,A10002,4,Polo básico,Ropa,8,Mall Aventura Trujillo,0,0,0,0,0
20260321,2026-03-21,2026,3,March,5,A10002,4,Polo básico,Ropa,8,Mall Aventura Trujillo,0,0,0,0,0
20260322,2026-03-22,2026,3,March,5,A10002,4,Polo básico,Ropa,8,Mall Aventura Trujillo,0,0,0,0,0
20260323,2026-03-23,2026,3,March,5,A10002,4,Polo básico,Ropa,8,Mall Aventura Trujillo,0,0,0,0,0
20260324,2026-03-24,2026,3,March,5,A10002,4,Polo básico,Ropa,8,Mall Aventura Trujillo,0,0,0,0,0
20260325,2026-03-25,2026,3,March,5,A10002,4,Polo básico,Ropa,8,Mall Aventura Trujillo,0,0,0,0,0
20260326,2026-03-26,2026,3,March,5,A10002,4,Polo básico,Ropa,8,Mall Aventura Trujillo,0,0,0,0,0
20260327,2026-03-27,2026,3,March,5,A10002,4,Polo básico,Ropa,8,Mall Aventura Trujillo,0,0,0,0,0
20260328,2026-03-28,2026,3,March,5,A10002,4,Polo básico,Ropa,8,Mall Aventura Trujillo,0,0,0,0,0
20260329,2026-03-29,2026,3,March,5,A10002,4,Polo básico,Ropa,8,Mall Aventura Trujillo,0,0,0,0,0
20260330,2026-03-30,2026,3,March,5,A10002,4,Polo básico,Ropa,8,Mall Aventura Trujillo,0,0,0,0,0
20260331,2026-03-31,2026,3,March,5,A10002,4,Polo básico,Ropa,8,Mall Aventura Trujillo,0,0,0,0,0
20260101,2026-01-01,2026,1,January,6,A10003,4,Polo básico,Ropa,5,Web Nacional,0,0,0,0,0
20260102,2026-01-02,2026,1,Enero,6,A10003,4,Polo básico,Ropa,5,Web Nacional,0,0,0,0,0
20260103,2026-01-03,2026,1,Enero,6,A10003,4,Polo básico,Ropa,5,Web Nacional,0,0,0,0,0
20260104,2026-01-04,2026,1,Enero,6,A10003,4,Polo básico,Ropa,5,Web Nacional,0,0,0,0,0
20260105,2026-01-05,2026,1,January,6,A10003,4,Polo básico,Ropa,5,Web Nacional,0,0,0,0,0
20260106,2026-01-06,2026,1,January,6,A10003,4,Polo básico,Ropa,5,Web Nacional,0,0,0,0,0
20260107,2026-01-07,2026,1,January,6,A10003,4,Polo básico,Ropa,5,Web Nacional,0,0,0,0,0
20260108,2026-01-08,2026,1,January,6,A10003,4,Polo básico,Ropa,5,Web Nacional,0,0,0,0,0
20260109,2026-01-09,2026,1,January,6,A10003,4,Polo básico,Ropa,5,Web Nacional,0,0,0,0,0
20260110,2026-01-10,2026,1,January,6,A10003,4,Polo básico,Ropa,5,Web Nacional,0,0,0,0,0
20260111,2026-01-11,2026,1,January,6,A10003,4,Polo básico,Ropa,5,Web Nacional,0,0,0,0,0
20260112,2026-01-12,2026,1,January,6,A10003,4,Polo básico,Ropa,5,Web Nacional,0,0,0,0,0
20260113,2026-01-13,2026,1,January,6,A10003,4,Polo básico,Ropa,5,Web Nacional,0,0,0,0,0
20260114,2026-01-14,2026,1,January,6,A10003,4,Polo básico,Ropa,5,Web Nacional,0,0,0,0,0
20260115,2026-01-15,2026,1,January,6,A10003,4,Polo básico,Ropa,5,Web Nacional,0,0,0,0,0
20260116,2026-01-16,2026,1,January,6,A10003,4,Polo básico,Ropa,5,Web Nacional,0,0,0,0,0
20260117,2026-01-17,2026,1,January,6,A10003,4,Polo básico,Ropa,5,Web Nacional,0,0,0,0,0
20260118,2026-01-18,2026,1,January,6,A10003,4,Polo básico,Ropa,5,Web Nacional,0,0,0,0,0
20260119,2026-01-19,2026,1,January,6,A10003,4,Polo básico,Ropa,5,Web Nacional,0,0,0,0,0
20260120,2026-01-20,2026,1,January,6,A10003,4,Polo básico,Ropa,5,Web Nacional,0,0,0,0,0
20260121,2026-01-21,2026,1,January,6,A10003,4,Polo básico,Ropa,5,Web Nacional,0,0,0,0,0
20260122,2026-01-22,2026,1,January,6,A10003,4,Polo básico,Ropa,5,Web Nacional,0,0,0,0,0
20260123,2026-01-23,2026,1,January,6,A10003,4,Polo básico,Ropa,5,Web Nacional,0,0,0,0,0
20260124,2026-01-24,2026,1,January,6,A10003,4,Polo básico,Ropa,5,Web Nacional,0,0,0,0,0
20260125,2026-01-25,2026,1,January,6,A10003,4,Polo básico,Ropa,5,Web Nacional,0,0,0,0,0
20260126,2026-01-26,2026,1,January,6,A10003,4,Polo básico,Ropa,5,Web Nacional,0,0,0,0,0
20260127,2026-01-27,2026,1,January,6,A10003,4,Polo básico,Ropa,5,Web Nacional,0,0,0,0,0
20260128,2026-01-28,2026,1,January,6,A10003,4,Polo básico,Ropa,5,Web Nacional,0,0,0,0,0
20260129,2026-01-29,2026,1,January,6,A10003,4,Polo básico,Ropa,5,Web Nacional,0,0,0,0,0
20260130,2026-01-30,2026,1,January,6,A10003,4,Polo básico,Ropa,5,Web Nacional,0,0,0,0,0
20260131,2026-01-31,2026,1,January,6,A10003,4,Polo básico,Ropa,5,Web Nacional,0,0,0,0,0
20260201,2026-02-01,2026,2,February,6,A10003,4,Polo básico,Ropa,5,Web Nacional,0,0,0,0,0
20260202,2026-02-02,2026,2,February,6,A10003,4,Polo básico,Ropa,5,Web Nacional,0,0,0,0,0
20260203,2026-02-03,2026,2,February,6,A10003,4,Polo básico,Ropa,5,Web Nacional,0,0,0,0,0
20260204,2026-02-04,2026,2,February,6,A10003,4,Polo básico,Ropa,5,Web Nacional,0,0,0,0,0
20260205,2026-02-05,2026,2,February,6,A10003,4,Polo básico,Ropa,5,Web Nacional,0,0,0,0,0
20260206,2026-02-06,2026,2,February,6,A10003,4,Polo básico,Ropa,5,Web Nacional,0,0,0,0,0
20260207,2026-02-07,2026,2,February,6,A10003,4,Polo básico,Ropa,5,Web Nacional,0,0,0,0,0
20260208,2026-02-08,2026,2,February,6,A10003,4,Polo básico,Ropa,5,Web Nacional,0,0,0,0,0
20260209,2026-02-09,2026,2,February,6,A10003,4,Polo básico,Ropa,5,Web Nacional,0,0,0,0,0
20260210,2026-02-10,2026,2,February,6,A10003,4,Polo básico,Ropa,5,Web Nacional,0,0,0,0,0
20260211,2026-02-11,2026,2,February,6,A10003,4,Polo básico,Ropa,5,Web Nacional,0,0,0,0,0
20260212,2026-02-12,2026,2,February,6,A10003,4,Polo básico,Ropa,5,Web Nacional,0,0,0,0,0
20260213,2026-02-13,2026,2,February,6,A10003,4,Polo básico,Ropa,5,Web Nacional,0,0,0,0,0
20260214,2026-02-14,2026,2,February,6,A10003,4,Polo básico,Ropa,5,Web Nacional,0,0,0,0,0
20260215,2026-02-15,2026,2,February,6,A10003,4,Polo básico,Ropa,5,Web Nacional,0,0,0,0,0
20260216,2026-02-16,2026,2,February,6,A10003,4,Polo básico,Ropa,5,Web Nacional,0,0,0,0,0
20260217,2026-02-17,2026,2,February,6,A10003,4,Polo básico,Ropa,5,Web Nacional,0,0,0,0,0
20260218,2026-02-18,2026,2,February,6,A10003,4,Polo básico,Ropa,5,Web Nacional,0,0,0,0,0
20260219,2026-02-19,2026,2,February,6,A10003,4,Polo básico,Ropa,5,Web Nacional,0,0,0,0,0
20260220,2026-02-20,2026,2,February,6,A10003,4,Polo básico,Ropa,5,Web Nacional,0,0,0,0,0
20260221,2026-02-21,2026,2,February,6,A10003,4,Polo básico,Ropa,5,Web Nacional,0,0,0,0,0
20260222,2026-02-22,2026,2,February,6,A10003,4,Polo básico,Ropa,5,Web Nacional,0,0,0,0,0
20260223,2026-02-23,2026,2,February,6,A10003,4,Polo básico,Ropa,5,Web Nacional,0,0,0,0,0
20260224,2026-02-24,2026,2,February,6,A10003,4,Polo básico,Ropa,5,Web Nacional,0,0,0,0,0
20260225,2026-02-25,2026,2,February,6,A10003,4,Polo básico,Ropa,5,Web Nacional,0,0,0,0,0
20260226,2026-02-26,2026,2,February,6,A10003,4,Polo básico,Ropa,5,Web Nacional,0,0,0,0,0
20260227,2026-02-27,2026,2,February,6,A10003,4,Polo básico,Ropa,5,Web Nacional,0,0,0,0,0
20260228,2026-02-28,2026,2,February,6,A10003,4,Polo básico,Ropa,5,Web Nacional,0,0,0,0,0
20260301,2026-03-01,2026,3,March,6,A10003,4,Polo básico,Ropa,5,Web Nacional,0,0,0,0,0
20260302,2026-03-02,2026,3,March,6,A10003,4,Polo básico,Ropa,5,Web Nacional,0,0,0,0,0
20260303,2026-03-03,2026,3,March,6,A10003,4,Polo básico,Ropa,5,Web Nacional,0,0,0,0,0
20260304,2026-03-04,2026,3,March,6,A10003,4,Polo básico,Ropa,5,Web Nacional,0,0,0,0,0
20260305,2026-03-05,2026,3,March,6,A10003,4,Polo básico,Ropa,5,Web Nacional,0,0,0,0,0
20260306,2026-03-06,2026,3,March,6,A10003,4,Polo básico,Ropa,5,Web Nacional,0,0,0,0,0
20260307,2026-03-07,2026,3,March,6,A10003,4,Polo básico,Ropa,5,Web Nacional,0,0,0,0,0
20260308,2026-03-08,2026,3,March,6,A10003,4,Polo básico,Ropa,5,Web Nacional,0,0,0,0,0
20260309,2026-03-09,2026,3,March,6,A10003,4,Polo básico,Ropa,5,Web Nacional,0,0,0,0,0
20260310,2026-03-10,2026,3,March,6,A10003,4,Polo básico,Ropa,5,Web Nacional,0,0,0,0,0
20260311,2026-03-11,2026,3,March,6,A10003,4,Polo básico,Ropa,5,Web Nacional,0,0,0,0,0
20260312,2026-03-12,2026,3,March,6,A10003,4,Polo básico,Ropa,5,Web Nacional,0,0,0,0,0
20260313,2026-03-13,2026,3,March,6,A10003,4,Polo básico,Ropa,5,Web Nacional,0,0,0,0,0
20260314,2026-03-14,2026,3,March,6,A10003,4,Polo básico,Ropa,5,Web Nacional,0,0,0,0,0
20260315,2026-03-15,2026,3,March,6,A10003,4,Polo básico,Ropa,5,Web Nacional,0,0,0,0,0
20260316,2026-03-16,2026,3,March,6,A10003,4,Polo básico,Ropa,5,Web Nacional,0,0,0,0,0
20260317,2026-03-17,2026,3,March,6,A10003,4,Polo básico,Ropa,5,Web Nacional,0,0,0,0,0
20260318,2026-03-18,2026,3,March,6,A10003,4,Polo básico,Ropa,5,Web Nacional,0,0,0,0,0
20260319,2026-03-19,2026,3,March,6,A10003,4,Polo básico,Ropa,5,Web Nacional,0,0,0,0,0
20260320,2026-03-20,2026,3,March,6,A10003,4,Polo básico,Ropa,5,Web Nacional,0,0,0,0,0
20260321,2026-03-21,2026,3,March,6,A10003,4,Polo básico,Ropa,5,Web Nacional,0,0,0,0,0
20260322,2026-03-22,2026,3,March,6,A10003,4,Polo básico,Ropa,5,Web Nacional,0,0,0,0,0
20260323,2026-03-23,2026,3,March,6,A10003,4,Polo básico,Ropa,5,Web Nacional,0,0,0,0,0
20260324,2026-03-24,2026,3,March,6,A10003,4,Polo básico,Ropa,5,Web Nacional,0,0,0,0,0
20260325,2026-03-25,2026,3,March,6,A10003,4,Polo básico,Ropa,5,Web Nacional,0,0,0,0,0
20260326,2026-03-26,2026,3,March,6,A10003,4,Polo básico,Ropa,5,Web Nacional,0,0,0,0,0
20260327,2026-03-27,2026,3,March,6,A10003,4,Polo básico,Ropa,5,Web Nacional,0,0,0,0,0
20260328,2026-03-28,2026,3,March,6,A10003,4,Polo básico,Ropa,5,Web Nacional,0,0,0,0,0
20260329,2026-03-29,2026,3,March,6,A10003,4,Polo básico,Ropa,5,Web Nacional,0,0,0,0,0
20260330,2026-03-30,2026,3,March,6,A10003,4,Polo básico,Ropa,5,Web Nacional,0,0,0,0,0
20260331,2026-03-31,2026,3,March,6,A10003,4,Polo básico,Ropa,5,Web Nacional,0,0,0,0,0
20260101,2026-01-01,2026,1,January,6,A10003,4,Polo básico,Ropa,6,Jockey Plaza,2,0,2,0,2
20260102,2026-01-02,2026,1,Enero,6,A10003,4,Polo básico,Ropa,6,Jockey Plaza,0,0,2,0,2
20260103,2026-01-03,2026,1,Enero,6,A10003,4,Polo básico,Ropa,6,Jockey Plaza,0,0,2,0,2
20260104,2026-01-04,2026,1,Enero,6,A10003,4,Polo básico,Ropa,6,Jockey Plaza,0,0,2,0,2
20260105,2026-01-05,2026,1,January,6,A10003,4,Polo básico,Ropa,6,Jockey Plaza,0,0,2,0,2
20260106,2026-01-06,2026,1,January,6,A10003,4,Polo básico,Ropa,6,Jockey Plaza,0,0,2,0,2
20260107,2026-01-07,2026,1,January,6,A10003,4,Polo básico,Ropa,6,Jockey Plaza,0,0,2,0,2
20260108,2026-01-08,2026,1,January,6,A10003,4,Polo básico,Ropa,6,Jockey Plaza,0,0,2,0,2
20260109,2026-01-09,2026,1,January,6,A10003,4,Polo básico,Ropa,6,Jockey Plaza,0,0,2,0,2
20260110,2026-01-10,2026,1,January,6,A10003,4,Polo básico,Ropa,6,Jockey Plaza,0,0,2,0,2
20260111,2026-01-11,2026,1,January,6,A10003,4,Polo básico,Ropa,6,Jockey Plaza,0,0,2,0,2
20260112,2026-01-12,2026,1,January,6,A10003,4,Polo básico,Ropa,6,Jockey Plaza,0,0,2,0,2
20260113,2026-01-13,2026,1,January,6,A10003,4,Polo básico,Ropa,6,Jockey Plaza,0,0,2,0,2
20260114,2026-01-14,2026,1,January,6,A10003,4,Polo básico,Ropa,6,Jockey Plaza,0,0,2,0,2
20260115,2026-01-15,2026,1,January,6,A10003,4,Polo básico,Ropa,6,Jockey Plaza,0,0,2,0,2
20260116,2026-01-16,2026,1,January,6,A10003,4,Polo básico,Ropa,6,Jockey Plaza,0,0,2,0,2
20260117,2026-01-17,2026,1,January,6,A10003,4,Polo básico,Ropa,6,Jockey Plaza,0,0,2,0,2
20260118,2026-01-18,2026,1,January,6,A10003,4,Polo básico,Ropa,6,Jockey Plaza,0,0,2,0,2
20260119,2026-01-19,2026,1,January,6,A10003,4,Polo básico,Ropa,6,Jockey Plaza,0,0,2,0,2
20260120,2026-01-20,2026,1,January,6,A10003,4,Polo básico,Ropa,6,Jockey Plaza,0,0,2,0,2
20260121,2026-01-21,2026,1,January,6,A10003,4,Polo básico,Ropa,6,Jockey Plaza,0,0,2,0,2
20260122,2026-01-22,2026,1,January,6,A10003,4,Polo básico,Ropa,6,Jockey Plaza,0,0,2,0,2
20260123,2026-01-23,2026,1,January,6,A10003,4,Polo básico,Ropa,6,Jockey Plaza,0,0,2,0,2
20260124,2026-01-24,2026,1,January,6,A10003,4,Polo básico,Ropa,6,Jockey Plaza,0,0,2,0,2
20260125,2026-01-25,2026,1,January,6,A10003,4,Polo básico,Ropa,6,Jockey Plaza,0,0,2,0,2
20260126,2026-01-26,2026,1,January,6,A10003,4,Polo básico,Ropa,6,Jockey Plaza,0,0,2,0,2
20260127,2026-01-27,2026,1,January,6,A10003,4,Polo básico,Ropa,6,Jockey Plaza,0,0,2,0,2
20260128,2026-01-28,2026,1,January,6,A10003,4,Polo básico,Ropa,6,Jockey Plaza,0,0,2,0,2
20260129,2026-01-29,2026,1,January,6,A10003,4,Polo básico,Ropa,6,Jockey Plaza,0,0,2,0,2
20260130,2026-01-30,2026,1,January,6,A10003,4,Polo básico,Ropa,6,Jockey Plaza,0,0,2,0,2
20260131,2026-01-31,2026,1,January,6,A10003,4,Polo básico,Ropa,6,Jockey Plaza,0,0,2,0,2
20260201,2026-02-01,2026,2,February,6,A10003,4,Polo básico,Ropa,6,Jockey Plaza,0,0,2,0,2
20260202,2026-02-02,2026,2,February,6,A10003,4,Polo básico,Ropa,6,Jockey Plaza,0,0,2,0,2
20260203,2026-02-03,2026,2,February,6,A10003,4,Polo básico,Ropa,6,Jockey Plaza,0,0,2,0,2
20260204,2026-02-04,2026,2,February,6,A10003,4,Polo básico,Ropa,6,Jockey Plaza,0,0,2,0,2
20260205,2026-02-05,2026,2,February,6,A10003,4,Polo básico,Ropa,6,Jockey Plaza,0,0,2,0,2
20260206,2026-02-06,2026,2,February,6,A10003,4,Polo básico,Ropa,6,Jockey Plaza,0,0,2,0,2
20260207,2026-02-07,2026,2,February,6,A10003,4,Polo básico,Ropa,6,Jockey Plaza,0,0,2,0,2
20260208,2026-02-08,2026,2,February,6,A10003,4,Polo básico,Ropa,6,Jockey Plaza,0,0,2,0,2
20260209,2026-02-09,2026,2,February,6,A10003,4,Polo básico,Ropa,6,Jockey Plaza,0,0,2,0,2
20260210,2026-02-10,2026,2,February,6,A10003,4,Polo básico,Ropa,6,Jockey Plaza,0,0,2,0,2
20260211,2026-02-11,2026,2,February,6,A10003,4,Polo básico,Ropa,6,Jockey Plaza,0,0,2,0,2
20260212,2026-02-12,2026,2,February,6,A10003,4,Polo básico,Ropa,6,Jockey Plaza,0,0,2,0,2
20260213,2026-02-13,2026,2,February,6,A10003,4,Polo básico,Ropa,6,Jockey Plaza,0,0,2,0,2
20260214,2026-02-14,2026,2,February,6,A10003,4,Polo básico,Ropa,6,Jockey Plaza,0,0,2,0,2
20260215,2026-02-15,2026,2,February,6,A10003,4,Polo básico,Ropa,6,Jockey Plaza,0,0,2,0,2
20260216,2026-02-16,2026,2,February,6,A10003,4,Polo básico,Ropa,6,Jockey Plaza,0,0,2,0,2
20260217,2026-02-17,2026,2,February,6,A10003,4,Polo básico,Ropa,6,Jockey Plaza,0,0,2,0,2
20260218,2026-02-18,2026,2,February,6,A10003,4,Polo básico,Ropa,6,Jockey Plaza,0,0,2,0,2
20260219,2026-02-19,2026,2,February,6,A10003,4,Polo básico,Ropa,6,Jockey Plaza,0,0,2,0,2
20260220,2026-02-20,2026,2,February,6,A10003,4,Polo básico,Ropa,6,Jockey Plaza,0,0,2,0,2
20260221,2026-02-21,2026,2,February,6,A10003,4,Polo básico,Ropa,6,Jockey Plaza,0,0,2,0,2
20260222,2026-02-22,2026,2,February,6,A10003,4,Polo básico,Ropa,6,Jockey Plaza,0,0,2,0,2
20260223,2026-02-23,2026,2,February,6,A10003,4,Polo básico,Ropa,6,Jockey Plaza,0,0,2,0,2
20260224,2026-02-24,2026,2,February,6,A10003,4,Polo básico,Ropa,6,Jockey Plaza,0,0,2,0,2
20260225,2026-02-25,2026,2,February,6,A10003,4,Polo básico,Ropa,6,Jockey Plaza,0,0,2,0,2
20260226,2026-02-26,2026,2,February,6,A10003,4,Polo básico,Ropa,6,Jockey Plaza,0,0,2,0,2
20260227,2026-02-27,2026,2,February,6,A10003,4,Polo básico,Ropa,6,Jockey Plaza,0,0,2,0,2
20260228,2026-02-28,2026,2,February,6,A10003,4,Polo básico,Ropa,6,Jockey Plaza,0,0,2,0,2
20260301,2026-03-01,2026,3,March,6,A10003,4,Polo básico,Ropa,6,Jockey Plaza,0,0,2,0,2
20260302,2026-03-02,2026,3,March,6,A10003,4,Polo básico,Ropa,6,Jockey Plaza,0,0,2,0,2
20260303,2026-03-03,2026,3,March,6,A10003,4,Polo básico,Ropa,6,Jockey Plaza,0,0,2,0,2
20260304,2026-03-04,2026,3,March,6,A10003,4,Polo básico,Ropa,6,Jockey Plaza,0,0,2,0,2
20260305,2026-03-05,2026,3,March,6,A10003,4,Polo básico,Ropa,6,Jockey Plaza,0,0,2,0,2
20260306,2026-03-06,2026,3,March,6,A10003,4,Polo básico,Ropa,6,Jockey Plaza,0,0,2,0,2
20260307,2026-03-07,2026,3,March,6,A10003,4,Polo básico,Ropa,6,Jockey Plaza,0,0,2,0,2
20260308,2026-03-08,2026,3,March,6,A10003,4,Polo básico,Ropa,6,Jockey Plaza,0,0,2,0,2
20260309,2026-03-09,2026,3,March,6,A10003,4,Polo básico,Ropa,6,Jockey Plaza,0,0,2,0,2
20260310,2026-03-10,2026,3,March,6,A10003,4,Polo básico,Ropa,6,Jockey Plaza,0,0,2,0,2
20260311,2026-03-11,2026,3,March,6,A10003,4,Polo básico,Ropa,6,Jockey Plaza,0,0,2,0,2
20260312,2026-03-12,2026,3,March,6,A10003,4,Polo básico,Ropa,6,Jockey Plaza,0,0,2,0,2
20260313,2026-03-13,2026,3,March,6,A10003,4,Polo básico,Ropa,6,Jockey Plaza,0,0,2,0,2
20260314,2026-03-14,2026,3,March,6,A10003,4,Polo básico,Ropa,6,Jockey Plaza,0,0,2,0,2
20260315,2026-03-15,2026,3,March,6,A10003,4,Polo básico,Ropa,6,Jockey Plaza,0,0,2,0,2
20260316,2026-03-16,2026,3,March,6,A10003,4,Polo básico,Ropa,6,Jockey Plaza,0,0,2,0,2
20260317,2026-03-17,2026,3,March,6,A10003,4,Polo básico,Ropa,6,Jockey Plaza,0,0,2,0,2
20260318,2026-03-18,2026,3,March,6,A10003,4,Polo básico,Ropa,6,Jockey Plaza,0,0,2,0,2
20260319,2026-03-19,2026,3,March,6,A10003,4,Polo básico,Ropa,6,Jockey Plaza,0,0,2,0,2
20260320,2026-03-20,2026,3,March,6,A10003,4,Polo básico,Ropa,6,Jockey Plaza,0,0,2,0,2
20260321,2026-03-21,2026,3,March,6,A10003,4,Polo básico,Ropa,6,Jockey Plaza,0,0,2,0,2
20260322,2026-03-22,2026,3,March,6,A10003,4,Polo básico,Ropa,6,Jockey Plaza,0,0,2,0,2
20260323,2026-03-23,2026,3,March,6,A10003,4,Polo básico,Ropa,6,Jockey Plaza,0,0,2,0,2
20260324,2026-03-24,2026,3,March,6,A10003,4,Polo básico,Ropa,6,Jockey Plaza,0,0,2,0,2
20260325,2026-03-25,2026,3,March,6,A10003,4,Polo básico,Ropa,6,Jockey Plaza,0,0,2,0,2
20260326,2026-03-26,2026,3,March,6,A10003,4,Polo básico,Ropa,6,Jockey Plaza,0,0,2,0,2
20260327,2026-03-27,2026,3,March,6,A10003,4,Polo básico,Ropa,6,Jockey Plaza,0,0,2,0,2
20260328,2026-03-28,2026,3,March,6,A10003,4,Polo básico,Ropa,6,Jockey Plaza,0,0,2,0,2
20260329,2026-03-29,2026,3,March,6,A10003,4,Polo básico,Ropa,6,Jockey Plaza,0,0,2,0,2
20260330,2026-03-30,2026,3,March,6,A10003,4,Polo básico,Ropa,6,Jockey Plaza,0,0,2,0,2
20260331,2026-03-31,2026,3,March,6,A10003,4,Polo básico,Ropa,6,Jockey Plaza,0,0,2,0,2
20260101,2026-01-01,2026,1,January,6,A10003,4,Polo básico,Ropa,7,Real Plaza Arequipa,0,0,0,0,0
20260102,2026-01-02,2026,1,Enero,6,A10003,4,Polo básico,Ropa,7,Real Plaza Arequipa,0,0,0,0,0
20260103,2026-01-03,2026,1,Enero,6,A10003,4,Polo básico,Ropa,7,Real Plaza Arequipa,0,0,0,0,0
20260104,2026-01-04,2026,1,Enero,6,A10003,4,Polo básico,Ropa,7,Real Plaza Arequipa,0,0,0,0,0
20260105,2026-01-05,2026,1,January,6,A10003,4,Polo básico,Ropa,7,Real Plaza Arequipa,0,0,0,0,0
20260106,2026-01-06,2026,1,January,6,A10003,4,Polo básico,Ropa,7,Real Plaza Arequipa,0,0,0,0,0
20260107,2026-01-07,2026,1,January,6,A10003,4,Polo básico,Ropa,7,Real Plaza Arequipa,0,0,0,0,0
20260108,2026-01-08,2026,1,January,6,A10003,4,Polo básico,Ropa,7,Real Plaza Arequipa,0,0,0,0,0
20260109,2026-01-09,2026,1,January,6,A10003,4,Polo básico,Ropa,7,Real Plaza Arequipa,0,0,0,0,0
20260110,2026-01-10,2026,1,January,6,A10003,4,Polo básico,Ropa,7,Real Plaza Arequipa,0,0,0,0,0
20260111,2026-01-11,2026,1,January,6,A10003,4,Polo básico,Ropa,7,Real Plaza Arequipa,0,0,0,0,0
20260112,2026-01-12,2026,1,January,6,A10003,4,Polo básico,Ropa,7,Real Plaza Arequipa,0,0,0,0,0
20260113,2026-01-13,2026,1,January,6,A10003,4,Polo básico,Ropa,7,Real Plaza Arequipa,0,0,0,0,0
20260114,2026-01-14,2026,1,January,6,A10003,4,Polo básico,Ropa,7,Real Plaza Arequipa,0,0,0,0,0
20260115,2026-01-15,2026,1,January,6,A10003,4,Polo básico,Ropa,7,Real Plaza Arequipa,0,0,0,0,0
20260116,2026-01-16,2026,1,January,6,A10003,4,Polo básico,Ropa,7,Real Plaza Arequipa,0,0,0,0,0
20260117,2026-01-17,2026,1,January,6,A10003,4,Polo básico,Ropa,7,Real Plaza Arequipa,0,0,0,0,0
20260118,2026-01-18,2026,1,January,6,A10003,4,Polo básico,Ropa,7,Real Plaza Arequipa,0,0,0,0,0
20260119,2026-01-19,2026,1,January,6,A10003,4,Polo básico,Ropa,7,Real Plaza Arequipa,0,0,0,0,0
20260120,2026-01-20,2026,1,January,6,A10003,4,Polo básico,Ropa,7,Real Plaza Arequipa,0,0,0,0,0
20260121,2026-01-21,2026,1,January,6,A10003,4,Polo básico,Ropa,7,Real Plaza Arequipa,0,0,0,0,0
20260122,2026-01-22,2026,1,January,6,A10003,4,Polo básico,Ropa,7,Real Plaza Arequipa,0,0,0,0,0
20260123,2026-01-23,2026,1,January,6,A10003,4,Polo básico,Ropa,7,Real Plaza Arequipa,0,0,0,0,0
20260124,2026-01-24,2026,1,January,6,A10003,4,Polo básico,Ropa,7,Real Plaza Arequipa,0,0,0,0,0
20260125,2026-01-25,2026,1,January,6,A10003,4,Polo básico,Ropa,7,Real Plaza Arequipa,0,0,0,0,0
20260126,2026-01-26,2026,1,January,6,A10003,4,Polo básico,Ropa,7,Real Plaza Arequipa,0,0,0,0,0
20260127,2026-01-27,2026,1,January,6,A10003,4,Polo básico,Ropa,7,Real Plaza Arequipa,0,0,0,0,0
20260128,2026-01-28,2026,1,January,6,A10003,4,Polo básico,Ropa,7,Real Plaza Arequipa,0,0,0,0,0
20260129,2026-01-29,2026,1,January,6,A10003,4,Polo básico,Ropa,7,Real Plaza Arequipa,0,0,0,0,0
20260130,2026-01-30,2026,1,January,6,A10003,4,Polo básico,Ropa,7,Real Plaza Arequipa,0,0,0,0,0
20260131,2026-01-31,2026,1,January,6,A10003,4,Polo básico,Ropa,7,Real Plaza Arequipa,0,0,0,0,0
20260201,2026-02-01,2026,2,February,6,A10003,4,Polo básico,Ropa,7,Real Plaza Arequipa,0,0,0,0,0
20260202,2026-02-02,2026,2,February,6,A10003,4,Polo básico,Ropa,7,Real Plaza Arequipa,0,0,0,0,0
20260203,2026-02-03,2026,2,February,6,A10003,4,Polo básico,Ropa,7,Real Plaza Arequipa,0,0,0,0,0
20260204,2026-02-04,2026,2,February,6,A10003,4,Polo básico,Ropa,7,Real Plaza Arequipa,0,0,0,0,0
20260205,2026-02-05,2026,2,February,6,A10003,4,Polo básico,Ropa,7,Real Plaza Arequipa,0,0,0,0,0
20260206,2026-02-06,2026,2,February,6,A10003,4,Polo básico,Ropa,7,Real Plaza Arequipa,0,0,0,0,0
20260207,2026-02-07,2026,2,February,6,A10003,4,Polo básico,Ropa,7,Real Plaza Arequipa,0,0,0,0,0
20260208,2026-02-08,2026,2,February,6,A10003,4,Polo básico,Ropa,7,Real Plaza Arequipa,0,0,0,0,0
20260209,2026-02-09,2026,2,February,6,A10003,4,Polo básico,Ropa,7,Real Plaza Arequipa,0,0,0,0,0
20260210,2026-02-10,2026,2,February,6,A10003,4,Polo básico,Ropa,7,Real Plaza Arequipa,0,0,0,0,0
20260211,2026-02-11,2026,2,February,6,A10003,4,Polo básico,Ropa,7,Real Plaza Arequipa,0,0,0,0,0
20260212,2026-02-12,2026,2,February,6,A10003,4,Polo básico,Ropa,7,Real Plaza Arequipa,0,0,0,0,0
20260213,2026-02-13,2026,2,February,6,A10003,4,Polo básico,Ropa,7,Real Plaza Arequipa,0,0,0,0,0
20260214,2026-02-14,2026,2,February,6,A10003,4,Polo básico,Ropa,7,Real Plaza Arequipa,0,0,0,0,0
20260215,2026-02-15,2026,2,February,6,A10003,4,Polo básico,Ropa,7,Real Plaza Arequipa,0,0,0,0,0
20260216,2026-02-16,2026,2,February,6,A10003,4,Polo básico,Ropa,7,Real Plaza Arequipa,0,0,0,0,0
20260217,2026-02-17,2026,2,February,6,A10003,4,Polo básico,Ropa,7,Real Plaza Arequipa,0,0,0,0,0
20260218,2026-02-18,2026,2,February,6,A10003,4,Polo básico,Ropa,7,Real Plaza Arequipa,0,0,0,0,0
20260219,2026-02-19,2026,2,February,6,A10003,4,Polo básico,Ropa,7,Real Plaza Arequipa,0,0,0,0,0
20260220,2026-02-20,2026,2,February,6,A10003,4,Polo básico,Ropa,7,Real Plaza Arequipa,0,0,0,0,0
20260221,2026-02-21,2026,2,February,6,A10003,4,Polo básico,Ropa,7,Real Plaza Arequipa,0,0,0,0,0
20260222,2026-02-22,2026,2,February,6,A10003,4,Polo básico,Ropa,7,Real Plaza Arequipa,0,0,0,0,0
20260223,2026-02-23,2026,2,February,6,A10003,4,Polo básico,Ropa,7,Real Plaza Arequipa,0,0,0,0,0
20260224,2026-02-24,2026,2,February,6,A10003,4,Polo básico,Ropa,7,Real Plaza Arequipa,0,0,0,0,0
20260225,2026-02-25,2026,2,February,6,A10003,4,Polo básico,Ropa,7,Real Plaza Arequipa,0,0,0,0,0
20260226,2026-02-26,2026,2,February,6,A10003,4,Polo básico,Ropa,7,Real Plaza Arequipa,0,0,0,0,0
20260227,2026-02-27,2026,2,February,6,A10003,4,Polo básico,Ropa,7,Real Plaza Arequipa,0,0,0,0,0
20260228,2026-02-28,2026,2,February,6,A10003,4,Polo básico,Ropa,7,Real Plaza Arequipa,0,0,0,0,0
20260301,2026-03-01,2026,3,March,6,A10003,4,Polo básico,Ropa,7,Real Plaza Arequipa,0,0,0,0,0
20260302,2026-03-02,2026,3,March,6,A10003,4,Polo básico,Ropa,7,Real Plaza Arequipa,0,0,0,0,0
20260303,2026-03-03,2026,3,March,6,A10003,4,Polo básico,Ropa,7,Real Plaza Arequipa,0,0,0,0,0
20260304,2026-03-04,2026,3,March,6,A10003,4,Polo básico,Ropa,7,Real Plaza Arequipa,0,0,0,0,0
20260305,2026-03-05,2026,3,March,6,A10003,4,Polo básico,Ropa,7,Real Plaza Arequipa,0,0,0,0,0
20260306,2026-03-06,2026,3,March,6,A10003,4,Polo básico,Ropa,7,Real Plaza Arequipa,0,0,0,0,0
20260307,2026-03-07,2026,3,March,6,A10003,4,Polo básico,Ropa,7,Real Plaza Arequipa,0,0,0,0,0
20260308,2026-03-08,2026,3,March,6,A10003,4,Polo básico,Ropa,7,Real Plaza Arequipa,0,0,0,0,0
20260309,2026-03-09,2026,3,March,6,A10003,4,Polo básico,Ropa,7,Real Plaza Arequipa,0,0,0,0,0
20260310,2026-03-10,2026,3,March,6,A10003,4,Polo básico,Ropa,7,Real Plaza Arequipa,0,0,0,0,0
20260311,2026-03-11,2026,3,March,6,A10003,4,Polo básico,Ropa,7,Real Plaza Arequipa,0,0,0,0,0
20260312,2026-03-12,2026,3,March,6,A10003,4,Polo básico,Ropa,7,Real Plaza Arequipa,0,0,0,0,0
20260313,2026-03-13,2026,3,March,6,A10003,4,Polo básico,Ropa,7,Real Plaza Arequipa,0,0,0,0,0
20260314,2026-03-14,2026,3,March,6,A10003,4,Polo básico,Ropa,7,Real Plaza Arequipa,0,0,0,0,0
20260315,2026-03-15,2026,3,March,6,A10003,4,Polo básico,Ropa,7,Real Plaza Arequipa,0,0,0,0,0
20260316,2026-03-16,2026,3,March,6,A10003,4,Polo básico,Ropa,7,Real Plaza Arequipa,0,0,0,0,0
20260317,2026-03-17,2026,3,March,6,A10003,4,Polo básico,Ropa,7,Real Plaza Arequipa,0,0,0,0,0
20260318,2026-03-18,2026,3,March,6,A10003,4,Polo básico,Ropa,7,Real Plaza Arequipa,0,0,0,0,0
20260319,2026-03-19,2026,3,March,6,A10003,4,Polo básico,Ropa,7,Real Plaza Arequipa,0,0,0,0,0
20260320,2026-03-20,2026,3,March,6,A10003,4,Polo básico,Ropa,7,Real Plaza Arequipa,0,0,0,0,0
20260321,2026-03-21,2026,3,March,6,A10003,4,Polo básico,Ropa,7,Real Plaza Arequipa,0,0,0,0,0
20260322,2026-03-22,2026,3,March,6,A10003,4,Polo básico,Ropa,7,Real Plaza Arequipa,0,0,0,0,0
20260323,2026-03-23,2026,3,March,6,A10003,4,Polo básico,Ropa,7,Real Plaza Arequipa,0,0,0,0,0
20260324,2026-03-24,2026,3,March,6,A10003,4,Polo básico,Ropa,7,Real Plaza Arequipa,0,0,0,0,0
20260325,2026-03-25,2026,3,March,6,A10003,4,Polo básico,Ropa,7,Real Plaza Arequipa,0,0,0,0,0
20260326,2026-03-26,2026,3,March,6,A10003,4,Polo básico,Ropa,7,Real Plaza Arequipa,0,0,0,0,0
20260327,2026-03-27,2026,3,March,6,A10003,4,Polo básico,Ropa,7,Real Plaza Arequipa,0,0,0,0,0
20260328,2026-03-28,2026,3,March,6,A10003,4,Polo básico,Ropa,7,Real Plaza Arequipa,0,0,0,0,0
20260329,2026-03-29,2026,3,March,6,A10003,4,Polo básico,Ropa,7,Real Plaza Arequipa,0,0,0,0,0
20260330,2026-03-30,2026,3,March,6,A10003,4,Polo básico,Ropa,7,Real Plaza Arequipa,0,0,0,0,0
20260331,2026-03-31,2026,3,March,6,A10003,4,Polo básico,Ropa,7,Real Plaza Arequipa,0,0,0,0,0
20260101,2026-01-01,2026,1,January,6,A10003,4,Polo básico,Ropa,8,Mall Aventura Trujillo,0,0,0,0,0
20260102,2026-01-02,2026,1,Enero,6,A10003,4,Polo básico,Ropa,8,Mall Aventura Trujillo,0,0,0,0,0
20260103,2026-01-03,2026,1,Enero,6,A10003,4,Polo básico,Ropa,8,Mall Aventura Trujillo,0,0,0,0,0
20260104,2026-01-04,2026,1,Enero,6,A10003,4,Polo básico,Ropa,8,Mall Aventura Trujillo,0,0,0,0,0
20260105,2026-01-05,2026,1,January,6,A10003,4,Polo básico,Ropa,8,Mall Aventura Trujillo,0,0,0,0,0
20260106,2026-01-06,2026,1,January,6,A10003,4,Polo básico,Ropa,8,Mall Aventura Trujillo,0,0,0,0,0
20260107,2026-01-07,2026,1,January,6,A10003,4,Polo básico,Ropa,8,Mall Aventura Trujillo,0,0,0,0,0
20260108,2026-01-08,2026,1,January,6,A10003,4,Polo básico,Ropa,8,Mall Aventura Trujillo,0,0,0,0,0
20260109,2026-01-09,2026,1,January,6,A10003,4,Polo básico,Ropa,8,Mall Aventura Trujillo,0,0,0,0,0
20260110,2026-01-10,2026,1,January,6,A10003,4,Polo básico,Ropa,8,Mall Aventura Trujillo,0,0,0,0,0
20260111,2026-01-11,2026,1,January,6,A10003,4,Polo básico,Ropa,8,Mall Aventura Trujillo,0,0,0,0,0
20260112,2026-01-12,2026,1,January,6,A10003,4,Polo básico,Ropa,8,Mall Aventura Trujillo,0,0,0,0,0
20260113,2026-01-13,2026,1,January,6,A10003,4,Polo básico,Ropa,8,Mall Aventura Trujillo,0,0,0,0,0
20260114,2026-01-14,2026,1,January,6,A10003,4,Polo básico,Ropa,8,Mall Aventura Trujillo,0,0,0,0,0
20260115,2026-01-15,2026,1,January,6,A10003,4,Polo básico,Ropa,8,Mall Aventura Trujillo,0,0,0,0,0
20260116,2026-01-16,2026,1,January,6,A10003,4,Polo básico,Ropa,8,Mall Aventura Trujillo,0,0,0,0,0
20260117,2026-01-17,2026,1,January,6,A10003,4,Polo básico,Ropa,8,Mall Aventura Trujillo,0,0,0,0,0
20260118,2026-01-18,2026,1,January,6,A10003,4,Polo básico,Ropa,8,Mall Aventura Trujillo,0,0,0,0,0
20260119,2026-01-19,2026,1,January,6,A10003,4,Polo básico,Ropa,8,Mall Aventura Trujillo,0,0,0,0,0
20260120,2026-01-20,2026,1,January,6,A10003,4,Polo básico,Ropa,8,Mall Aventura Trujillo,0,0,0,0,0
20260121,2026-01-21,2026,1,January,6,A10003,4,Polo básico,Ropa,8,Mall Aventura Trujillo,0,0,0,0,0
20260122,2026-01-22,2026,1,January,6,A10003,4,Polo básico,Ropa,8,Mall Aventura Trujillo,0,0,0,0,0
20260123,2026-01-23,2026,1,January,6,A10003,4,Polo básico,Ropa,8,Mall Aventura Trujillo,0,0,0,0,0
20260124,2026-01-24,2026,1,January,6,A10003,4,Polo básico,Ropa,8,Mall Aventura Trujillo,0,0,0,0,0
20260125,2026-01-25,2026,1,January,6,A10003,4,Polo básico,Ropa,8,Mall Aventura Trujillo,0,0,0,0,0
20260126,2026-01-26,2026,1,January,6,A10003,4,Polo básico,Ropa,8,Mall Aventura Trujillo,0,0,0,0,0
20260127,2026-01-27,2026,1,January,6,A10003,4,Polo básico,Ropa,8,Mall Aventura Trujillo,0,0,0,0,0
20260128,2026-01-28,2026,1,January,6,A10003,4,Polo básico,Ropa,8,Mall Aventura Trujillo,0,0,0,0,0
20260129,2026-01-29,2026,1,January,6,A10003,4,Polo básico,Ropa,8,Mall Aventura Trujillo,0,0,0,0,0
20260130,2026-01-30,2026,1,January,6,A10003,4,Polo básico,Ropa,8,Mall Aventura Trujillo,0,0,0,0,0
20260131,2026-01-31,2026,1,January,6,A10003,4,Polo básico,Ropa,8,Mall Aventura Trujillo,0,0,0,0,0
20260201,2026-02-01,2026,2,February,6,A10003,4,Polo básico,Ropa,8,Mall Aventura Trujillo,0,0,0,0,0
20260202,2026-02-02,2026,2,February,6,A10003,4,Polo básico,Ropa,8,Mall Aventura Trujillo,0,0,0,0,0
20260203,2026-02-03,2026,2,February,6,A10003,4,Polo básico,Ropa,8,Mall Aventura Trujillo,0,0,0,0,0
20260204,2026-02-04,2026,2,February,6,A10003,4,Polo básico,Ropa,8,Mall Aventura Trujillo,0,0,0,0,0
20260205,2026-02-05,2026,2,February,6,A10003,4,Polo básico,Ropa,8,Mall Aventura Trujillo,0,0,0,0,0
20260206,2026-02-06,2026,2,February,6,A10003,4,Polo básico,Ropa,8,Mall Aventura Trujillo,0,0,0,0,0
20260207,2026-02-07,2026,2,February,6,A10003,4,Polo básico,Ropa,8,Mall Aventura Trujillo,0,0,0,0,0
20260208,2026-02-08,2026,2,February,6,A10003,4,Polo básico,Ropa,8,Mall Aventura Trujillo,0,0,0,0,0
20260209,2026-02-09,2026,2,February,6,A10003,4,Polo básico,Ropa,8,Mall Aventura Trujillo,0,0,0,0,0
20260210,2026-02-10,2026,2,February,6,A10003,4,Polo básico,Ropa,8,Mall Aventura Trujillo,0,0,0,0,0
20260211,2026-02-11,2026,2,February,6,A10003,4,Polo básico,Ropa,8,Mall Aventura Trujillo,0,0,0,0,0
20260212,2026-02-12,2026,2,February,6,A10003,4,Polo básico,Ropa,8,Mall Aventura Trujillo,0,0,0,0,0
20260213,2026-02-13,2026,2,February,6,A10003,4,Polo básico,Ropa,8,Mall Aventura Trujillo,0,0,0,0,0
20260214,2026-02-14,2026,2,February,6,A10003,4,Polo básico,Ropa,8,Mall Aventura Trujillo,0,0,0,0,0
20260215,2026-02-15,2026,2,February,6,A10003,4,Polo básico,Ropa,8,Mall Aventura Trujillo,0,0,0,0,0
20260216,2026-02-16,2026,2,February,6,A10003,4,Polo básico,Ropa,8,Mall Aventura Trujillo,0,0,0,0,0
20260217,2026-02-17,2026,2,February,6,A10003,4,Polo básico,Ropa,8,Mall Aventura Trujillo,0,0,0,0,0
20260218,2026-02-18,2026,2,February,6,A10003,4,Polo básico,Ropa,8,Mall Aventura Trujillo,0,0,0,0,0
20260219,2026-02-19,2026,2,February,6,A10003,4,Polo básico,Ropa,8,Mall Aventura Trujillo,0,0,0,0,0
20260220,2026-02-20,2026,2,February,6,A10003,4,Polo básico,Ropa,8,Mall Aventura Trujillo,0,0,0,0,0
20260221,2026-02-21,2026,2,February,6,A10003,4,Polo básico,Ropa,8,Mall Aventura Trujillo,0,0,0,0,0
20260222,2026-02-22,2026,2,February,6,A10003,4,Polo básico,Ropa,8,Mall Aventura Trujillo,0,0,0,0,0
20260223,2026-02-23,2026,2,February,6,A10003,4,Polo básico,Ropa,8,Mall Aventura Trujillo,0,0,0,0,0
20260224,2026-02-24,2026,2,February,6,A10003,4,Polo básico,Ropa,8,Mall Aventura Trujillo,0,0,0,0,0
20260225,2026-02-25,2026,2,February,6,A10003,4,Polo básico,Ropa,8,Mall Aventura Trujillo,0,0,0,0,0
20260226,2026-02-26,2026,2,February,6,A10003,4,Polo básico,Ropa,8,Mall Aventura Trujillo,0,0,0,0,0
20260227,2026-02-27,2026,2,February,6,A10003,4,Polo básico,Ropa,8,Mall Aventura Trujillo,0,0,0,0,0
20260228,2026-02-28,2026,2,February,6,A10003,4,Polo básico,Ropa,8,Mall Aventura Trujillo,0,0,0,0,0
20260301,2026-03-01,2026,3,March,6,A10003,4,Polo básico,Ropa,8,Mall Aventura Trujillo,0,0,0,0,0
20260302,2026-03-02,2026,3,March,6,A10003,4,Polo básico,Ropa,8,Mall Aventura Trujillo,0,0,0,0,0
20260303,2026-03-03,2026,3,March,6,A10003,4,Polo básico,Ropa,8,Mall Aventura Trujillo,0,0,0,0,0
20260304,2026-03-04,2026,3,March,6,A10003,4,Polo básico,Ropa,8,Mall Aventura Trujillo,0,0,0,0,0
20260305,2026-03-05,2026,3,March,6,A10003,4,Polo básico,Ropa,8,Mall Aventura Trujillo,0,0,0,0,0
20260306,2026-03-06,2026,3,March,6,A10003,4,Polo básico,Ropa,8,Mall Aventura Trujillo,0,0,0,0,0
20260307,2026-03-07,2026,3,March,6,A10003,4,Polo básico,Ropa,8,Mall Aventura Trujillo,0,0,0,0,0
20260308,2026-03-08,2026,3,March,6,A10003,4,Polo básico,Ropa,8,Mall Aventura Trujillo,0,0,0,0,0
20260309,2026-03-09,2026,3,March,6,A10003,4,Polo básico,Ropa,8,Mall Aventura Trujillo,0,0,0,0,0
20260310,2026-03-10,2026,3,March,6,A10003,4,Polo básico,Ropa,8,Mall Aventura Trujillo,0,0,0,0,0
20260311,2026-03-11,2026,3,March,6,A10003,4,Polo básico,Ropa,8,Mall Aventura Trujillo,0,0,0,0,0
20260312,2026-03-12,2026,3,March,6,A10003,4,Polo básico,Ropa,8,Mall Aventura Trujillo,0,0,0,0,0
20260313,2026-03-13,2026,3,March,6,A10003,4,Polo básico,Ropa,8,Mall Aventura Trujillo,0,0,0,0,0
20260314,2026-03-14,2026,3,March,6,A10003,4,Polo básico,Ropa,8,Mall Aventura Trujillo,0,0,0,0,0
20260315,2026-03-15,2026,3,March,6,A10003,4,Polo básico,Ropa,8,Mall Aventura Trujillo,0,0,0,0,0
20260316,2026-03-16,2026,3,March,6,A10003,4,Polo básico,Ropa,8,Mall Aventura Trujillo,0,0,0,0,0
20260317,2026-03-17,2026,3,March,6,A10003,4,Polo básico,Ropa,8,Mall Aventura Trujillo,0,0,0,0,0
20260318,2026-03-18,2026,3,March,6,A10003,4,Polo básico,Ropa,8,Mall Aventura Trujillo,0,0,0,0,0
20260319,2026-03-19,2026,3,March,6,A10003,4,Polo básico,Ropa,8,Mall Aventura Trujillo,0,0,0,0,0
20260320,2026-03-20,2026,3,March,6,A10003,4,Polo básico,Ropa,8,Mall Aventura Trujillo,0,0,0,0,0
20260321,2026-03-21,2026,3,March,6,A10003,4,Polo básico,Ropa,8,Mall Aventura Trujillo,0,0,0,0,0
20260322,2026-03-22,2026,3,March,6,A10003,4,Polo básico,Ropa,8,Mall Aventura Trujillo,0,0,0,0,0
20260323,2026-03-23,2026,3,March,6,A10003,4,Polo básico,Ropa,8,Mall Aventura Trujillo,0,0,0,0,0
20260324,2026-03-24,2026,3,March,6,A10003,4,Polo básico,Ropa,8,Mall Aventura Trujillo,0,0,0,0,0
20260325,2026-03-25,2026,3,March,6,A10003,4,Polo básico,Ropa,8,Mall Aventura Trujillo,0,0,0,0,0
20260326,2026-03-26,2026,3,March,6,A10003,4,Polo básico,Ropa,8,Mall Aventura Trujillo,0,0,0,0,0
20260327,2026-03-27,2026,3,March,6,A10003,4,Polo básico,Ropa,8,Mall Aventura Trujillo,0,0,0,0,0
20260328,2026-03-28,2026,3,March,6,A10003,4,Polo básico,Ropa,8,Mall Aventura Trujillo,0,0,0,0,0
20260329,2026-03-29,2026,3,March,6,A10003,4,Polo básico,Ropa,8,Mall Aventura Trujillo,0,0,0,0,0
20260330,2026-03-30,2026,3,March,6,A10003,4,Polo básico,Ropa,8,Mall Aventura Trujillo,0,0,0,0,0
20260331,2026-03-31,2026,3,March,6,A10003,4,Polo básico,Ropa,8,Mall Aventura Trujillo,0,0,0,0,0
20260101,2026-01-01,2026,1,January,7,A20001,5,Camisa Oxford,Ropa,5,Web Nacional,0,0,0,0,0
20260102,2026-01-02,2026,1,Enero,7,A20001,5,Camisa Oxford,Ropa,5,Web Nacional,0,0,0,0,0
20260103,2026-01-03,2026,1,Enero,7,A20001,5,Camisa Oxford,Ropa,5,Web Nacional,0,0,0,0,0
20260104,2026-01-04,2026,1,Enero,7,A20001,5,Camisa Oxford,Ropa,5,Web Nacional,0,0,0,0,0
20260105,2026-01-05,2026,1,January,7,A20001,5,Camisa Oxford,Ropa,5,Web Nacional,0,0,0,0,0
20260106,2026-01-06,2026,1,January,7,A20001,5,Camisa Oxford,Ropa,5,Web Nacional,0,0,0,0,0
20260107,2026-01-07,2026,1,January,7,A20001,5,Camisa Oxford,Ropa,5,Web Nacional,0,0,0,0,0
20260108,2026-01-08,2026,1,January,7,A20001,5,Camisa Oxford,Ropa,5,Web Nacional,0,0,0,0,0
20260109,2026-01-09,2026,1,January,7,A20001,5,Camisa Oxford,Ropa,5,Web Nacional,0,0,0,0,0
20260110,2026-01-10,2026,1,January,7,A20001,5,Camisa Oxford,Ropa,5,Web Nacional,0,0,0,0,0
20260111,2026-01-11,2026,1,January,7,A20001,5,Camisa Oxford,Ropa,5,Web Nacional,0,0,0,0,0
20260112,2026-01-12,2026,1,January,7,A20001,5,Camisa Oxford,Ropa,5,Web Nacional,0,0,0,0,0
20260113,2026-01-13,2026,1,January,7,A20001,5,Camisa Oxford,Ropa,5,Web Nacional,0,0,0,0,0
20260114,2026-01-14,2026,1,January,7,A20001,5,Camisa Oxford,Ropa,5,Web Nacional,0,0,0,0,0
20260115,2026-01-15,2026,1,January,7,A20001,5,Camisa Oxford,Ropa,5,Web Nacional,0,0,0,0,0
20260116,2026-01-16,2026,1,January,7,A20001,5,Camisa Oxford,Ropa,5,Web Nacional,0,0,0,0,0
20260117,2026-01-17,2026,1,January,7,A20001,5,Camisa Oxford,Ropa,5,Web Nacional,0,0,0,0,0
20260118,2026-01-18,2026,1,January,7,A20001,5,Camisa Oxford,Ropa,5,Web Nacional,0,0,0,0,0
20260119,2026-01-19,2026,1,January,7,A20001,5,Camisa Oxford,Ropa,5,Web Nacional,0,0,0,0,0
20260120,2026-01-20,2026,1,January,7,A20001,5,Camisa Oxford,Ropa,5,Web Nacional,0,0,0,0,0
20260121,2026-01-21,2026,1,January,7,A20001,5,Camisa Oxford,Ropa,5,Web Nacional,0,0,0,0,0
20260122,2026-01-22,2026,1,January,7,A20001,5,Camisa Oxford,Ropa,5,Web Nacional,0,0,0,0,0
20260123,2026-01-23,2026,1,January,7,A20001,5,Camisa Oxford,Ropa,5,Web Nacional,0,0,0,0,0
20260124,2026-01-24,2026,1,January,7,A20001,5,Camisa Oxford,Ropa,5,Web Nacional,0,0,0,0,0
20260125,2026-01-25,2026,1,January,7,A20001,5,Camisa Oxford,Ropa,5,Web Nacional,0,0,0,0,0
20260126,2026-01-26,2026,1,January,7,A20001,5,Camisa Oxford,Ropa,5,Web Nacional,0,0,0,0,0
20260127,2026-01-27,2026,1,January,7,A20001,5,Camisa Oxford,Ropa,5,Web Nacional,0,0,0,0,0
20260128,2026-01-28,2026,1,January,7,A20001,5,Camisa Oxford,Ropa,5,Web Nacional,0,0,0,0,0
20260129,2026-01-29,2026,1,January,7,A20001,5,Camisa Oxford,Ropa,5,Web Nacional,0,0,0,0,0
20260130,2026-01-30,2026,1,January,7,A20001,5,Camisa Oxford,Ropa,5,Web Nacional,0,0,0,0,0
20260131,2026-01-31,2026,1,January,7,A20001,5,Camisa Oxford,Ropa,5,Web Nacional,0,0,0,0,0
20260201,2026-02-01,2026,2,February,7,A20001,5,Camisa Oxford,Ropa,5,Web Nacional,0,0,0,0,0
20260202,2026-02-02,2026,2,February,7,A20001,5,Camisa Oxford,Ropa,5,Web Nacional,0,0,0,0,0
20260203,2026-02-03,2026,2,February,7,A20001,5,Camisa Oxford,Ropa,5,Web Nacional,0,0,0,0,0
20260204,2026-02-04,2026,2,February,7,A20001,5,Camisa Oxford,Ropa,5,Web Nacional,0,0,0,0,0
20260205,2026-02-05,2026,2,February,7,A20001,5,Camisa Oxford,Ropa,5,Web Nacional,0,0,0,0,0
20260206,2026-02-06,2026,2,February,7,A20001,5,Camisa Oxford,Ropa,5,Web Nacional,0,0,0,0,0
20260207,2026-02-07,2026,2,February,7,A20001,5,Camisa Oxford,Ropa,5,Web Nacional,0,0,0,0,0
20260208,2026-02-08,2026,2,February,7,A20001,5,Camisa Oxford,Ropa,5,Web Nacional,0,0,0,0,0
20260209,2026-02-09,2026,2,February,7,A20001,5,Camisa Oxford,Ropa,5,Web Nacional,0,0,0,0,0
20260210,2026-02-10,2026,2,February,7,A20001,5,Camisa Oxford,Ropa,5,Web Nacional,0,0,0,0,0
20260211,2026-02-11,2026,2,February,7,A20001,5,Camisa Oxford,Ropa,5,Web Nacional,0,0,0,0,0
20260212,2026-02-12,2026,2,February,7,A20001,5,Camisa Oxford,Ropa,5,Web Nacional,0,0,0,0,0
20260213,2026-02-13,2026,2,February,7,A20001,5,Camisa Oxford,Ropa,5,Web Nacional,0,0,0,0,0
20260214,2026-02-14,2026,2,February,7,A20001,5,Camisa Oxford,Ropa,5,Web Nacional,0,0,0,0,0
20260215,2026-02-15,2026,2,February,7,A20001,5,Camisa Oxford,Ropa,5,Web Nacional,0,0,0,0,0
20260216,2026-02-16,2026,2,February,7,A20001,5,Camisa Oxford,Ropa,5,Web Nacional,0,0,0,0,0
20260217,2026-02-17,2026,2,February,7,A20001,5,Camisa Oxford,Ropa,5,Web Nacional,0,0,0,0,0
20260218,2026-02-18,2026,2,February,7,A20001,5,Camisa Oxford,Ropa,5,Web Nacional,0,0,0,0,0
20260219,2026-02-19,2026,2,February,7,A20001,5,Camisa Oxford,Ropa,5,Web Nacional,0,0,0,0,0
20260220,2026-02-20,2026,2,February,7,A20001,5,Camisa Oxford,Ropa,5,Web Nacional,0,0,0,0,0
20260221,2026-02-21,2026,2,February,7,A20001,5,Camisa Oxford,Ropa,5,Web Nacional,0,0,0,0,0
20260222,2026-02-22,2026,2,February,7,A20001,5,Camisa Oxford,Ropa,5,Web Nacional,0,0,0,0,0
20260223,2026-02-23,2026,2,February,7,A20001,5,Camisa Oxford,Ropa,5,Web Nacional,0,0,0,0,0
20260224,2026-02-24,2026,2,February,7,A20001,5,Camisa Oxford,Ropa,5,Web Nacional,0,0,0,0,0
20260225,2026-02-25,2026,2,February,7,A20001,5,Camisa Oxford,Ropa,5,Web Nacional,0,0,0,0,0
20260226,2026-02-26,2026,2,February,7,A20001,5,Camisa Oxford,Ropa,5,Web Nacional,0,0,0,0,0
20260227,2026-02-27,2026,2,February,7,A20001,5,Camisa Oxford,Ropa,5,Web Nacional,0,0,0,0,0
20260228,2026-02-28,2026,2,February,7,A20001,5,Camisa Oxford,Ropa,5,Web Nacional,0,0,0,0,0
20260301,2026-03-01,2026,3,March,7,A20001,5,Camisa Oxford,Ropa,5,Web Nacional,0,0,0,0,0
20260302,2026-03-02,2026,3,March,7,A20001,5,Camisa Oxford,Ropa,5,Web Nacional,0,0,0,0,0
20260303,2026-03-03,2026,3,March,7,A20001,5,Camisa Oxford,Ropa,5,Web Nacional,0,0,0,0,0
20260304,2026-03-04,2026,3,March,7,A20001,5,Camisa Oxford,Ropa,5,Web Nacional,0,0,0,0,0
20260305,2026-03-05,2026,3,March,7,A20001,5,Camisa Oxford,Ropa,5,Web Nacional,0,0,0,0,0
20260306,2026-03-06,2026,3,March,7,A20001,5,Camisa Oxford,Ropa,5,Web Nacional,0,0,0,0,0
20260307,2026-03-07,2026,3,March,7,A20001,5,Camisa Oxford,Ropa,5,Web Nacional,0,0,0,0,0
20260308,2026-03-08,2026,3,March,7,A20001,5,Camisa Oxford,Ropa,5,Web Nacional,0,0,0,0,0
20260309,2026-03-09,2026,3,March,7,A20001,5,Camisa Oxford,Ropa,5,Web Nacional,0,0,0,0,0
20260310,2026-03-10,2026,3,March,7,A20001,5,Camisa Oxford,Ropa,5,Web Nacional,0,0,0,0,0
20260311,2026-03-11,2026,3,March,7,A20001,5,Camisa Oxford,Ropa,5,Web Nacional,0,0,0,0,0
20260312,2026-03-12,2026,3,March,7,A20001,5,Camisa Oxford,Ropa,5,Web Nacional,0,0,0,0,0
20260313,2026-03-13,2026,3,March,7,A20001,5,Camisa Oxford,Ropa,5,Web Nacional,0,0,0,0,0
20260314,2026-03-14,2026,3,March,7,A20001,5,Camisa Oxford,Ropa,5,Web Nacional,0,0,0,0,0
20260315,2026-03-15,2026,3,March,7,A20001,5,Camisa Oxford,Ropa,5,Web Nacional,0,0,0,0,0
20260316,2026-03-16,2026,3,March,7,A20001,5,Camisa Oxford,Ropa,5,Web Nacional,0,0,0,0,0
20260317,2026-03-17,2026,3,March,7,A20001,5,Camisa Oxford,Ropa,5,Web Nacional,0,0,0,0,0
20260318,2026-03-18,2026,3,March,7,A20001,5,Camisa Oxford,Ropa,5,Web Nacional,0,0,0,0,0
20260319,2026-03-19,2026,3,March,7,A20001,5,Camisa Oxford,Ropa,5,Web Nacional,0,0,0,0,0
20260320,2026-03-20,2026,3,March,7,A20001,5,Camisa Oxford,Ropa,5,Web Nacional,0,0,0,0,0
20260321,2026-03-21,2026,3,March,7,A20001,5,Camisa Oxford,Ropa,5,Web Nacional,0,0,0,0,0
20260322,2026-03-22,2026,3,March,7,A20001,5,Camisa Oxford,Ropa,5,Web Nacional,0,0,0,0,0
20260323,2026-03-23,2026,3,March,7,A20001,5,Camisa Oxford,Ropa,5,Web Nacional,0,0,0,0,0
20260324,2026-03-24,2026,3,March,7,A20001,5,Camisa Oxford,Ropa,5,Web Nacional,0,0,0,0,0
20260325,2026-03-25,2026,3,March,7,A20001,5,Camisa Oxford,Ropa,5,Web Nacional,0,0,0,0,0
20260326,2026-03-26,2026,3,March,7,A20001,5,Camisa Oxford,Ropa,5,Web Nacional,0,0,0,0,0
20260327,2026-03-27,2026,3,March,7,A20001,5,Camisa Oxford,Ropa,5,Web Nacional,0,0,0,0,0
20260328,2026-03-28,2026,3,March,7,A20001,5,Camisa Oxford,Ropa,5,Web Nacional,0,0,0,0,0
20260329,2026-03-29,2026,3,March,7,A20001,5,Camisa Oxford,Ropa,5,Web Nacional,0,0,0,0,0
20260330,2026-03-30,2026,3,March,7,A20001,5,Camisa Oxford,Ropa,5,Web Nacional,0,0,0,0,0
20260331,2026-03-31,2026,3,March,7,A20001,5,Camisa Oxford,Ropa,5,Web Nacional,0,0,0,0,0
20260101,2026-01-01,2026,1,January,7,A20001,5,Camisa Oxford,Ropa,6,Jockey Plaza,11,0,11,0,11
20260102,2026-01-02,2026,1,Enero,7,A20001,5,Camisa Oxford,Ropa,6,Jockey Plaza,-4,0,7,0,7
20260103,2026-01-03,2026,1,Enero,7,A20001,5,Camisa Oxford,Ropa,6,Jockey Plaza,0,0,7,0,7
20260104,2026-01-04,2026,1,Enero,7,A20001,5,Camisa Oxford,Ropa,6,Jockey Plaza,0,0,7,0,7
20260105,2026-01-05,2026,1,January,7,A20001,5,Camisa Oxford,Ropa,6,Jockey Plaza,0,0,7,0,7
20260106,2026-01-06,2026,1,January,7,A20001,5,Camisa Oxford,Ropa,6,Jockey Plaza,0,0,7,0,7
20260107,2026-01-07,2026,1,January,7,A20001,5,Camisa Oxford,Ropa,6,Jockey Plaza,0,0,7,0,7
20260108,2026-01-08,2026,1,January,7,A20001,5,Camisa Oxford,Ropa,6,Jockey Plaza,0,0,7,0,7
20260109,2026-01-09,2026,1,January,7,A20001,5,Camisa Oxford,Ropa,6,Jockey Plaza,0,0,7,0,7
20260110,2026-01-10,2026,1,January,7,A20001,5,Camisa Oxford,Ropa,6,Jockey Plaza,0,0,7,0,7
20260111,2026-01-11,2026,1,January,7,A20001,5,Camisa Oxford,Ropa,6,Jockey Plaza,0,0,7,0,7
20260112,2026-01-12,2026,1,January,7,A20001,5,Camisa Oxford,Ropa,6,Jockey Plaza,-1,0,6,0,6
20260113,2026-01-13,2026,1,January,7,A20001,5,Camisa Oxford,Ropa,6,Jockey Plaza,0,0,6,0,6
20260114,2026-01-14,2026,1,January,7,A20001,5,Camisa Oxford,Ropa,6,Jockey Plaza,0,0,6,0,6
20260115,2026-01-15,2026,1,January,7,A20001,5,Camisa Oxford,Ropa,6,Jockey Plaza,0,0,6,0,6
20260116,2026-01-16,2026,1,January,7,A20001,5,Camisa Oxford,Ropa,6,Jockey Plaza,0,0,6,0,6
20260117,2026-01-17,2026,1,January,7,A20001,5,Camisa Oxford,Ropa,6,Jockey Plaza,0,0,6,0,6
20260118,2026-01-18,2026,1,January,7,A20001,5,Camisa Oxford,Ropa,6,Jockey Plaza,0,0,6,0,6
20260119,2026-01-19,2026,1,January,7,A20001,5,Camisa Oxford,Ropa,6,Jockey Plaza,0,0,6,0,6
20260120,2026-01-20,2026,1,January,7,A20001,5,Camisa Oxford,Ropa,6,Jockey Plaza,0,0,6,0,6
20260121,2026-01-21,2026,1,January,7,A20001,5,Camisa Oxford,Ropa,6,Jockey Plaza,0,0,6,0,6
20260122,2026-01-22,2026,1,January,7,A20001,5,Camisa Oxford,Ropa,6,Jockey Plaza,0,0,6,0,6
20260123,2026-01-23,2026,1,January,7,A20001,5,Camisa Oxford,Ropa,6,Jockey Plaza,0,0,6,0,6
20260124,2026-01-24,2026,1,January,7,A20001,5,Camisa Oxford,Ropa,6,Jockey Plaza,0,0,6,0,6
20260125,2026-01-25,2026,1,January,7,A20001,5,Camisa Oxford,Ropa,6,Jockey Plaza,0,0,6,0,6
20260126,2026-01-26,2026,1,January,7,A20001,5,Camisa Oxford,Ropa,6,Jockey Plaza,0,0,6,0,6
20260127,2026-01-27,2026,1,January,7,A20001,5,Camisa Oxford,Ropa,6,Jockey Plaza,0,0,6,0,6
20260128,2026-01-28,2026,1,January,7,A20001,5,Camisa Oxford,Ropa,6,Jockey Plaza,0,0,6,0,6
20260129,2026-01-29,2026,1,January,7,A20001,5,Camisa Oxford,Ropa,6,Jockey Plaza,0,0,6,0,6
20260130,2026-01-30,2026,1,January,7,A20001,5,Camisa Oxford,Ropa,6,Jockey Plaza,0,0,6,0,6
20260131,2026-01-31,2026,1,January,7,A20001,5,Camisa Oxford,Ropa,6,Jockey Plaza,0,0,6,0,6
20260201,2026-02-01,2026,2,February,7,A20001,5,Camisa Oxford,Ropa,6,Jockey Plaza,0,0,6,0,6
20260202,2026-02-02,2026,2,February,7,A20001,5,Camisa Oxford,Ropa,6,Jockey Plaza,0,0,6,0,6
20260203,2026-02-03,2026,2,February,7,A20001,5,Camisa Oxford,Ropa,6,Jockey Plaza,0,0,6,0,6
20260204,2026-02-04,2026,2,February,7,A20001,5,Camisa Oxford,Ropa,6,Jockey Plaza,0,0,6,0,6
20260205,2026-02-05,2026,2,February,7,A20001,5,Camisa Oxford,Ropa,6,Jockey Plaza,0,0,6,0,6
20260206,2026-02-06,2026,2,February,7,A20001,5,Camisa Oxford,Ropa,6,Jockey Plaza,0,0,6,0,6
20260207,2026-02-07,2026,2,February,7,A20001,5,Camisa Oxford,Ropa,6,Jockey Plaza,0,0,6,0,6
20260208,2026-02-08,2026,2,February,7,A20001,5,Camisa Oxford,Ropa,6,Jockey Plaza,0,0,6,0,6
20260209,2026-02-09,2026,2,February,7,A20001,5,Camisa Oxford,Ropa,6,Jockey Plaza,-1,0,5,0,5
20260210,2026-02-10,2026,2,February,7,A20001,5,Camisa Oxford,Ropa,6,Jockey Plaza,0,0,5,0,5
20260211,2026-02-11,2026,2,February,7,A20001,5,Camisa Oxford,Ropa,6,Jockey Plaza,0,0,5,0,5
20260212,2026-02-12,2026,2,February,7,A20001,5,Camisa Oxford,Ropa,6,Jockey Plaza,0,0,5,0,5
20260213,2026-02-13,2026,2,February,7,A20001,5,Camisa Oxford,Ropa,6,Jockey Plaza,0,0,5,0,5
20260214,2026-02-14,2026,2,February,7,A20001,5,Camisa Oxford,Ropa,6,Jockey Plaza,0,0,5,0,5
20260215,2026-02-15,2026,2,February,7,A20001,5,Camisa Oxford,Ropa,6,Jockey Plaza,0,0,5,0,5
20260216,2026-02-16,2026,2,February,7,A20001,5,Camisa Oxford,Ropa,6,Jockey Plaza,0,0,5,0,5
20260217,2026-02-17,2026,2,February,7,A20001,5,Camisa Oxford,Ropa,6,Jockey Plaza,0,0,5,0,5
20260218,2026-02-18,2026,2,February,7,A20001,5,Camisa Oxford,Ropa,6,Jockey Plaza,0,0,5,0,5
20260219,2026-02-19,2026,2,February,7,A20001,5,Camisa Oxford,Ropa,6,Jockey Plaza,0,0,5,0,5
20260220,2026-02-20,2026,2,February,7,A20001,5,Camisa Oxford,Ropa,6,Jockey Plaza,0,0,5,0,5
20260221,2026-02-21,2026,2,February,7,A20001,5,Camisa Oxford,Ropa,6,Jockey Plaza,0,0,5,0,5
20260222,2026-02-22,2026,2,February,7,A20001,5,Camisa Oxford,Ropa,6,Jockey Plaza,0,0,5,0,5
20260223,2026-02-23,2026,2,February,7,A20001,5,Camisa Oxford,Ropa,6,Jockey Plaza,0,0,5,0,5
20260224,2026-02-24,2026,2,February,7,A20001,5,Camisa Oxford,Ropa,6,Jockey Plaza,0,0,5,0,5
20260225,2026-02-25,2026,2,February,7,A20001,5,Camisa Oxford,Ropa,6,Jockey Plaza,0,0,5,0,5
20260226,2026-02-26,2026,2,February,7,A20001,5,Camisa Oxford,Ropa,6,Jockey Plaza,0,0,5,0,5
20260227,2026-02-27,2026,2,February,7,A20001,5,Camisa Oxford,Ropa,6,Jockey Plaza,0,0,5,0,5
20260228,2026-02-28,2026,2,February,7,A20001,5,Camisa Oxford,Ropa,6,Jockey Plaza,0,0,5,0,5
20260301,2026-03-01,2026,3,March,7,A20001,5,Camisa Oxford,Ropa,6,Jockey Plaza,0,0,5,0,5
20260302,2026-03-02,2026,3,March,7,A20001,5,Camisa Oxford,Ropa,6,Jockey Plaza,0,0,5,0,5
20260303,2026-03-03,2026,3,March,7,A20001,5,Camisa Oxford,Ropa,6,Jockey Plaza,0,0,5,0,5
20260304,2026-03-04,2026,3,March,7,A20001,5,Camisa Oxford,Ropa,6,Jockey Plaza,0,0,5,0,5
20260305,2026-03-05,2026,3,March,7,A20001,5,Camisa Oxford,Ropa,6,Jockey Plaza,0,0,5,0,5
20260306,2026-03-06,2026,3,March,7,A20001,5,Camisa Oxford,Ropa,6,Jockey Plaza,0,0,5,0,5
20260307,2026-03-07,2026,3,March,7,A20001,5,Camisa Oxford,Ropa,6,Jockey Plaza,0,0,5,0,5
20260308,2026-03-08,2026,3,March,7,A20001,5,Camisa Oxford,Ropa,6,Jockey Plaza,0,0,5,0,5
20260309,2026-03-09,2026,3,March,7,A20001,5,Camisa Oxford,Ropa,6,Jockey Plaza,0,0,5,0,5
20260310,2026-03-10,2026,3,March,7,A20001,5,Camisa Oxford,Ropa,6,Jockey Plaza,0,0,5,0,5
20260311,2026-03-11,2026,3,March,7,A20001,5,Camisa Oxford,Ropa,6,Jockey Plaza,0,0,5,0,5
20260312,2026-03-12,2026,3,March,7,A20001,5,Camisa Oxford,Ropa,6,Jockey Plaza,0,0,5,0,5
20260313,2026-03-13,2026,3,March,7,A20001,5,Camisa Oxford,Ropa,6,Jockey Plaza,0,0,5,0,5
20260314,2026-03-14,2026,3,March,7,A20001,5,Camisa Oxford,Ropa,6,Jockey Plaza,0,0,5,0,5
20260315,2026-03-15,2026,3,March,7,A20001,5,Camisa Oxford,Ropa,6,Jockey Plaza,0,0,5,0,5
20260316,2026-03-16,2026,3,March,7,A20001,5,Camisa Oxford,Ropa,6,Jockey Plaza,0,0,5,0,5
20260317,2026-03-17,2026,3,March,7,A20001,5,Camisa Oxford,Ropa,6,Jockey Plaza,0,0,5,0,5
20260318,2026-03-18,2026,3,March,7,A20001,5,Camisa Oxford,Ropa,6,Jockey Plaza,-3,0,2,0,2
20260319,2026-03-19,2026,3,March,7,A20001,5,Camisa Oxford,Ropa,6,Jockey Plaza,1,0,3,0,3
20260320,2026-03-20,2026,3,March,7,A20001,5,Camisa Oxford,Ropa,6,Jockey Plaza,0,0,3,0,3
20260321,2026-03-21,2026,3,March,7,A20001,5,Camisa Oxford,Ropa,6,Jockey Plaza,0,0,3,0,3
20260322,2026-03-22,2026,3,March,7,A20001,5,Camisa Oxford,Ropa,6,Jockey Plaza,0,0,3,0,3
20260323,2026-03-23,2026,3,March,7,A20001,5,Camisa Oxford,Ropa,6,Jockey Plaza,0,0,3,0,3
20260324,2026-03-24,2026,3,March,7,A20001,5,Camisa Oxford,Ropa,6,Jockey Plaza,0,0,3,0,3
20260325,2026-03-25,2026,3,March,7,A20001,5,Camisa Oxford,Ropa,6,Jockey Plaza,0,0,3,0,3
20260326,2026-03-26,2026,3,March,7,A20001,5,Camisa Oxford,Ropa,6,Jockey Plaza,0,0,3,0,3
20260327,2026-03-27,2026,3,March,7,A20001,5,Camisa Oxford,Ropa,6,Jockey Plaza,0,0,3,0,3
20260328,2026-03-28,2026,3,March,7,A20001,5,Camisa Oxford,Ropa,6,Jockey Plaza,0,0,3,0,3
20260329,2026-03-29,2026,3,March,7,A20001,5,Camisa Oxford,Ropa,6,Jockey Plaza,0,0,3,0,3
20260330,2026-03-30,2026,3,March,7,A20001,5,Camisa Oxford,Ropa,6,Jockey Plaza,0,0,3,0,3
20260331,2026-03-31,2026,3,March,7,A20001,5,Camisa Oxford,Ropa,6,Jockey Plaza,0,0,3,0,3
20260101,2026-01-01,2026,1,January,7,A20001,5,Camisa Oxford,Ropa,7,Real Plaza Arequipa,0,0,0,0,0
20260102,2026-01-02,2026,1,Enero,7,A20001,5,Camisa Oxford,Ropa,7,Real Plaza Arequipa,0,0,0,0,0
20260103,2026-01-03,2026,1,Enero,7,A20001,5,Camisa Oxford,Ropa,7,Real Plaza Arequipa,0,0,0,0,0
20260104,2026-01-04,2026,1,Enero,7,A20001,5,Camisa Oxford,Ropa,7,Real Plaza Arequipa,0,0,0,0,0
20260105,2026-01-05,2026,1,January,7,A20001,5,Camisa Oxford,Ropa,7,Real Plaza Arequipa,0,0,0,0,0
20260106,2026-01-06,2026,1,January,7,A20001,5,Camisa Oxford,Ropa,7,Real Plaza Arequipa,0,0,0,0,0
20260107,2026-01-07,2026,1,January,7,A20001,5,Camisa Oxford,Ropa,7,Real Plaza Arequipa,0,0,0,0,0
20260108,2026-01-08,2026,1,January,7,A20001,5,Camisa Oxford,Ropa,7,Real Plaza Arequipa,0,0,0,0,0
20260109,2026-01-09,2026,1,January,7,A20001,5,Camisa Oxford,Ropa,7,Real Plaza Arequipa,0,0,0,0,0
20260110,2026-01-10,2026,1,January,7,A20001,5,Camisa Oxford,Ropa,7,Real Plaza Arequipa,0,0,0,0,0
20260111,2026-01-11,2026,1,January,7,A20001,5,Camisa Oxford,Ropa,7,Real Plaza Arequipa,0,0,0,0,0
20260112,2026-01-12,2026,1,January,7,A20001,5,Camisa Oxford,Ropa,7,Real Plaza Arequipa,0,0,0,0,0
20260113,2026-01-13,2026,1,January,7,A20001,5,Camisa Oxford,Ropa,7,Real Plaza Arequipa,0,0,0,0,0
20260114,2026-01-14,2026,1,January,7,A20001,5,Camisa Oxford,Ropa,7,Real Plaza Arequipa,0,0,0,0,0
20260115,2026-01-15,2026,1,January,7,A20001,5,Camisa Oxford,Ropa,7,Real Plaza Arequipa,0,0,0,0,0
20260116,2026-01-16,2026,1,January,7,A20001,5,Camisa Oxford,Ropa,7,Real Plaza Arequipa,0,0,0,0,0
20260117,2026-01-17,2026,1,January,7,A20001,5,Camisa Oxford,Ropa,7,Real Plaza Arequipa,0,0,0,0,0
20260118,2026-01-18,2026,1,January,7,A20001,5,Camisa Oxford,Ropa,7,Real Plaza Arequipa,0,0,0,0,0
20260119,2026-01-19,2026,1,January,7,A20001,5,Camisa Oxford,Ropa,7,Real Plaza Arequipa,0,0,0,0,0
20260120,2026-01-20,2026,1,January,7,A20001,5,Camisa Oxford,Ropa,7,Real Plaza Arequipa,0,0,0,0,0
20260121,2026-01-21,2026,1,January,7,A20001,5,Camisa Oxford,Ropa,7,Real Plaza Arequipa,0,0,0,0,0
20260122,2026-01-22,2026,1,January,7,A20001,5,Camisa Oxford,Ropa,7,Real Plaza Arequipa,0,0,0,0,0
20260123,2026-01-23,2026,1,January,7,A20001,5,Camisa Oxford,Ropa,7,Real Plaza Arequipa,0,0,0,0,0
20260124,2026-01-24,2026,1,January,7,A20001,5,Camisa Oxford,Ropa,7,Real Plaza Arequipa,0,0,0,0,0
20260125,2026-01-25,2026,1,January,7,A20001,5,Camisa Oxford,Ropa,7,Real Plaza Arequipa,0,0,0,0,0
20260126,2026-01-26,2026,1,January,7,A20001,5,Camisa Oxford,Ropa,7,Real Plaza Arequipa,0,0,0,0,0
20260127,2026-01-27,2026,1,January,7,A20001,5,Camisa Oxford,Ropa,7,Real Plaza Arequipa,0,0,0,0,0
20260128,2026-01-28,2026,1,January,7,A20001,5,Camisa Oxford,Ropa,7,Real Plaza Arequipa,0,0,0,0,0
20260129,2026-01-29,2026,1,January,7,A20001,5,Camisa Oxford,Ropa,7,Real Plaza Arequipa,0,0,0,0,0
20260130,2026-01-30,2026,1,January,7,A20001,5,Camisa Oxford,Ropa,7,Real Plaza Arequipa,0,0,0,0,0
20260131,2026-01-31,2026,1,January,7,A20001,5,Camisa Oxford,Ropa,7,Real Plaza Arequipa,0,0,0,0,0
20260201,2026-02-01,2026,2,February,7,A20001,5,Camisa Oxford,Ropa,7,Real Plaza Arequipa,0,0,0,0,0
20260202,2026-02-02,2026,2,February,7,A20001,5,Camisa Oxford,Ropa,7,Real Plaza Arequipa,0,0,0,0,0
20260203,2026-02-03,2026,2,February,7,A20001,5,Camisa Oxford,Ropa,7,Real Plaza Arequipa,0,0,0,0,0
20260204,2026-02-04,2026,2,February,7,A20001,5,Camisa Oxford,Ropa,7,Real Plaza Arequipa,0,0,0,0,0
20260205,2026-02-05,2026,2,February,7,A20001,5,Camisa Oxford,Ropa,7,Real Plaza Arequipa,0,0,0,0,0
20260206,2026-02-06,2026,2,February,7,A20001,5,Camisa Oxford,Ropa,7,Real Plaza Arequipa,0,0,0,0,0
20260207,2026-02-07,2026,2,February,7,A20001,5,Camisa Oxford,Ropa,7,Real Plaza Arequipa,0,0,0,0,0
20260208,2026-02-08,2026,2,February,7,A20001,5,Camisa Oxford,Ropa,7,Real Plaza Arequipa,0,0,0,0,0
20260209,2026-02-09,2026,2,February,7,A20001,5,Camisa Oxford,Ropa,7,Real Plaza Arequipa,0,0,0,0,0
20260210,2026-02-10,2026,2,February,7,A20001,5,Camisa Oxford,Ropa,7,Real Plaza Arequipa,0,0,0,0,0
20260211,2026-02-11,2026,2,February,7,A20001,5,Camisa Oxford,Ropa,7,Real Plaza Arequipa,0,0,0,0,0
20260212,2026-02-12,2026,2,February,7,A20001,5,Camisa Oxford,Ropa,7,Real Plaza Arequipa,0,0,0,0,0
20260213,2026-02-13,2026,2,February,7,A20001,5,Camisa Oxford,Ropa,7,Real Plaza Arequipa,0,0,0,0,0
20260214,2026-02-14,2026,2,February,7,A20001,5,Camisa Oxford,Ropa,7,Real Plaza Arequipa,0,0,0,0,0
20260215,2026-02-15,2026,2,February,7,A20001,5,Camisa Oxford,Ropa,7,Real Plaza Arequipa,0,0,0,0,0
20260216,2026-02-16,2026,2,February,7,A20001,5,Camisa Oxford,Ropa,7,Real Plaza Arequipa,0,0,0,0,0
20260217,2026-02-17,2026,2,February,7,A20001,5,Camisa Oxford,Ropa,7,Real Plaza Arequipa,0,0,0,0,0
20260218,2026-02-18,2026,2,February,7,A20001,5,Camisa Oxford,Ropa,7,Real Plaza Arequipa,0,0,0,0,0
20260219,2026-02-19,2026,2,February,7,A20001,5,Camisa Oxford,Ropa,7,Real Plaza Arequipa,0,0,0,0,0
20260220,2026-02-20,2026,2,February,7,A20001,5,Camisa Oxford,Ropa,7,Real Plaza Arequipa,0,0,0,0,0
20260221,2026-02-21,2026,2,February,7,A20001,5,Camisa Oxford,Ropa,7,Real Plaza Arequipa,0,0,0,0,0
20260222,2026-02-22,2026,2,February,7,A20001,5,Camisa Oxford,Ropa,7,Real Plaza Arequipa,0,0,0,0,0
20260223,2026-02-23,2026,2,February,7,A20001,5,Camisa Oxford,Ropa,7,Real Plaza Arequipa,0,0,0,0,0
20260224,2026-02-24,2026,2,February,7,A20001,5,Camisa Oxford,Ropa,7,Real Plaza Arequipa,0,0,0,0,0
20260225,2026-02-25,2026,2,February,7,A20001,5,Camisa Oxford,Ropa,7,Real Plaza Arequipa,0,0,0,0,0
20260226,2026-02-26,2026,2,February,7,A20001,5,Camisa Oxford,Ropa,7,Real Plaza Arequipa,0,0,0,0,0
20260227,2026-02-27,2026,2,February,7,A20001,5,Camisa Oxford,Ropa,7,Real Plaza Arequipa,0,0,0,0,0
20260228,2026-02-28,2026,2,February,7,A20001,5,Camisa Oxford,Ropa,7,Real Plaza Arequipa,0,0,0,0,0
20260301,2026-03-01,2026,3,March,7,A20001,5,Camisa Oxford,Ropa,7,Real Plaza Arequipa,0,0,0,0,0
20260302,2026-03-02,2026,3,March,7,A20001,5,Camisa Oxford,Ropa,7,Real Plaza Arequipa,0,0,0,0,0
20260303,2026-03-03,2026,3,March,7,A20001,5,Camisa Oxford,Ropa,7,Real Plaza Arequipa,0,0,0,0,0
20260304,2026-03-04,2026,3,March,7,A20001,5,Camisa Oxford,Ropa,7,Real Plaza Arequipa,0,0,0,0,0
20260305,2026-03-05,2026,3,March,7,A20001,5,Camisa Oxford,Ropa,7,Real Plaza Arequipa,0,0,0,0,0
20260306,2026-03-06,2026,3,March,7,A20001,5,Camisa Oxford,Ropa,7,Real Plaza Arequipa,0,0,0,0,0
20260307,2026-03-07,2026,3,March,7,A20001,5,Camisa Oxford,Ropa,7,Real Plaza Arequipa,0,0,0,0,0
20260308,2026-03-08,2026,3,March,7,A20001,5,Camisa Oxford,Ropa,7,Real Plaza Arequipa,0,0,0,0,0
20260309,2026-03-09,2026,3,March,7,A20001,5,Camisa Oxford,Ropa,7,Real Plaza Arequipa,0,0,0,0,0
20260310,2026-03-10,2026,3,March,7,A20001,5,Camisa Oxford,Ropa,7,Real Plaza Arequipa,0,0,0,0,0
20260311,2026-03-11,2026,3,March,7,A20001,5,Camisa Oxford,Ropa,7,Real Plaza Arequipa,0,0,0,0,0
20260312,2026-03-12,2026,3,March,7,A20001,5,Camisa Oxford,Ropa,7,Real Plaza Arequipa,0,0,0,0,0
20260313,2026-03-13,2026,3,March,7,A20001,5,Camisa Oxford,Ropa,7,Real Plaza Arequipa,0,0,0,0,0
20260314,2026-03-14,2026,3,March,7,A20001,5,Camisa Oxford,Ropa,7,Real Plaza Arequipa,0,0,0,0,0
20260315,2026-03-15,2026,3,March,7,A20001,5,Camisa Oxford,Ropa,7,Real Plaza Arequipa,0,0,0,0,0
20260316,2026-03-16,2026,3,March,7,A20001,5,Camisa Oxford,Ropa,7,Real Plaza Arequipa,0,0,0,0,0
20260317,2026-03-17,2026,3,March,7,A20001,5,Camisa Oxford,Ropa,7,Real Plaza Arequipa,0,0,0,0,0
20260318,2026-03-18,2026,3,March,7,A20001,5,Camisa Oxford,Ropa,7,Real Plaza Arequipa,0,0,0,0,0
20260319,2026-03-19,2026,3,March,7,A20001,5,Camisa Oxford,Ropa,7,Real Plaza Arequipa,0,0,0,0,0
20260320,2026-03-20,2026,3,March,7,A20001,5,Camisa Oxford,Ropa,7,Real Plaza Arequipa,0,0,0,0,0
20260321,2026-03-21,2026,3,March,7,A20001,5,Camisa Oxford,Ropa,7,Real Plaza Arequipa,0,0,0,0,0
20260322,2026-03-22,2026,3,March,7,A20001,5,Camisa Oxford,Ropa,7,Real Plaza Arequipa,0,0,0,0,0
20260323,2026-03-23,2026,3,March,7,A20001,5,Camisa Oxford,Ropa,7,Real Plaza Arequipa,0,0,0,0,0
20260324,2026-03-24,2026,3,March,7,A20001,5,Camisa Oxford,Ropa,7,Real Plaza Arequipa,0,0,0,0,0
20260325,2026-03-25,2026,3,March,7,A20001,5,Camisa Oxford,Ropa,7,Real Plaza Arequipa,0,0,0,0,0
20260326,2026-03-26,2026,3,March,7,A20001,5,Camisa Oxford,Ropa,7,Real Plaza Arequipa,0,0,0,0,0
20260327,2026-03-27,2026,3,March,7,A20001,5,Camisa Oxford,Ropa,7,Real Plaza Arequipa,0,0,0,0,0
20260328,2026-03-28,2026,3,March,7,A20001,5,Camisa Oxford,Ropa,7,Real Plaza Arequipa,0,0,0,0,0
20260329,2026-03-29,2026,3,March,7,A20001,5,Camisa Oxford,Ropa,7,Real Plaza Arequipa,0,0,0,0,0
20260330,2026-03-30,2026,3,March,7,A20001,5,Camisa Oxford,Ropa,7,Real Plaza Arequipa,0,0,0,0,0
20260331,2026-03-31,2026,3,March,7,A20001,5,Camisa Oxford,Ropa,7,Real Plaza Arequipa,0,0,0,0,0
20260101,2026-01-01,2026,1,January,7,A20001,5,Camisa Oxford,Ropa,8,Mall Aventura Trujillo,0,0,0,0,0
20260102,2026-01-02,2026,1,Enero,7,A20001,5,Camisa Oxford,Ropa,8,Mall Aventura Trujillo,0,0,0,0,0
20260103,2026-01-03,2026,1,Enero,7,A20001,5,Camisa Oxford,Ropa,8,Mall Aventura Trujillo,0,0,0,0,0
20260104,2026-01-04,2026,1,Enero,7,A20001,5,Camisa Oxford,Ropa,8,Mall Aventura Trujillo,0,0,0,0,0
20260105,2026-01-05,2026,1,January,7,A20001,5,Camisa Oxford,Ropa,8,Mall Aventura Trujillo,0,0,0,0,0
20260106,2026-01-06,2026,1,January,7,A20001,5,Camisa Oxford,Ropa,8,Mall Aventura Trujillo,0,0,0,0,0
20260107,2026-01-07,2026,1,January,7,A20001,5,Camisa Oxford,Ropa,8,Mall Aventura Trujillo,0,0,0,0,0
20260108,2026-01-08,2026,1,January,7,A20001,5,Camisa Oxford,Ropa,8,Mall Aventura Trujillo,0,0,0,0,0
20260109,2026-01-09,2026,1,January,7,A20001,5,Camisa Oxford,Ropa,8,Mall Aventura Trujillo,0,0,0,0,0
20260110,2026-01-10,2026,1,January,7,A20001,5,Camisa Oxford,Ropa,8,Mall Aventura Trujillo,0,0,0,0,0
20260111,2026-01-11,2026,1,January,7,A20001,5,Camisa Oxford,Ropa,8,Mall Aventura Trujillo,0,0,0,0,0
20260112,2026-01-12,2026,1,January,7,A20001,5,Camisa Oxford,Ropa,8,Mall Aventura Trujillo,0,0,0,0,0
20260113,2026-01-13,2026,1,January,7,A20001,5,Camisa Oxford,Ropa,8,Mall Aventura Trujillo,0,0,0,0,0
20260114,2026-01-14,2026,1,January,7,A20001,5,Camisa Oxford,Ropa,8,Mall Aventura Trujillo,0,0,0,0,0
20260115,2026-01-15,2026,1,January,7,A20001,5,Camisa Oxford,Ropa,8,Mall Aventura Trujillo,0,0,0,0,0
20260116,2026-01-16,2026,1,January,7,A20001,5,Camisa Oxford,Ropa,8,Mall Aventura Trujillo,0,0,0,0,0
20260117,2026-01-17,2026,1,January,7,A20001,5,Camisa Oxford,Ropa,8,Mall Aventura Trujillo,0,0,0,0,0
20260118,2026-01-18,2026,1,January,7,A20001,5,Camisa Oxford,Ropa,8,Mall Aventura Trujillo,0,0,0,0,0
20260119,2026-01-19,2026,1,January,7,A20001,5,Camisa Oxford,Ropa,8,Mall Aventura Trujillo,0,0,0,0,0
20260120,2026-01-20,2026,1,January,7,A20001,5,Camisa Oxford,Ropa,8,Mall Aventura Trujillo,0,0,0,0,0
20260121,2026-01-21,2026,1,January,7,A20001,5,Camisa Oxford,Ropa,8,Mall Aventura Trujillo,0,0,0,0,0
20260122,2026-01-22,2026,1,January,7,A20001,5,Camisa Oxford,Ropa,8,Mall Aventura Trujillo,0,0,0,0,0
20260123,2026-01-23,2026,1,January,7,A20001,5,Camisa Oxford,Ropa,8,Mall Aventura Trujillo,0,0,0,0,0
20260124,2026-01-24,2026,1,January,7,A20001,5,Camisa Oxford,Ropa,8,Mall Aventura Trujillo,0,0,0,0,0
20260125,2026-01-25,2026,1,January,7,A20001,5,Camisa Oxford,Ropa,8,Mall Aventura Trujillo,0,0,0,0,0
20260126,2026-01-26,2026,1,January,7,A20001,5,Camisa Oxford,Ropa,8,Mall Aventura Trujillo,0,0,0,0,0
20260127,2026-01-27,2026,1,January,7,A20001,5,Camisa Oxford,Ropa,8,Mall Aventura Trujillo,0,0,0,0,0
20260128,2026-01-28,2026,1,January,7,A20001,5,Camisa Oxford,Ropa,8,Mall Aventura Trujillo,0,0,0,0,0
20260129,2026-01-29,2026,1,January,7,A20001,5,Camisa Oxford,Ropa,8,Mall Aventura Trujillo,0,0,0,0,0
20260130,2026-01-30,2026,1,January,7,A20001,5,Camisa Oxford,Ropa,8,Mall Aventura Trujillo,0,0,0,0,0
20260131,2026-01-31,2026,1,January,7,A20001,5,Camisa Oxford,Ropa,8,Mall Aventura Trujillo,0,0,0,0,0
20260201,2026-02-01,2026,2,February,7,A20001,5,Camisa Oxford,Ropa,8,Mall Aventura Trujillo,0,0,0,0,0
20260202,2026-02-02,2026,2,February,7,A20001,5,Camisa Oxford,Ropa,8,Mall Aventura Trujillo,0,0,0,0,0
20260203,2026-02-03,2026,2,February,7,A20001,5,Camisa Oxford,Ropa,8,Mall Aventura Trujillo,0,0,0,0,0
20260204,2026-02-04,2026,2,February,7,A20001,5,Camisa Oxford,Ropa,8,Mall Aventura Trujillo,0,0,0,0,0
20260205,2026-02-05,2026,2,February,7,A20001,5,Camisa Oxford,Ropa,8,Mall Aventura Trujillo,0,0,0,0,0
20260206,2026-02-06,2026,2,February,7,A20001,5,Camisa Oxford,Ropa,8,Mall Aventura Trujillo,0,0,0,0,0
20260207,2026-02-07,2026,2,February,7,A20001,5,Camisa Oxford,Ropa,8,Mall Aventura Trujillo,0,0,0,0,0
20260208,2026-02-08,2026,2,February,7,A20001,5,Camisa Oxford,Ropa,8,Mall Aventura Trujillo,0,0,0,0,0
20260209,2026-02-09,2026,2,February,7,A20001,5,Camisa Oxford,Ropa,8,Mall Aventura Trujillo,0,0,0,0,0
20260210,2026-02-10,2026,2,February,7,A20001,5,Camisa Oxford,Ropa,8,Mall Aventura Trujillo,0,0,0,0,0
20260211,2026-02-11,2026,2,February,7,A20001,5,Camisa Oxford,Ropa,8,Mall Aventura Trujillo,0,0,0,0,0
20260212,2026-02-12,2026,2,February,7,A20001,5,Camisa Oxford,Ropa,8,Mall Aventura Trujillo,0,0,0,0,0
20260213,2026-02-13,2026,2,February,7,A20001,5,Camisa Oxford,Ropa,8,Mall Aventura Trujillo,0,0,0,0,0
20260214,2026-02-14,2026,2,February,7,A20001,5,Camisa Oxford,Ropa,8,Mall Aventura Trujillo,0,0,0,0,0
20260215,2026-02-15,2026,2,February,7,A20001,5,Camisa Oxford,Ropa,8,Mall Aventura Trujillo,0,0,0,0,0
20260216,2026-02-16,2026,2,February,7,A20001,5,Camisa Oxford,Ropa,8,Mall Aventura Trujillo,0,0,0,0,0
20260217,2026-02-17,2026,2,February,7,A20001,5,Camisa Oxford,Ropa,8,Mall Aventura Trujillo,0,0,0,0,0
20260218,2026-02-18,2026,2,February,7,A20001,5,Camisa Oxford,Ropa,8,Mall Aventura Trujillo,0,0,0,0,0
20260219,2026-02-19,2026,2,February,7,A20001,5,Camisa Oxford,Ropa,8,Mall Aventura Trujillo,0,0,0,0,0
20260220,2026-02-20,2026,2,February,7,A20001,5,Camisa Oxford,Ropa,8,Mall Aventura Trujillo,0,0,0,0,0
20260221,2026-02-21,2026,2,February,7,A20001,5,Camisa Oxford,Ropa,8,Mall Aventura Trujillo,0,0,0,0,0
20260222,2026-02-22,2026,2,February,7,A20001,5,Camisa Oxford,Ropa,8,Mall Aventura Trujillo,0,0,0,0,0
20260223,2026-02-23,2026,2,February,7,A20001,5,Camisa Oxford,Ropa,8,Mall Aventura Trujillo,0,0,0,0,0
20260224,2026-02-24,2026,2,February,7,A20001,5,Camisa Oxford,Ropa,8,Mall Aventura Trujillo,0,0,0,0,0
20260225,2026-02-25,2026,2,February,7,A20001,5,Camisa Oxford,Ropa,8,Mall Aventura Trujillo,0,0,0,0,0
20260226,2026-02-26,2026,2,February,7,A20001,5,Camisa Oxford,Ropa,8,Mall Aventura Trujillo,0,0,0,0,0
20260227,2026-02-27,2026,2,February,7,A20001,5,Camisa Oxford,Ropa,8,Mall Aventura Trujillo,0,0,0,0,0
20260228,2026-02-28,2026,2,February,7,A20001,5,Camisa Oxford,Ropa,8,Mall Aventura Trujillo,0,0,0,0,0
20260301,2026-03-01,2026,3,March,7,A20001,5,Camisa Oxford,Ropa,8,Mall Aventura Trujillo,0,0,0,0,0
20260302,2026-03-02,2026,3,March,7,A20001,5,Camisa Oxford,Ropa,8,Mall Aventura Trujillo,0,0,0,0,0
20260303,2026-03-03,2026,3,March,7,A20001,5,Camisa Oxford,Ropa,8,Mall Aventura Trujillo,0,0,0,0,0
20260304,2026-03-04,2026,3,March,7,A20001,5,Camisa Oxford,Ropa,8,Mall Aventura Trujillo,0,0,0,0,0
20260305,2026-03-05,2026,3,March,7,A20001,5,Camisa Oxford,Ropa,8,Mall Aventura Trujillo,0,0,0,0,0
20260306,2026-03-06,2026,3,March,7,A20001,5,Camisa Oxford,Ropa,8,Mall Aventura Trujillo,0,0,0,0,0
20260307,2026-03-07,2026,3,March,7,A20001,5,Camisa Oxford,Ropa,8,Mall Aventura Trujillo,0,0,0,0,0
20260308,2026-03-08,2026,3,March,7,A20001,5,Camisa Oxford,Ropa,8,Mall Aventura Trujillo,0,0,0,0,0
20260309,2026-03-09,2026,3,March,7,A20001,5,Camisa Oxford,Ropa,8,Mall Aventura Trujillo,0,0,0,0,0
20260310,2026-03-10,2026,3,March,7,A20001,5,Camisa Oxford,Ropa,8,Mall Aventura Trujillo,0,0,0,0,0
20260311,2026-03-11,2026,3,March,7,A20001,5,Camisa Oxford,Ropa,8,Mall Aventura Trujillo,0,0,0,0,0
20260312,2026-03-12,2026,3,March,7,A20001,5,Camisa Oxford,Ropa,8,Mall Aventura Trujillo,0,0,0,0,0
20260313,2026-03-13,2026,3,March,7,A20001,5,Camisa Oxford,Ropa,8,Mall Aventura Trujillo,0,0,0,0,0
20260314,2026-03-14,2026,3,March,7,A20001,5,Camisa Oxford,Ropa,8,Mall Aventura Trujillo,0,0,0,0,0
20260315,2026-03-15,2026,3,March,7,A20001,5,Camisa Oxford,Ropa,8,Mall Aventura Trujillo,0,0,0,0,0
20260316,2026-03-16,2026,3,March,7,A20001,5,Camisa Oxford,Ropa,8,Mall Aventura Trujillo,0,0,0,0,0
20260317,2026-03-17,2026,3,March,7,A20001,5,Camisa Oxford,Ropa,8,Mall Aventura Trujillo,0,0,0,0,0
20260318,2026-03-18,2026,3,March,7,A20001,5,Camisa Oxford,Ropa,8,Mall Aventura Trujillo,0,0,0,0,0
20260319,2026-03-19,2026,3,March,7,A20001,5,Camisa Oxford,Ropa,8,Mall Aventura Trujillo,0,0,0,0,0
20260320,2026-03-20,2026,3,March,7,A20001,5,Camisa Oxford,Ropa,8,Mall Aventura Trujillo,0,0,0,0,0
20260321,2026-03-21,2026,3,March,7,A20001,5,Camisa Oxford,Ropa,8,Mall Aventura Trujillo,0,0,0,0,0
20260322,2026-03-22,2026,3,March,7,A20001,5,Camisa Oxford,Ropa,8,Mall Aventura Trujillo,0,0,0,0,0
20260323,2026-03-23,2026,3,March,7,A20001,5,Camisa Oxford,Ropa,8,Mall Aventura Trujillo,0,0,0,0,0
20260324,2026-03-24,2026,3,March,7,A20001,5,Camisa Oxford,Ropa,8,Mall Aventura Trujillo,0,0,0,0,0
20260325,2026-03-25,2026,3,March,7,A20001,5,Camisa Oxford,Ropa,8,Mall Aventura Trujillo,0,0,0,0,0
20260326,2026-03-26,2026,3,March,7,A20001,5,Camisa Oxford,Ropa,8,Mall Aventura Trujillo,0,0,0,0,0
20260327,2026-03-27,2026,3,March,7,A20001,5,Camisa Oxford,Ropa,8,Mall Aventura Trujillo,0,0,0,0,0
20260328,2026-03-28,2026,3,March,7,A20001,5,Camisa Oxford,Ropa,8,Mall Aventura Trujillo,0,0,0,0,0
20260329,2026-03-29,2026,3,March,7,A20001,5,Camisa Oxford,Ropa,8,Mall Aventura Trujillo,0,0,0,0,0
20260330,2026-03-30,2026,3,March,7,A20001,5,Camisa Oxford,Ropa,8,Mall Aventura Trujillo,0,0,0,0,0
20260331,2026-03-31,2026,3,March,7,A20001,5,Camisa Oxford,Ropa,8,Mall Aventura Trujillo,0,0,0,0,0
20260101,2026-01-01,2026,1,January,8,A20002,5,Camisa Oxford,Ropa,5,Web Nacional,0,0,0,0,0
20260102,2026-01-02,2026,1,Enero,8,A20002,5,Camisa Oxford,Ropa,5,Web Nacional,0,0,0,0,0
20260103,2026-01-03,2026,1,Enero,8,A20002,5,Camisa Oxford,Ropa,5,Web Nacional,0,0,0,0,0
20260104,2026-01-04,2026,1,Enero,8,A20002,5,Camisa Oxford,Ropa,5,Web Nacional,0,0,0,0,0
20260105,2026-01-05,2026,1,January,8,A20002,5,Camisa Oxford,Ropa,5,Web Nacional,0,0,0,0,0
20260106,2026-01-06,2026,1,January,8,A20002,5,Camisa Oxford,Ropa,5,Web Nacional,0,0,0,0,0
20260107,2026-01-07,2026,1,January,8,A20002,5,Camisa Oxford,Ropa,5,Web Nacional,0,0,0,0,0
20260108,2026-01-08,2026,1,January,8,A20002,5,Camisa Oxford,Ropa,5,Web Nacional,0,0,0,0,0
20260109,2026-01-09,2026,1,January,8,A20002,5,Camisa Oxford,Ropa,5,Web Nacional,0,0,0,0,0
20260110,2026-01-10,2026,1,January,8,A20002,5,Camisa Oxford,Ropa,5,Web Nacional,0,0,0,0,0
20260111,2026-01-11,2026,1,January,8,A20002,5,Camisa Oxford,Ropa,5,Web Nacional,0,0,0,0,0
20260112,2026-01-12,2026,1,January,8,A20002,5,Camisa Oxford,Ropa,5,Web Nacional,0,0,0,0,0
20260113,2026-01-13,2026,1,January,8,A20002,5,Camisa Oxford,Ropa,5,Web Nacional,0,0,0,0,0
20260114,2026-01-14,2026,1,January,8,A20002,5,Camisa Oxford,Ropa,5,Web Nacional,0,0,0,0,0
20260115,2026-01-15,2026,1,January,8,A20002,5,Camisa Oxford,Ropa,5,Web Nacional,0,0,0,0,0
20260116,2026-01-16,2026,1,January,8,A20002,5,Camisa Oxford,Ropa,5,Web Nacional,0,0,0,0,0
20260117,2026-01-17,2026,1,January,8,A20002,5,Camisa Oxford,Ropa,5,Web Nacional,0,0,0,0,0
20260118,2026-01-18,2026,1,January,8,A20002,5,Camisa Oxford,Ropa,5,Web Nacional,0,0,0,0,0
20260119,2026-01-19,2026,1,January,8,A20002,5,Camisa Oxford,Ropa,5,Web Nacional,0,0,0,0,0
20260120,2026-01-20,2026,1,January,8,A20002,5,Camisa Oxford,Ropa,5,Web Nacional,0,0,0,0,0
20260121,2026-01-21,2026,1,January,8,A20002,5,Camisa Oxford,Ropa,5,Web Nacional,0,0,0,0,0
20260122,2026-01-22,2026,1,January,8,A20002,5,Camisa Oxford,Ropa,5,Web Nacional,0,0,0,0,0
20260123,2026-01-23,2026,1,January,8,A20002,5,Camisa Oxford,Ropa,5,Web Nacional,0,0,0,0,0
20260124,2026-01-24,2026,1,January,8,A20002,5,Camisa Oxford,Ropa,5,Web Nacional,0,0,0,0,0
20260125,2026-01-25,2026,1,January,8,A20002,5,Camisa Oxford,Ropa,5,Web Nacional,0,0,0,0,0
20260126,2026-01-26,2026,1,January,8,A20002,5,Camisa Oxford,Ropa,5,Web Nacional,0,0,0,0,0
20260127,2026-01-27,2026,1,January,8,A20002,5,Camisa Oxford,Ropa,5,Web Nacional,0,0,0,0,0
20260128,2026-01-28,2026,1,January,8,A20002,5,Camisa Oxford,Ropa,5,Web Nacional,0,0,0,0,0
20260129,2026-01-29,2026,1,January,8,A20002,5,Camisa Oxford,Ropa,5,Web Nacional,0,0,0,0,0
20260130,2026-01-30,2026,1,January,8,A20002,5,Camisa Oxford,Ropa,5,Web Nacional,0,0,0,0,0
20260131,2026-01-31,2026,1,January,8,A20002,5,Camisa Oxford,Ropa,5,Web Nacional,0,0,0,0,0
20260201,2026-02-01,2026,2,February,8,A20002,5,Camisa Oxford,Ropa,5,Web Nacional,0,0,0,0,0
20260202,2026-02-02,2026,2,February,8,A20002,5,Camisa Oxford,Ropa,5,Web Nacional,0,0,0,0,0
20260203,2026-02-03,2026,2,February,8,A20002,5,Camisa Oxford,Ropa,5,Web Nacional,0,0,0,0,0
20260204,2026-02-04,2026,2,February,8,A20002,5,Camisa Oxford,Ropa,5,Web Nacional,0,0,0,0,0
20260205,2026-02-05,2026,2,February,8,A20002,5,Camisa Oxford,Ropa,5,Web Nacional,0,0,0,0,0
20260206,2026-02-06,2026,2,February,8,A20002,5,Camisa Oxford,Ropa,5,Web Nacional,0,0,0,0,0
20260207,2026-02-07,2026,2,February,8,A20002,5,Camisa Oxford,Ropa,5,Web Nacional,0,0,0,0,0
20260208,2026-02-08,2026,2,February,8,A20002,5,Camisa Oxford,Ropa,5,Web Nacional,0,0,0,0,0
20260209,2026-02-09,2026,2,February,8,A20002,5,Camisa Oxford,Ropa,5,Web Nacional,0,0,0,0,0
20260210,2026-02-10,2026,2,February,8,A20002,5,Camisa Oxford,Ropa,5,Web Nacional,0,0,0,0,0
20260211,2026-02-11,2026,2,February,8,A20002,5,Camisa Oxford,Ropa,5,Web Nacional,0,0,0,0,0
20260212,2026-02-12,2026,2,February,8,A20002,5,Camisa Oxford,Ropa,5,Web Nacional,0,0,0,0,0
20260213,2026-02-13,2026,2,February,8,A20002,5,Camisa Oxford,Ropa,5,Web Nacional,0,0,0,0,0
20260214,2026-02-14,2026,2,February,8,A20002,5,Camisa Oxford,Ropa,5,Web Nacional,0,0,0,0,0
20260215,2026-02-15,2026,2,February,8,A20002,5,Camisa Oxford,Ropa,5,Web Nacional,0,0,0,0,0
20260216,2026-02-16,2026,2,February,8,A20002,5,Camisa Oxford,Ropa,5,Web Nacional,0,0,0,0,0
20260217,2026-02-17,2026,2,February,8,A20002,5,Camisa Oxford,Ropa,5,Web Nacional,0,0,0,0,0
20260218,2026-02-18,2026,2,February,8,A20002,5,Camisa Oxford,Ropa,5,Web Nacional,0,0,0,0,0
20260219,2026-02-19,2026,2,February,8,A20002,5,Camisa Oxford,Ropa,5,Web Nacional,0,0,0,0,0
20260220,2026-02-20,2026,2,February,8,A20002,5,Camisa Oxford,Ropa,5,Web Nacional,0,0,0,0,0
20260221,2026-02-21,2026,2,February,8,A20002,5,Camisa Oxford,Ropa,5,Web Nacional,0,0,0,0,0
20260222,2026-02-22,2026,2,February,8,A20002,5,Camisa Oxford,Ropa,5,Web Nacional,0,0,0,0,0
20260223,2026-02-23,2026,2,February,8,A20002,5,Camisa Oxford,Ropa,5,Web Nacional,0,0,0,0,0
20260224,2026-02-24,2026,2,February,8,A20002,5,Camisa Oxford,Ropa,5,Web Nacional,0,0,0,0,0
20260225,2026-02-25,2026,2,February,8,A20002,5,Camisa Oxford,Ropa,5,Web Nacional,0,0,0,0,0
20260226,2026-02-26,2026,2,February,8,A20002,5,Camisa Oxford,Ropa,5,Web Nacional,0,0,0,0,0
20260227,2026-02-27,2026,2,February,8,A20002,5,Camisa Oxford,Ropa,5,Web Nacional,0,0,0,0,0
20260228,2026-02-28,2026,2,February,8,A20002,5,Camisa Oxford,Ropa,5,Web Nacional,0,0,0,0,0
20260301,2026-03-01,2026,3,March,8,A20002,5,Camisa Oxford,Ropa,5,Web Nacional,0,0,0,0,0
20260302,2026-03-02,2026,3,March,8,A20002,5,Camisa Oxford,Ropa,5,Web Nacional,0,0,0,0,0
20260303,2026-03-03,2026,3,March,8,A20002,5,Camisa Oxford,Ropa,5,Web Nacional,0,0,0,0,0
20260304,2026-03-04,2026,3,March,8,A20002,5,Camisa Oxford,Ropa,5,Web Nacional,0,0,0,0,0
20260305,2026-03-05,2026,3,March,8,A20002,5,Camisa Oxford,Ropa,5,Web Nacional,0,0,0,0,0
20260306,2026-03-06,2026,3,March,8,A20002,5,Camisa Oxford,Ropa,5,Web Nacional,0,0,0,0,0
20260307,2026-03-07,2026,3,March,8,A20002,5,Camisa Oxford,Ropa,5,Web Nacional,0,0,0,0,0
20260308,2026-03-08,2026,3,March,8,A20002,5,Camisa Oxford,Ropa,5,Web Nacional,0,0,0,0,0
20260309,2026-03-09,2026,3,March,8,A20002,5,Camisa Oxford,Ropa,5,Web Nacional,0,0,0,0,0
20260310,2026-03-10,2026,3,March,8,A20002,5,Camisa Oxford,Ropa,5,Web Nacional,0,0,0,0,0
20260311,2026-03-11,2026,3,March,8,A20002,5,Camisa Oxford,Ropa,5,Web Nacional,0,0,0,0,0
20260312,2026-03-12,2026,3,March,8,A20002,5,Camisa Oxford,Ropa,5,Web Nacional,0,0,0,0,0
20260313,2026-03-13,2026,3,March,8,A20002,5,Camisa Oxford,Ropa,5,Web Nacional,0,0,0,0,0
20260314,2026-03-14,2026,3,March,8,A20002,5,Camisa Oxford,Ropa,5,Web Nacional,0,0,0,0,0
20260315,2026-03-15,2026,3,March,8,A20002,5,Camisa Oxford,Ropa,5,Web Nacional,0,0,0,0,0
20260316,2026-03-16,2026,3,March,8,A20002,5,Camisa Oxford,Ropa,5,Web Nacional,0,0,0,0,0
20260317,2026-03-17,2026,3,March,8,A20002,5,Camisa Oxford,Ropa,5,Web Nacional,0,0,0,0,0
20260318,2026-03-18,2026,3,March,8,A20002,5,Camisa Oxford,Ropa,5,Web Nacional,0,0,0,0,0
20260319,2026-03-19,2026,3,March,8,A20002,5,Camisa Oxford,Ropa,5,Web Nacional,0,0,0,0,0
20260320,2026-03-20,2026,3,March,8,A20002,5,Camisa Oxford,Ropa,5,Web Nacional,0,0,0,0,0
20260321,2026-03-21,2026,3,March,8,A20002,5,Camisa Oxford,Ropa,5,Web Nacional,0,0,0,0,0
20260322,2026-03-22,2026,3,March,8,A20002,5,Camisa Oxford,Ropa,5,Web Nacional,0,0,0,0,0
20260323,2026-03-23,2026,3,March,8,A20002,5,Camisa Oxford,Ropa,5,Web Nacional,0,0,0,0,0
20260324,2026-03-24,2026,3,March,8,A20002,5,Camisa Oxford,Ropa,5,Web Nacional,0,0,0,0,0
20260325,2026-03-25,2026,3,March,8,A20002,5,Camisa Oxford,Ropa,5,Web Nacional,0,0,0,0,0
20260326,2026-03-26,2026,3,March,8,A20002,5,Camisa Oxford,Ropa,5,Web Nacional,0,0,0,0,0
20260327,2026-03-27,2026,3,March,8,A20002,5,Camisa Oxford,Ropa,5,Web Nacional,0,0,0,0,0
20260328,2026-03-28,2026,3,March,8,A20002,5,Camisa Oxford,Ropa,5,Web Nacional,0,0,0,0,0
20260329,2026-03-29,2026,3,March,8,A20002,5,Camisa Oxford,Ropa,5,Web Nacional,0,0,0,0,0
20260330,2026-03-30,2026,3,March,8,A20002,5,Camisa Oxford,Ropa,5,Web Nacional,0,0,0,0,0
20260331,2026-03-31,2026,3,March,8,A20002,5,Camisa Oxford,Ropa,5,Web Nacional,0,0,0,0,0
20260101,2026-01-01,2026,1,January,8,A20002,5,Camisa Oxford,Ropa,6,Jockey Plaza,0,0,0,0,0
20260102,2026-01-02,2026,1,Enero,8,A20002,5,Camisa Oxford,Ropa,6,Jockey Plaza,0,0,0,0,0
20260103,2026-01-03,2026,1,Enero,8,A20002,5,Camisa Oxford,Ropa,6,Jockey Plaza,0,0,0,0,0
20260104,2026-01-04,2026,1,Enero,8,A20002,5,Camisa Oxford,Ropa,6,Jockey Plaza,0,0,0,0,0
20260105,2026-01-05,2026,1,January,8,A20002,5,Camisa Oxford,Ropa,6,Jockey Plaza,0,0,0,0,0
20260106,2026-01-06,2026,1,January,8,A20002,5,Camisa Oxford,Ropa,6,Jockey Plaza,0,0,0,0,0
20260107,2026-01-07,2026,1,January,8,A20002,5,Camisa Oxford,Ropa,6,Jockey Plaza,0,0,0,0,0
20260108,2026-01-08,2026,1,January,8,A20002,5,Camisa Oxford,Ropa,6,Jockey Plaza,0,0,0,0,0
20260109,2026-01-09,2026,1,January,8,A20002,5,Camisa Oxford,Ropa,6,Jockey Plaza,0,0,0,0,0
20260110,2026-01-10,2026,1,January,8,A20002,5,Camisa Oxford,Ropa,6,Jockey Plaza,0,0,0,0,0
20260111,2026-01-11,2026,1,January,8,A20002,5,Camisa Oxford,Ropa,6,Jockey Plaza,0,0,0,0,0
20260112,2026-01-12,2026,1,January,8,A20002,5,Camisa Oxford,Ropa,6,Jockey Plaza,0,0,0,0,0
20260113,2026-01-13,2026,1,January,8,A20002,5,Camisa Oxford,Ropa,6,Jockey Plaza,0,0,0,0,0
20260114,2026-01-14,2026,1,January,8,A20002,5,Camisa Oxford,Ropa,6,Jockey Plaza,0,0,0,0,0
20260115,2026-01-15,2026,1,January,8,A20002,5,Camisa Oxford,Ropa,6,Jockey Plaza,0,0,0,0,0
20260116,2026-01-16,2026,1,January,8,A20002,5,Camisa Oxford,Ropa,6,Jockey Plaza,0,0,0,0,0
20260117,2026-01-17,2026,1,January,8,A20002,5,Camisa Oxford,Ropa,6,Jockey Plaza,0,0,0,0,0
20260118,2026-01-18,2026,1,January,8,A20002,5,Camisa Oxford,Ropa,6,Jockey Plaza,0,0,0,0,0
20260119,2026-01-19,2026,1,January,8,A20002,5,Camisa Oxford,Ropa,6,Jockey Plaza,0,0,0,0,0
20260120,2026-01-20,2026,1,January,8,A20002,5,Camisa Oxford,Ropa,6,Jockey Plaza,0,0,0,0,0
20260121,2026-01-21,2026,1,January,8,A20002,5,Camisa Oxford,Ropa,6,Jockey Plaza,0,0,0,0,0
20260122,2026-01-22,2026,1,January,8,A20002,5,Camisa Oxford,Ropa,6,Jockey Plaza,0,0,0,0,0
20260123,2026-01-23,2026,1,January,8,A20002,5,Camisa Oxford,Ropa,6,Jockey Plaza,0,0,0,0,0
20260124,2026-01-24,2026,1,January,8,A20002,5,Camisa Oxford,Ropa,6,Jockey Plaza,0,0,0,0,0
20260125,2026-01-25,2026,1,January,8,A20002,5,Camisa Oxford,Ropa,6,Jockey Plaza,0,0,0,0,0
20260126,2026-01-26,2026,1,January,8,A20002,5,Camisa Oxford,Ropa,6,Jockey Plaza,0,0,0,0,0
20260127,2026-01-27,2026,1,January,8,A20002,5,Camisa Oxford,Ropa,6,Jockey Plaza,0,0,0,0,0
20260128,2026-01-28,2026,1,January,8,A20002,5,Camisa Oxford,Ropa,6,Jockey Plaza,0,0,0,0,0
20260129,2026-01-29,2026,1,January,8,A20002,5,Camisa Oxford,Ropa,6,Jockey Plaza,0,0,0,0,0
20260130,2026-01-30,2026,1,January,8,A20002,5,Camisa Oxford,Ropa,6,Jockey Plaza,0,0,0,0,0
20260131,2026-01-31,2026,1,January,8,A20002,5,Camisa Oxford,Ropa,6,Jockey Plaza,0,0,0,0,0
20260201,2026-02-01,2026,2,February,8,A20002,5,Camisa Oxford,Ropa,6,Jockey Plaza,0,0,0,0,0
20260202,2026-02-02,2026,2,February,8,A20002,5,Camisa Oxford,Ropa,6,Jockey Plaza,0,0,0,0,0
20260203,2026-02-03,2026,2,February,8,A20002,5,Camisa Oxford,Ropa,6,Jockey Plaza,0,0,0,0,0
20260204,2026-02-04,2026,2,February,8,A20002,5,Camisa Oxford,Ropa,6,Jockey Plaza,0,0,0,0,0
20260205,2026-02-05,2026,2,February,8,A20002,5,Camisa Oxford,Ropa,6,Jockey Plaza,0,0,0,0,0
20260206,2026-02-06,2026,2,February,8,A20002,5,Camisa Oxford,Ropa,6,Jockey Plaza,0,0,0,0,0
20260207,2026-02-07,2026,2,February,8,A20002,5,Camisa Oxford,Ropa,6,Jockey Plaza,0,0,0,0,0
20260208,2026-02-08,2026,2,February,8,A20002,5,Camisa Oxford,Ropa,6,Jockey Plaza,0,0,0,0,0
20260209,2026-02-09,2026,2,February,8,A20002,5,Camisa Oxford,Ropa,6,Jockey Plaza,0,0,0,0,0
20260210,2026-02-10,2026,2,February,8,A20002,5,Camisa Oxford,Ropa,6,Jockey Plaza,0,0,0,0,0
20260211,2026-02-11,2026,2,February,8,A20002,5,Camisa Oxford,Ropa,6,Jockey Plaza,0,0,0,0,0
20260212,2026-02-12,2026,2,February,8,A20002,5,Camisa Oxford,Ropa,6,Jockey Plaza,0,0,0,0,0
20260213,2026-02-13,2026,2,February,8,A20002,5,Camisa Oxford,Ropa,6,Jockey Plaza,0,0,0,0,0
20260214,2026-02-14,2026,2,February,8,A20002,5,Camisa Oxford,Ropa,6,Jockey Plaza,0,0,0,0,0
20260215,2026-02-15,2026,2,February,8,A20002,5,Camisa Oxford,Ropa,6,Jockey Plaza,0,0,0,0,0
20260216,2026-02-16,2026,2,February,8,A20002,5,Camisa Oxford,Ropa,6,Jockey Plaza,0,0,0,0,0
20260217,2026-02-17,2026,2,February,8,A20002,5,Camisa Oxford,Ropa,6,Jockey Plaza,0,0,0,0,0
20260218,2026-02-18,2026,2,February,8,A20002,5,Camisa Oxford,Ropa,6,Jockey Plaza,0,0,0,0,0
20260219,2026-02-19,2026,2,February,8,A20002,5,Camisa Oxford,Ropa,6,Jockey Plaza,0,0,0,0,0
20260220,2026-02-20,2026,2,February,8,A20002,5,Camisa Oxford,Ropa,6,Jockey Plaza,0,0,0,0,0
20260221,2026-02-21,2026,2,February,8,A20002,5,Camisa Oxford,Ropa,6,Jockey Plaza,0,0,0,0,0
20260222,2026-02-22,2026,2,February,8,A20002,5,Camisa Oxford,Ropa,6,Jockey Plaza,0,0,0,0,0
20260223,2026-02-23,2026,2,February,8,A20002,5,Camisa Oxford,Ropa,6,Jockey Plaza,0,0,0,0,0
20260224,2026-02-24,2026,2,February,8,A20002,5,Camisa Oxford,Ropa,6,Jockey Plaza,0,0,0,0,0
20260225,2026-02-25,2026,2,February,8,A20002,5,Camisa Oxford,Ropa,6,Jockey Plaza,0,0,0,0,0
20260226,2026-02-26,2026,2,February,8,A20002,5,Camisa Oxford,Ropa,6,Jockey Plaza,0,0,0,0,0
20260227,2026-02-27,2026,2,February,8,A20002,5,Camisa Oxford,Ropa,6,Jockey Plaza,0,0,0,0,0
20260228,2026-02-28,2026,2,February,8,A20002,5,Camisa Oxford,Ropa,6,Jockey Plaza,0,0,0,0,0
20260301,2026-03-01,2026,3,March,8,A20002,5,Camisa Oxford,Ropa,6,Jockey Plaza,0,0,0,0,0
20260302,2026-03-02,2026,3,March,8,A20002,5,Camisa Oxford,Ropa,6,Jockey Plaza,0,0,0,0,0
20260303,2026-03-03,2026,3,March,8,A20002,5,Camisa Oxford,Ropa,6,Jockey Plaza,0,0,0,0,0
20260304,2026-03-04,2026,3,March,8,A20002,5,Camisa Oxford,Ropa,6,Jockey Plaza,0,0,0,0,0
20260305,2026-03-05,2026,3,March,8,A20002,5,Camisa Oxford,Ropa,6,Jockey Plaza,0,0,0,0,0
20260306,2026-03-06,2026,3,March,8,A20002,5,Camisa Oxford,Ropa,6,Jockey Plaza,0,0,0,0,0
20260307,2026-03-07,2026,3,March,8,A20002,5,Camisa Oxford,Ropa,6,Jockey Plaza,0,0,0,0,0
20260308,2026-03-08,2026,3,March,8,A20002,5,Camisa Oxford,Ropa,6,Jockey Plaza,0,0,0,0,0
20260309,2026-03-09,2026,3,March,8,A20002,5,Camisa Oxford,Ropa,6,Jockey Plaza,0,0,0,0,0
20260310,2026-03-10,2026,3,March,8,A20002,5,Camisa Oxford,Ropa,6,Jockey Plaza,0,0,0,0,0
20260311,2026-03-11,2026,3,March,8,A20002,5,Camisa Oxford,Ropa,6,Jockey Plaza,0,0,0,0,0
20260312,2026-03-12,2026,3,March,8,A20002,5,Camisa Oxford,Ropa,6,Jockey Plaza,0,0,0,0,0
20260313,2026-03-13,2026,3,March,8,A20002,5,Camisa Oxford,Ropa,6,Jockey Plaza,0,0,0,0,0
20260314,2026-03-14,2026,3,March,8,A20002,5,Camisa Oxford,Ropa,6,Jockey Plaza,0,0,0,0,0
20260315,2026-03-15,2026,3,March,8,A20002,5,Camisa Oxford,Ropa,6,Jockey Plaza,0,0,0,0,0
20260316,2026-03-16,2026,3,March,8,A20002,5,Camisa Oxford,Ropa,6,Jockey Plaza,0,0,0,0,0
20260317,2026-03-17,2026,3,March,8,A20002,5,Camisa Oxford,Ropa,6,Jockey Plaza,0,0,0,0,0
20260318,2026-03-18,2026,3,March,8,A20002,5,Camisa Oxford,Ropa,6,Jockey Plaza,0,0,0,0,0
20260319,2026-03-19,2026,3,March,8,A20002,5,Camisa Oxford,Ropa,6,Jockey Plaza,0,0,0,0,0
20260320,2026-03-20,2026,3,March,8,A20002,5,Camisa Oxford,Ropa,6,Jockey Plaza,0,0,0,0,0
20260321,2026-03-21,2026,3,March,8,A20002,5,Camisa Oxford,Ropa,6,Jockey Plaza,0,0,0,0,0
20260322,2026-03-22,2026,3,March,8,A20002,5,Camisa Oxford,Ropa,6,Jockey Plaza,0,0,0,0,0
20260323,2026-03-23,2026,3,March,8,A20002,5,Camisa Oxford,Ropa,6,Jockey Plaza,0,0,0,0,0
20260324,2026-03-24,2026,3,March,8,A20002,5,Camisa Oxford,Ropa,6,Jockey Plaza,0,0,0,0,0
20260325,2026-03-25,2026,3,March,8,A20002,5,Camisa Oxford,Ropa,6,Jockey Plaza,0,0,0,0,0
20260326,2026-03-26,2026,3,March,8,A20002,5,Camisa Oxford,Ropa,6,Jockey Plaza,0,0,0,0,0
20260327,2026-03-27,2026,3,March,8,A20002,5,Camisa Oxford,Ropa,6,Jockey Plaza,0,0,0,0,0
20260328,2026-03-28,2026,3,March,8,A20002,5,Camisa Oxford,Ropa,6,Jockey Plaza,0,0,0,0,0
20260329,2026-03-29,2026,3,March,8,A20002,5,Camisa Oxford,Ropa,6,Jockey Plaza,0,0,0,0,0
20260330,2026-03-30,2026,3,March,8,A20002,5,Camisa Oxford,Ropa,6,Jockey Plaza,0,0,0,0,0
20260331,2026-03-31,2026,3,March,8,A20002,5,Camisa Oxford,Ropa,6,Jockey Plaza,0,0,0,0,0
20260101,2026-01-01,2026,1,January,8,A20002,5,Camisa Oxford,Ropa,7,Real Plaza Arequipa,0,0,0,0,0
20260102,2026-01-02,2026,1,Enero,8,A20002,5,Camisa Oxford,Ropa,7,Real Plaza Arequipa,0,0,0,0,0
20260103,2026-01-03,2026,1,Enero,8,A20002,5,Camisa Oxford,Ropa,7,Real Plaza Arequipa,0,0,0,0,0
20260104,2026-01-04,2026,1,Enero,8,A20002,5,Camisa Oxford,Ropa,7,Real Plaza Arequipa,0,0,0,0,0
20260105,2026-01-05,2026,1,January,8,A20002,5,Camisa Oxford,Ropa,7,Real Plaza Arequipa,0,0,0,0,0
20260106,2026-01-06,2026,1,January,8,A20002,5,Camisa Oxford,Ropa,7,Real Plaza Arequipa,0,0,0,0,0
20260107,2026-01-07,2026,1,January,8,A20002,5,Camisa Oxford,Ropa,7,Real Plaza Arequipa,0,0,0,0,0
20260108,2026-01-08,2026,1,January,8,A20002,5,Camisa Oxford,Ropa,7,Real Plaza Arequipa,0,0,0,0,0
20260109,2026-01-09,2026,1,January,8,A20002,5,Camisa Oxford,Ropa,7,Real Plaza Arequipa,0,0,0,0,0
20260110,2026-01-10,2026,1,January,8,A20002,5,Camisa Oxford,Ropa,7,Real Plaza Arequipa,0,0,0,0,0
20260111,2026-01-11,2026,1,January,8,A20002,5,Camisa Oxford,Ropa,7,Real Plaza Arequipa,0,0,0,0,0
20260112,2026-01-12,2026,1,January,8,A20002,5,Camisa Oxford,Ropa,7,Real Plaza Arequipa,0,0,0,0,0
20260113,2026-01-13,2026,1,January,8,A20002,5,Camisa Oxford,Ropa,7,Real Plaza Arequipa,0,0,0,0,0
20260114,2026-01-14,2026,1,January,8,A20002,5,Camisa Oxford,Ropa,7,Real Plaza Arequipa,0,0,0,0,0
20260115,2026-01-15,2026,1,January,8,A20002,5,Camisa Oxford,Ropa,7,Real Plaza Arequipa,0,0,0,0,0
20260116,2026-01-16,2026,1,January,8,A20002,5,Camisa Oxford,Ropa,7,Real Plaza Arequipa,0,0,0,0,0
20260117,2026-01-17,2026,1,January,8,A20002,5,Camisa Oxford,Ropa,7,Real Plaza Arequipa,0,0,0,0,0
20260118,2026-01-18,2026,1,January,8,A20002,5,Camisa Oxford,Ropa,7,Real Plaza Arequipa,0,0,0,0,0
20260119,2026-01-19,2026,1,January,8,A20002,5,Camisa Oxford,Ropa,7,Real Plaza Arequipa,0,0,0,0,0
20260120,2026-01-20,2026,1,January,8,A20002,5,Camisa Oxford,Ropa,7,Real Plaza Arequipa,0,0,0,0,0
20260121,2026-01-21,2026,1,January,8,A20002,5,Camisa Oxford,Ropa,7,Real Plaza Arequipa,0,0,0,0,0
20260122,2026-01-22,2026,1,January,8,A20002,5,Camisa Oxford,Ropa,7,Real Plaza Arequipa,0,0,0,0,0
20260123,2026-01-23,2026,1,January,8,A20002,5,Camisa Oxford,Ropa,7,Real Plaza Arequipa,0,0,0,0,0
20260124,2026-01-24,2026,1,January,8,A20002,5,Camisa Oxford,Ropa,7,Real Plaza Arequipa,0,0,0,0,0
20260125,2026-01-25,2026,1,January,8,A20002,5,Camisa Oxford,Ropa,7,Real Plaza Arequipa,0,0,0,0,0
20260126,2026-01-26,2026,1,January,8,A20002,5,Camisa Oxford,Ropa,7,Real Plaza Arequipa,0,0,0,0,0
20260127,2026-01-27,2026,1,January,8,A20002,5,Camisa Oxford,Ropa,7,Real Plaza Arequipa,0,0,0,0,0
20260128,2026-01-28,2026,1,January,8,A20002,5,Camisa Oxford,Ropa,7,Real Plaza Arequipa,0,0,0,0,0
20260129,2026-01-29,2026,1,January,8,A20002,5,Camisa Oxford,Ropa,7,Real Plaza Arequipa,0,0,0,0,0
20260130,2026-01-30,2026,1,January,8,A20002,5,Camisa Oxford,Ropa,7,Real Plaza Arequipa,0,0,0,0,0
20260131,2026-01-31,2026,1,January,8,A20002,5,Camisa Oxford,Ropa,7,Real Plaza Arequipa,0,0,0,0,0
20260201,2026-02-01,2026,2,February,8,A20002,5,Camisa Oxford,Ropa,7,Real Plaza Arequipa,0,0,0,0,0
20260202,2026-02-02,2026,2,February,8,A20002,5,Camisa Oxford,Ropa,7,Real Plaza Arequipa,0,0,0,0,0
20260203,2026-02-03,2026,2,February,8,A20002,5,Camisa Oxford,Ropa,7,Real Plaza Arequipa,0,0,0,0,0
20260204,2026-02-04,2026,2,February,8,A20002,5,Camisa Oxford,Ropa,7,Real Plaza Arequipa,0,0,0,0,0
20260205,2026-02-05,2026,2,February,8,A20002,5,Camisa Oxford,Ropa,7,Real Plaza Arequipa,0,0,0,0,0
20260206,2026-02-06,2026,2,February,8,A20002,5,Camisa Oxford,Ropa,7,Real Plaza Arequipa,0,0,0,0,0
20260207,2026-02-07,2026,2,February,8,A20002,5,Camisa Oxford,Ropa,7,Real Plaza Arequipa,0,0,0,0,0
20260208,2026-02-08,2026,2,February,8,A20002,5,Camisa Oxford,Ropa,7,Real Plaza Arequipa,0,0,0,0,0
20260209,2026-02-09,2026,2,February,8,A20002,5,Camisa Oxford,Ropa,7,Real Plaza Arequipa,0,0,0,0,0
20260210,2026-02-10,2026,2,February,8,A20002,5,Camisa Oxford,Ropa,7,Real Plaza Arequipa,0,0,0,0,0
20260211,2026-02-11,2026,2,February,8,A20002,5,Camisa Oxford,Ropa,7,Real Plaza Arequipa,0,0,0,0,0
20260212,2026-02-12,2026,2,February,8,A20002,5,Camisa Oxford,Ropa,7,Real Plaza Arequipa,0,0,0,0,0
20260213,2026-02-13,2026,2,February,8,A20002,5,Camisa Oxford,Ropa,7,Real Plaza Arequipa,0,0,0,0,0
20260214,2026-02-14,2026,2,February,8,A20002,5,Camisa Oxford,Ropa,7,Real Plaza Arequipa,0,0,0,0,0
20260215,2026-02-15,2026,2,February,8,A20002,5,Camisa Oxford,Ropa,7,Real Plaza Arequipa,0,0,0,0,0
20260216,2026-02-16,2026,2,February,8,A20002,5,Camisa Oxford,Ropa,7,Real Plaza Arequipa,0,0,0,0,0
20260217,2026-02-17,2026,2,February,8,A20002,5,Camisa Oxford,Ropa,7,Real Plaza Arequipa,0,0,0,0,0
20260218,2026-02-18,2026,2,February,8,A20002,5,Camisa Oxford,Ropa,7,Real Plaza Arequipa,0,0,0,0,0
20260219,2026-02-19,2026,2,February,8,A20002,5,Camisa Oxford,Ropa,7,Real Plaza Arequipa,0,0,0,0,0
20260220,2026-02-20,2026,2,February,8,A20002,5,Camisa Oxford,Ropa,7,Real Plaza Arequipa,0,0,0,0,0
20260221,2026-02-21,2026,2,February,8,A20002,5,Camisa Oxford,Ropa,7,Real Plaza Arequipa,0,0,0,0,0
20260222,2026-02-22,2026,2,February,8,A20002,5,Camisa Oxford,Ropa,7,Real Plaza Arequipa,0,0,0,0,0
20260223,2026-02-23,2026,2,February,8,A20002,5,Camisa Oxford,Ropa,7,Real Plaza Arequipa,0,0,0,0,0
20260224,2026-02-24,2026,2,February,8,A20002,5,Camisa Oxford,Ropa,7,Real Plaza Arequipa,0,0,0,0,0
20260225,2026-02-25,2026,2,February,8,A20002,5,Camisa Oxford,Ropa,7,Real Plaza Arequipa,0,0,0,0,0
20260226,2026-02-26,2026,2,February,8,A20002,5,Camisa Oxford,Ropa,7,Real Plaza Arequipa,0,0,0,0,0
20260227,2026-02-27,2026,2,February,8,A20002,5,Camisa Oxford,Ropa,7,Real Plaza Arequipa,0,0,0,0,0
20260228,2026-02-28,2026,2,February,8,A20002,5,Camisa Oxford,Ropa,7,Real Plaza Arequipa,0,0,0,0,0
20260301,2026-03-01,2026,3,March,8,A20002,5,Camisa Oxford,Ropa,7,Real Plaza Arequipa,0,0,0,0,0
20260302,2026-03-02,2026,3,March,8,A20002,5,Camisa Oxford,Ropa,7,Real Plaza Arequipa,0,0,0,0,0
20260303,2026-03-03,2026,3,March,8,A20002,5,Camisa Oxford,Ropa,7,Real Plaza Arequipa,0,0,0,0,0
20260304,2026-03-04,2026,3,March,8,A20002,5,Camisa Oxford,Ropa,7,Real Plaza Arequipa,0,0,0,0,0
20260305,2026-03-05,2026,3,March,8,A20002,5,Camisa Oxford,Ropa,7,Real Plaza Arequipa,0,0,0,0,0
20260306,2026-03-06,2026,3,March,8,A20002,5,Camisa Oxford,Ropa,7,Real Plaza Arequipa,0,0,0,0,0
20260307,2026-03-07,2026,3,March,8,A20002,5,Camisa Oxford,Ropa,7,Real Plaza Arequipa,0,0,0,0,0
20260308,2026-03-08,2026,3,March,8,A20002,5,Camisa Oxford,Ropa,7,Real Plaza Arequipa,0,0,0,0,0
20260309,2026-03-09,2026,3,March,8,A20002,5,Camisa Oxford,Ropa,7,Real Plaza Arequipa,0,0,0,0,0
20260310,2026-03-10,2026,3,March,8,A20002,5,Camisa Oxford,Ropa,7,Real Plaza Arequipa,0,0,0,0,0
20260311,2026-03-11,2026,3,March,8,A20002,5,Camisa Oxford,Ropa,7,Real Plaza Arequipa,0,0,0,0,0
20260312,2026-03-12,2026,3,March,8,A20002,5,Camisa Oxford,Ropa,7,Real Plaza Arequipa,0,0,0,0,0
20260313,2026-03-13,2026,3,March,8,A20002,5,Camisa Oxford,Ropa,7,Real Plaza Arequipa,0,0,0,0,0
20260314,2026-03-14,2026,3,March,8,A20002,5,Camisa Oxford,Ropa,7,Real Plaza Arequipa,0,0,0,0,0
20260315,2026-03-15,2026,3,March,8,A20002,5,Camisa Oxford,Ropa,7,Real Plaza Arequipa,0,0,0,0,0
20260316,2026-03-16,2026,3,March,8,A20002,5,Camisa Oxford,Ropa,7,Real Plaza Arequipa,0,0,0,0,0
20260317,2026-03-17,2026,3,March,8,A20002,5,Camisa Oxford,Ropa,7,Real Plaza Arequipa,0,0,0,0,0
20260318,2026-03-18,2026,3,March,8,A20002,5,Camisa Oxford,Ropa,7,Real Plaza Arequipa,0,0,0,0,0
20260319,2026-03-19,2026,3,March,8,A20002,5,Camisa Oxford,Ropa,7,Real Plaza Arequipa,0,0,0,0,0
20260320,2026-03-20,2026,3,March,8,A20002,5,Camisa Oxford,Ropa,7,Real Plaza Arequipa,0,0,0,0,0
20260321,2026-03-21,2026,3,March,8,A20002,5,Camisa Oxford,Ropa,7,Real Plaza Arequipa,0,0,0,0,0
20260322,2026-03-22,2026,3,March,8,A20002,5,Camisa Oxford,Ropa,7,Real Plaza Arequipa,0,0,0,0,0
20260323,2026-03-23,2026,3,March,8,A20002,5,Camisa Oxford,Ropa,7,Real Plaza Arequipa,0,0,0,0,0
20260324,2026-03-24,2026,3,March,8,A20002,5,Camisa Oxford,Ropa,7,Real Plaza Arequipa,0,0,0,0,0
20260325,2026-03-25,2026,3,March,8,A20002,5,Camisa Oxford,Ropa,7,Real Plaza Arequipa,0,0,0,0,0
20260326,2026-03-26,2026,3,March,8,A20002,5,Camisa Oxford,Ropa,7,Real Plaza Arequipa,0,0,0,0,0
20260327,2026-03-27,2026,3,March,8,A20002,5,Camisa Oxford,Ropa,7,Real Plaza Arequipa,0,0,0,0,0
20260328,2026-03-28,2026,3,March,8,A20002,5,Camisa Oxford,Ropa,7,Real Plaza Arequipa,0,0,0,0,0
20260329,2026-03-29,2026,3,March,8,A20002,5,Camisa Oxford,Ropa,7,Real Plaza Arequipa,0,0,0,0,0
20260330,2026-03-30,2026,3,March,8,A20002,5,Camisa Oxford,Ropa,7,Real Plaza Arequipa,0,0,0,0,0
20260331,2026-03-31,2026,3,March,8,A20002,5,Camisa Oxford,Ropa,7,Real Plaza Arequipa,0,0,0,0,0
20260101,2026-01-01,2026,1,January,8,A20002,5,Camisa Oxford,Ropa,8,Mall Aventura Trujillo,1,0,1,0,1
20260102,2026-01-02,2026,1,Enero,8,A20002,5,Camisa Oxford,Ropa,8,Mall Aventura Trujillo,0,0,1,0,1
20260103,2026-01-03,2026,1,Enero,8,A20002,5,Camisa Oxford,Ropa,8,Mall Aventura Trujillo,0,0,1,0,1
20260104,2026-01-04,2026,1,Enero,8,A20002,5,Camisa Oxford,Ropa,8,Mall Aventura Trujillo,0,0,1,0,1
20260105,2026-01-05,2026,1,January,8,A20002,5,Camisa Oxford,Ropa,8,Mall Aventura Trujillo,0,0,1,0,1
20260106,2026-01-06,2026,1,January,8,A20002,5,Camisa Oxford,Ropa,8,Mall Aventura Trujillo,0,0,1,0,1
20260107,2026-01-07,2026,1,January,8,A20002,5,Camisa Oxford,Ropa,8,Mall Aventura Trujillo,0,0,1,0,1
20260108,2026-01-08,2026,1,January,8,A20002,5,Camisa Oxford,Ropa,8,Mall Aventura Trujillo,0,0,1,0,1
20260109,2026-01-09,2026,1,January,8,A20002,5,Camisa Oxford,Ropa,8,Mall Aventura Trujillo,0,0,1,0,1
20260110,2026-01-10,2026,1,January,8,A20002,5,Camisa Oxford,Ropa,8,Mall Aventura Trujillo,0,0,1,0,1
20260111,2026-01-11,2026,1,January,8,A20002,5,Camisa Oxford,Ropa,8,Mall Aventura Trujillo,0,0,1,0,1
20260112,2026-01-12,2026,1,January,8,A20002,5,Camisa Oxford,Ropa,8,Mall Aventura Trujillo,0,0,1,0,1
20260113,2026-01-13,2026,1,January,8,A20002,5,Camisa Oxford,Ropa,8,Mall Aventura Trujillo,0,0,1,0,1
20260114,2026-01-14,2026,1,January,8,A20002,5,Camisa Oxford,Ropa,8,Mall Aventura Trujillo,0,0,1,0,1
20260115,2026-01-15,2026,1,January,8,A20002,5,Camisa Oxford,Ropa,8,Mall Aventura Trujillo,0,0,1,0,1
20260116,2026-01-16,2026,1,January,8,A20002,5,Camisa Oxford,Ropa,8,Mall Aventura Trujillo,0,0,1,0,1
20260117,2026-01-17,2026,1,January,8,A20002,5,Camisa Oxford,Ropa,8,Mall Aventura Trujillo,0,0,1,0,1
20260118,2026-01-18,2026,1,January,8,A20002,5,Camisa Oxford,Ropa,8,Mall Aventura Trujillo,0,0,1,0,1
20260119,2026-01-19,2026,1,January,8,A20002,5,Camisa Oxford,Ropa,8,Mall Aventura Trujillo,0,0,1,0,1
20260120,2026-01-20,2026,1,January,8,A20002,5,Camisa Oxford,Ropa,8,Mall Aventura Trujillo,0,0,1,0,1
20260121,2026-01-21,2026,1,January,8,A20002,5,Camisa Oxford,Ropa,8,Mall Aventura Trujillo,0,0,1,0,1
20260122,2026-01-22,2026,1,January,8,A20002,5,Camisa Oxford,Ropa,8,Mall Aventura Trujillo,0,0,1,0,1
20260123,2026-01-23,2026,1,January,8,A20002,5,Camisa Oxford,Ropa,8,Mall Aventura Trujillo,0,0,1,0,1
20260124,2026-01-24,2026,1,January,8,A20002,5,Camisa Oxford,Ropa,8,Mall Aventura Trujillo,0,0,1,0,1
20260125,2026-01-25,2026,1,January,8,A20002,5,Camisa Oxford,Ropa,8,Mall Aventura Trujillo,0,0,1,0,1
20260126,2026-01-26,2026,1,January,8,A20002,5,Camisa Oxford,Ropa,8,Mall Aventura Trujillo,0,0,1,0,1
20260127,2026-01-27,2026,1,January,8,A20002,5,Camisa Oxford,Ropa,8,Mall Aventura Trujillo,0,0,1,0,1
20260128,2026-01-28,2026,1,January,8,A20002,5,Camisa Oxford,Ropa,8,Mall Aventura Trujillo,0,0,1,0,1
20260129,2026-01-29,2026,1,January,8,A20002,5,Camisa Oxford,Ropa,8,Mall Aventura Trujillo,0,0,1,0,1
20260130,2026-01-30,2026,1,January,8,A20002,5,Camisa Oxford,Ropa,8,Mall Aventura Trujillo,0,0,1,0,1
20260131,2026-01-31,2026,1,January,8,A20002,5,Camisa Oxford,Ropa,8,Mall Aventura Trujillo,0,0,1,0,1
20260201,2026-02-01,2026,2,February,8,A20002,5,Camisa Oxford,Ropa,8,Mall Aventura Trujillo,0,0,1,0,1
20260202,2026-02-02,2026,2,February,8,A20002,5,Camisa Oxford,Ropa,8,Mall Aventura Trujillo,0,0,1,0,1
20260203,2026-02-03,2026,2,February,8,A20002,5,Camisa Oxford,Ropa,8,Mall Aventura Trujillo,0,0,1,0,1
20260204,2026-02-04,2026,2,February,8,A20002,5,Camisa Oxford,Ropa,8,Mall Aventura Trujillo,0,0,1,0,1
20260205,2026-02-05,2026,2,February,8,A20002,5,Camisa Oxford,Ropa,8,Mall Aventura Trujillo,0,0,1,0,1
20260206,2026-02-06,2026,2,February,8,A20002,5,Camisa Oxford,Ropa,8,Mall Aventura Trujillo,0,0,1,0,1
20260207,2026-02-07,2026,2,February,8,A20002,5,Camisa Oxford,Ropa,8,Mall Aventura Trujillo,0,0,1,0,1
20260208,2026-02-08,2026,2,February,8,A20002,5,Camisa Oxford,Ropa,8,Mall Aventura Trujillo,0,0,1,0,1
20260209,2026-02-09,2026,2,February,8,A20002,5,Camisa Oxford,Ropa,8,Mall Aventura Trujillo,0,0,1,0,1
20260210,2026-02-10,2026,2,February,8,A20002,5,Camisa Oxford,Ropa,8,Mall Aventura Trujillo,0,0,1,0,1
20260211,2026-02-11,2026,2,February,8,A20002,5,Camisa Oxford,Ropa,8,Mall Aventura Trujillo,0,0,1,0,1
20260212,2026-02-12,2026,2,February,8,A20002,5,Camisa Oxford,Ropa,8,Mall Aventura Trujillo,0,0,1,0,1
20260213,2026-02-13,2026,2,February,8,A20002,5,Camisa Oxford,Ropa,8,Mall Aventura Trujillo,0,0,1,0,1
20260214,2026-02-14,2026,2,February,8,A20002,5,Camisa Oxford,Ropa,8,Mall Aventura Trujillo,0,0,1,0,1
20260215,2026-02-15,2026,2,February,8,A20002,5,Camisa Oxford,Ropa,8,Mall Aventura Trujillo,0,0,1,0,1
20260216,2026-02-16,2026,2,February,8,A20002,5,Camisa Oxford,Ropa,8,Mall Aventura Trujillo,0,0,1,0,1
20260217,2026-02-17,2026,2,February,8,A20002,5,Camisa Oxford,Ropa,8,Mall Aventura Trujillo,0,0,1,0,1
20260218,2026-02-18,2026,2,February,8,A20002,5,Camisa Oxford,Ropa,8,Mall Aventura Trujillo,0,0,1,0,1
20260219,2026-02-19,2026,2,February,8,A20002,5,Camisa Oxford,Ropa,8,Mall Aventura Trujillo,0,0,1,0,1
20260220,2026-02-20,2026,2,February,8,A20002,5,Camisa Oxford,Ropa,8,Mall Aventura Trujillo,0,0,1,0,1
20260221,2026-02-21,2026,2,February,8,A20002,5,Camisa Oxford,Ropa,8,Mall Aventura Trujillo,0,0,1,0,1
20260222,2026-02-22,2026,2,February,8,A20002,5,Camisa Oxford,Ropa,8,Mall Aventura Trujillo,0,0,1,0,1
20260223,2026-02-23,2026,2,February,8,A20002,5,Camisa Oxford,Ropa,8,Mall Aventura Trujillo,0,0,1,0,1
20260224,2026-02-24,2026,2,February,8,A20002,5,Camisa Oxford,Ropa,8,Mall Aventura Trujillo,0,0,1,0,1
20260225,2026-02-25,2026,2,February,8,A20002,5,Camisa Oxford,Ropa,8,Mall Aventura Trujillo,0,0,1,0,1
20260226,2026-02-26,2026,2,February,8,A20002,5,Camisa Oxford,Ropa,8,Mall Aventura Trujillo,0,0,1,0,1
20260227,2026-02-27,2026,2,February,8,A20002,5,Camisa Oxford,Ropa,8,Mall Aventura Trujillo,0,0,1,0,1
20260228,2026-02-28,2026,2,February,8,A20002,5,Camisa Oxford,Ropa,8,Mall Aventura Trujillo,0,0,1,0,1
20260301,2026-03-01,2026,3,March,8,A20002,5,Camisa Oxford,Ropa,8,Mall Aventura Trujillo,0,0,1,0,1
20260302,2026-03-02,2026,3,March,8,A20002,5,Camisa Oxford,Ropa,8,Mall Aventura Trujillo,0,0,1,0,1
20260303,2026-03-03,2026,3,March,8,A20002,5,Camisa Oxford,Ropa,8,Mall Aventura Trujillo,0,0,1,0,1
20260304,2026-03-04,2026,3,March,8,A20002,5,Camisa Oxford,Ropa,8,Mall Aventura Trujillo,0,0,1,0,1
20260305,2026-03-05,2026,3,March,8,A20002,5,Camisa Oxford,Ropa,8,Mall Aventura Trujillo,0,0,1,0,1
20260306,2026-03-06,2026,3,March,8,A20002,5,Camisa Oxford,Ropa,8,Mall Aventura Trujillo,0,0,1,0,1
20260307,2026-03-07,2026,3,March,8,A20002,5,Camisa Oxford,Ropa,8,Mall Aventura Trujillo,0,0,1,0,1
20260308,2026-03-08,2026,3,March,8,A20002,5,Camisa Oxford,Ropa,8,Mall Aventura Trujillo,0,0,1,0,1
20260309,2026-03-09,2026,3,March,8,A20002,5,Camisa Oxford,Ropa,8,Mall Aventura Trujillo,0,0,1,0,1
20260310,2026-03-10,2026,3,March,8,A20002,5,Camisa Oxford,Ropa,8,Mall Aventura Trujillo,0,0,1,0,1
20260311,2026-03-11,2026,3,March,8,A20002,5,Camisa Oxford,Ropa,8,Mall Aventura Trujillo,0,0,1,0,1
20260312,2026-03-12,2026,3,March,8,A20002,5,Camisa Oxford,Ropa,8,Mall Aventura Trujillo,0,0,1,0,1
20260313,2026-03-13,2026,3,March,8,A20002,5,Camisa Oxford,Ropa,8,Mall Aventura Trujillo,0,0,1,0,1
20260314,2026-03-14,2026,3,March,8,A20002,5,Camisa Oxford,Ropa,8,Mall Aventura Trujillo,0,0,1,0,1
20260315,2026-03-15,2026,3,March,8,A20002,5,Camisa Oxford,Ropa,8,Mall Aventura Trujillo,0,0,1,0,1
20260316,2026-03-16,2026,3,March,8,A20002,5,Camisa Oxford,Ropa,8,Mall Aventura Trujillo,0,0,1,0,1
20260317,2026-03-17,2026,3,March,8,A20002,5,Camisa Oxford,Ropa,8,Mall Aventura Trujillo,0,0,1,0,1
20260318,2026-03-18,2026,3,March,8,A20002,5,Camisa Oxford,Ropa,8,Mall Aventura Trujillo,0,0,1,0,1
20260319,2026-03-19,2026,3,March,8,A20002,5,Camisa Oxford,Ropa,8,Mall Aventura Trujillo,0,0,1,0,1
20260320,2026-03-20,2026,3,March,8,A20002,5,Camisa Oxford,Ropa,8,Mall Aventura Trujillo,0,0,1,0,1
20260321,2026-03-21,2026,3,March,8,A20002,5,Camisa Oxford,Ropa,8,Mall Aventura Trujillo,0,0,1,0,1
20260322,2026-03-22,2026,3,March,8,A20002,5,Camisa Oxford,Ropa,8,Mall Aventura Trujillo,0,0,1,0,1
20260323,2026-03-23,2026,3,March,8,A20002,5,Camisa Oxford,Ropa,8,Mall Aventura Trujillo,0,0,1,0,1
20260324,2026-03-24,2026,3,March,8,A20002,5,Camisa Oxford,Ropa,8,Mall Aventura Trujillo,0,0,1,0,1
20260325,2026-03-25,2026,3,March,8,A20002,5,Camisa Oxford,Ropa,8,Mall Aventura Trujillo,0,0,1,0,1
20260326,2026-03-26,2026,3,March,8,A20002,5,Camisa Oxford,Ropa,8,Mall Aventura Trujillo,0,0,1,0,1
20260327,2026-03-27,2026,3,March,8,A20002,5,Camisa Oxford,Ropa,8,Mall Aventura Trujillo,0,0,1,0,1
20260328,2026-03-28,2026,3,March,8,A20002,5,Camisa Oxford,Ropa,8,Mall Aventura Trujillo,0,0,1,0,1
20260329,2026-03-29,2026,3,March,8,A20002,5,Camisa Oxford,Ropa,8,Mall Aventura Trujillo,0,0,1,0,1
20260330,2026-03-30,2026,3,March,8,A20002,5,Camisa Oxford,Ropa,8,Mall Aventura Trujillo,0,0,1,0,1
20260331,2026-03-31,2026,3,March,8,A20002,5,Camisa Oxford,Ropa,8,Mall Aventura Trujillo,0,0,1,0,1
20260101,2026-01-01,2026,1,January,9,A30001,6,Jean slim,Ropa,5,Web Nacional,0,0,0,0,0
20260102,2026-01-02,2026,1,Enero,9,A30001,6,Jean slim,Ropa,5,Web Nacional,0,0,0,0,0
20260103,2026-01-03,2026,1,Enero,9,A30001,6,Jean slim,Ropa,5,Web Nacional,0,0,0,0,0
20260104,2026-01-04,2026,1,Enero,9,A30001,6,Jean slim,Ropa,5,Web Nacional,0,0,0,0,0
20260105,2026-01-05,2026,1,January,9,A30001,6,Jean slim,Ropa,5,Web Nacional,0,0,0,0,0
20260106,2026-01-06,2026,1,January,9,A30001,6,Jean slim,Ropa,5,Web Nacional,0,0,0,0,0
20260107,2026-01-07,2026,1,January,9,A30001,6,Jean slim,Ropa,5,Web Nacional,0,0,0,0,0
20260108,2026-01-08,2026,1,January,9,A30001,6,Jean slim,Ropa,5,Web Nacional,0,0,0,0,0
20260109,2026-01-09,2026,1,January,9,A30001,6,Jean slim,Ropa,5,Web Nacional,0,0,0,0,0
20260110,2026-01-10,2026,1,January,9,A30001,6,Jean slim,Ropa,5,Web Nacional,0,0,0,0,0
20260111,2026-01-11,2026,1,January,9,A30001,6,Jean slim,Ropa,5,Web Nacional,0,0,0,0,0
20260112,2026-01-12,2026,1,January,9,A30001,6,Jean slim,Ropa,5,Web Nacional,0,0,0,0,0
20260113,2026-01-13,2026,1,January,9,A30001,6,Jean slim,Ropa,5,Web Nacional,0,0,0,0,0
20260114,2026-01-14,2026,1,January,9,A30001,6,Jean slim,Ropa,5,Web Nacional,0,0,0,0,0
20260115,2026-01-15,2026,1,January,9,A30001,6,Jean slim,Ropa,5,Web Nacional,0,0,0,0,0
20260116,2026-01-16,2026,1,January,9,A30001,6,Jean slim,Ropa,5,Web Nacional,0,0,0,0,0
20260117,2026-01-17,2026,1,January,9,A30001,6,Jean slim,Ropa,5,Web Nacional,0,0,0,0,0
20260118,2026-01-18,2026,1,January,9,A30001,6,Jean slim,Ropa,5,Web Nacional,0,0,0,0,0
20260119,2026-01-19,2026,1,January,9,A30001,6,Jean slim,Ropa,5,Web Nacional,0,0,0,0,0
20260120,2026-01-20,2026,1,January,9,A30001,6,Jean slim,Ropa,5,Web Nacional,0,0,0,0,0
20260121,2026-01-21,2026,1,January,9,A30001,6,Jean slim,Ropa,5,Web Nacional,0,0,0,0,0
20260122,2026-01-22,2026,1,January,9,A30001,6,Jean slim,Ropa,5,Web Nacional,0,0,0,0,0
20260123,2026-01-23,2026,1,January,9,A30001,6,Jean slim,Ropa,5,Web Nacional,0,0,0,0,0
20260124,2026-01-24,2026,1,January,9,A30001,6,Jean slim,Ropa,5,Web Nacional,0,0,0,0,0
20260125,2026-01-25,2026,1,January,9,A30001,6,Jean slim,Ropa,5,Web Nacional,0,0,0,0,0
20260126,2026-01-26,2026,1,January,9,A30001,6,Jean slim,Ropa,5,Web Nacional,0,0,0,0,0
20260127,2026-01-27,2026,1,January,9,A30001,6,Jean slim,Ropa,5,Web Nacional,0,0,0,0,0
20260128,2026-01-28,2026,1,January,9,A30001,6,Jean slim,Ropa,5,Web Nacional,0,0,0,0,0
20260129,2026-01-29,2026,1,January,9,A30001,6,Jean slim,Ropa,5,Web Nacional,0,0,0,0,0
20260130,2026-01-30,2026,1,January,9,A30001,6,Jean slim,Ropa,5,Web Nacional,0,0,0,0,0
20260131,2026-01-31,2026,1,January,9,A30001,6,Jean slim,Ropa,5,Web Nacional,0,0,0,0,0
20260201,2026-02-01,2026,2,February,9,A30001,6,Jean slim,Ropa,5,Web Nacional,0,0,0,0,0
20260202,2026-02-02,2026,2,February,9,A30001,6,Jean slim,Ropa,5,Web Nacional,0,0,0,0,0
20260203,2026-02-03,2026,2,February,9,A30001,6,Jean slim,Ropa,5,Web Nacional,0,0,0,0,0
20260204,2026-02-04,2026,2,February,9,A30001,6,Jean slim,Ropa,5,Web Nacional,0,0,0,0,0
20260205,2026-02-05,2026,2,February,9,A30001,6,Jean slim,Ropa,5,Web Nacional,0,0,0,0,0
20260206,2026-02-06,2026,2,February,9,A30001,6,Jean slim,Ropa,5,Web Nacional,0,0,0,0,0
20260207,2026-02-07,2026,2,February,9,A30001,6,Jean slim,Ropa,5,Web Nacional,0,0,0,0,0
20260208,2026-02-08,2026,2,February,9,A30001,6,Jean slim,Ropa,5,Web Nacional,0,0,0,0,0
20260209,2026-02-09,2026,2,February,9,A30001,6,Jean slim,Ropa,5,Web Nacional,0,0,0,0,0
20260210,2026-02-10,2026,2,February,9,A30001,6,Jean slim,Ropa,5,Web Nacional,0,0,0,0,0
20260211,2026-02-11,2026,2,February,9,A30001,6,Jean slim,Ropa,5,Web Nacional,0,0,0,0,0
20260212,2026-02-12,2026,2,February,9,A30001,6,Jean slim,Ropa,5,Web Nacional,0,0,0,0,0
20260213,2026-02-13,2026,2,February,9,A30001,6,Jean slim,Ropa,5,Web Nacional,0,0,0,0,0
20260214,2026-02-14,2026,2,February,9,A30001,6,Jean slim,Ropa,5,Web Nacional,0,0,0,0,0
20260215,2026-02-15,2026,2,February,9,A30001,6,Jean slim,Ropa,5,Web Nacional,0,0,0,0,0
20260216,2026-02-16,2026,2,February,9,A30001,6,Jean slim,Ropa,5,Web Nacional,0,0,0,0,0
20260217,2026-02-17,2026,2,February,9,A30001,6,Jean slim,Ropa,5,Web Nacional,0,0,0,0,0
20260218,2026-02-18,2026,2,February,9,A30001,6,Jean slim,Ropa,5,Web Nacional,0,0,0,0,0
20260219,2026-02-19,2026,2,February,9,A30001,6,Jean slim,Ropa,5,Web Nacional,0,0,0,0,0
20260220,2026-02-20,2026,2,February,9,A30001,6,Jean slim,Ropa,5,Web Nacional,0,0,0,0,0
20260221,2026-02-21,2026,2,February,9,A30001,6,Jean slim,Ropa,5,Web Nacional,0,0,0,0,0
20260222,2026-02-22,2026,2,February,9,A30001,6,Jean slim,Ropa,5,Web Nacional,0,0,0,0,0
20260223,2026-02-23,2026,2,February,9,A30001,6,Jean slim,Ropa,5,Web Nacional,0,0,0,0,0
20260224,2026-02-24,2026,2,February,9,A30001,6,Jean slim,Ropa,5,Web Nacional,0,0,0,0,0
20260225,2026-02-25,2026,2,February,9,A30001,6,Jean slim,Ropa,5,Web Nacional,0,0,0,0,0
20260226,2026-02-26,2026,2,February,9,A30001,6,Jean slim,Ropa,5,Web Nacional,0,0,0,0,0
20260227,2026-02-27,2026,2,February,9,A30001,6,Jean slim,Ropa,5,Web Nacional,0,0,0,0,0
20260228,2026-02-28,2026,2,February,9,A30001,6,Jean slim,Ropa,5,Web Nacional,0,0,0,0,0
20260301,2026-03-01,2026,3,March,9,A30001,6,Jean slim,Ropa,5,Web Nacional,0,0,0,0,0
20260302,2026-03-02,2026,3,March,9,A30001,6,Jean slim,Ropa,5,Web Nacional,0,0,0,0,0
20260303,2026-03-03,2026,3,March,9,A30001,6,Jean slim,Ropa,5,Web Nacional,0,0,0,0,0
20260304,2026-03-04,2026,3,March,9,A30001,6,Jean slim,Ropa,5,Web Nacional,0,0,0,0,0
20260305,2026-03-05,2026,3,March,9,A30001,6,Jean slim,Ropa,5,Web Nacional,0,0,0,0,0
20260306,2026-03-06,2026,3,March,9,A30001,6,Jean slim,Ropa,5,Web Nacional,0,0,0,0,0
20260307,2026-03-07,2026,3,March,9,A30001,6,Jean slim,Ropa,5,Web Nacional,0,0,0,0,0
20260308,2026-03-08,2026,3,March,9,A30001,6,Jean slim,Ropa,5,Web Nacional,0,0,0,0,0
20260309,2026-03-09,2026,3,March,9,A30001,6,Jean slim,Ropa,5,Web Nacional,0,0,0,0,0
20260310,2026-03-10,2026,3,March,9,A30001,6,Jean slim,Ropa,5,Web Nacional,0,0,0,0,0
20260311,2026-03-11,2026,3,March,9,A30001,6,Jean slim,Ropa,5,Web Nacional,0,0,0,0,0
20260312,2026-03-12,2026,3,March,9,A30001,6,Jean slim,Ropa,5,Web Nacional,0,0,0,0,0
20260313,2026-03-13,2026,3,March,9,A30001,6,Jean slim,Ropa,5,Web Nacional,0,0,0,0,0
20260314,2026-03-14,2026,3,March,9,A30001,6,Jean slim,Ropa,5,Web Nacional,0,0,0,0,0
20260315,2026-03-15,2026,3,March,9,A30001,6,Jean slim,Ropa,5,Web Nacional,0,0,0,0,0
20260316,2026-03-16,2026,3,March,9,A30001,6,Jean slim,Ropa,5,Web Nacional,0,0,0,0,0
20260317,2026-03-17,2026,3,March,9,A30001,6,Jean slim,Ropa,5,Web Nacional,0,0,0,0,0
20260318,2026-03-18,2026,3,March,9,A30001,6,Jean slim,Ropa,5,Web Nacional,0,0,0,0,0
20260319,2026-03-19,2026,3,March,9,A30001,6,Jean slim,Ropa,5,Web Nacional,0,0,0,0,0
20260320,2026-03-20,2026,3,March,9,A30001,6,Jean slim,Ropa,5,Web Nacional,0,0,0,0,0
20260321,2026-03-21,2026,3,March,9,A30001,6,Jean slim,Ropa,5,Web Nacional,0,0,0,0,0
20260322,2026-03-22,2026,3,March,9,A30001,6,Jean slim,Ropa,5,Web Nacional,0,0,0,0,0
20260323,2026-03-23,2026,3,March,9,A30001,6,Jean slim,Ropa,5,Web Nacional,0,0,0,0,0
20260324,2026-03-24,2026,3,March,9,A30001,6,Jean slim,Ropa,5,Web Nacional,0,0,0,0,0
20260325,2026-03-25,2026,3,March,9,A30001,6,Jean slim,Ropa,5,Web Nacional,0,0,0,0,0
20260326,2026-03-26,2026,3,March,9,A30001,6,Jean slim,Ropa,5,Web Nacional,0,0,0,0,0
20260327,2026-03-27,2026,3,March,9,A30001,6,Jean slim,Ropa,5,Web Nacional,0,0,0,0,0
20260328,2026-03-28,2026,3,March,9,A30001,6,Jean slim,Ropa,5,Web Nacional,0,0,0,0,0
20260329,2026-03-29,2026,3,March,9,A30001,6,Jean slim,Ropa,5,Web Nacional,0,0,0,0,0
20260330,2026-03-30,2026,3,March,9,A30001,6,Jean slim,Ropa,5,Web Nacional,0,0,0,0,0
20260331,2026-03-31,2026,3,March,9,A30001,6,Jean slim,Ropa,5,Web Nacional,0,0,0,0,0
20260101,2026-01-01,2026,1,January,9,A30001,6,Jean slim,Ropa,6,Jockey Plaza,0,0,0,0,0
20260102,2026-01-02,2026,1,Enero,9,A30001,6,Jean slim,Ropa,6,Jockey Plaza,0,0,0,0,0
20260103,2026-01-03,2026,1,Enero,9,A30001,6,Jean slim,Ropa,6,Jockey Plaza,0,0,0,0,0
20260104,2026-01-04,2026,1,Enero,9,A30001,6,Jean slim,Ropa,6,Jockey Plaza,0,0,0,0,0
20260105,2026-01-05,2026,1,January,9,A30001,6,Jean slim,Ropa,6,Jockey Plaza,0,0,0,0,0
20260106,2026-01-06,2026,1,January,9,A30001,6,Jean slim,Ropa,6,Jockey Plaza,0,0,0,0,0
20260107,2026-01-07,2026,1,January,9,A30001,6,Jean slim,Ropa,6,Jockey Plaza,0,0,0,0,0
20260108,2026-01-08,2026,1,January,9,A30001,6,Jean slim,Ropa,6,Jockey Plaza,0,0,0,0,0
20260109,2026-01-09,2026,1,January,9,A30001,6,Jean slim,Ropa,6,Jockey Plaza,0,0,0,0,0
20260110,2026-01-10,2026,1,January,9,A30001,6,Jean slim,Ropa,6,Jockey Plaza,0,0,0,0,0
20260111,2026-01-11,2026,1,January,9,A30001,6,Jean slim,Ropa,6,Jockey Plaza,0,0,0,0,0
20260112,2026-01-12,2026,1,January,9,A30001,6,Jean slim,Ropa,6,Jockey Plaza,0,0,0,0,0
20260113,2026-01-13,2026,1,January,9,A30001,6,Jean slim,Ropa,6,Jockey Plaza,0,0,0,0,0
20260114,2026-01-14,2026,1,January,9,A30001,6,Jean slim,Ropa,6,Jockey Plaza,0,0,0,0,0
20260115,2026-01-15,2026,1,January,9,A30001,6,Jean slim,Ropa,6,Jockey Plaza,0,0,0,0,0
20260116,2026-01-16,2026,1,January,9,A30001,6,Jean slim,Ropa,6,Jockey Plaza,0,0,0,0,0
20260117,2026-01-17,2026,1,January,9,A30001,6,Jean slim,Ropa,6,Jockey Plaza,0,0,0,0,0
20260118,2026-01-18,2026,1,January,9,A30001,6,Jean slim,Ropa,6,Jockey Plaza,0,0,0,0,0
20260119,2026-01-19,2026,1,January,9,A30001,6,Jean slim,Ropa,6,Jockey Plaza,0,0,0,0,0
20260120,2026-01-20,2026,1,January,9,A30001,6,Jean slim,Ropa,6,Jockey Plaza,0,0,0,0,0
20260121,2026-01-21,2026,1,January,9,A30001,6,Jean slim,Ropa,6,Jockey Plaza,0,0,0,0,0
20260122,2026-01-22,2026,1,January,9,A30001,6,Jean slim,Ropa,6,Jockey Plaza,0,0,0,0,0
20260123,2026-01-23,2026,1,January,9,A30001,6,Jean slim,Ropa,6,Jockey Plaza,0,0,0,0,0
20260124,2026-01-24,2026,1,January,9,A30001,6,Jean slim,Ropa,6,Jockey Plaza,0,0,0,0,0
20260125,2026-01-25,2026,1,January,9,A30001,6,Jean slim,Ropa,6,Jockey Plaza,0,0,0,0,0
20260126,2026-01-26,2026,1,January,9,A30001,6,Jean slim,Ropa,6,Jockey Plaza,0,0,0,0,0
20260127,2026-01-27,2026,1,January,9,A30001,6,Jean slim,Ropa,6,Jockey Plaza,0,0,0,0,0
20260128,2026-01-28,2026,1,January,9,A30001,6,Jean slim,Ropa,6,Jockey Plaza,0,0,0,0,0
20260129,2026-01-29,2026,1,January,9,A30001,6,Jean slim,Ropa,6,Jockey Plaza,0,0,0,0,0
20260130,2026-01-30,2026,1,January,9,A30001,6,Jean slim,Ropa,6,Jockey Plaza,0,0,0,0,0
20260131,2026-01-31,2026,1,January,9,A30001,6,Jean slim,Ropa,6,Jockey Plaza,0,0,0,0,0
20260201,2026-02-01,2026,2,February,9,A30001,6,Jean slim,Ropa,6,Jockey Plaza,0,0,0,0,0
20260202,2026-02-02,2026,2,February,9,A30001,6,Jean slim,Ropa,6,Jockey Plaza,0,0,0,0,0
20260203,2026-02-03,2026,2,February,9,A30001,6,Jean slim,Ropa,6,Jockey Plaza,0,0,0,0,0
20260204,2026-02-04,2026,2,February,9,A30001,6,Jean slim,Ropa,6,Jockey Plaza,0,0,0,0,0
20260205,2026-02-05,2026,2,February,9,A30001,6,Jean slim,Ropa,6,Jockey Plaza,0,0,0,0,0
20260206,2026-02-06,2026,2,February,9,A30001,6,Jean slim,Ropa,6,Jockey Plaza,0,0,0,0,0
20260207,2026-02-07,2026,2,February,9,A30001,6,Jean slim,Ropa,6,Jockey Plaza,0,0,0,0,0
20260208,2026-02-08,2026,2,February,9,A30001,6,Jean slim,Ropa,6,Jockey Plaza,0,0,0,0,0
20260209,2026-02-09,2026,2,February,9,A30001,6,Jean slim,Ropa,6,Jockey Plaza,0,0,0,0,0
20260210,2026-02-10,2026,2,February,9,A30001,6,Jean slim,Ropa,6,Jockey Plaza,0,0,0,0,0
20260211,2026-02-11,2026,2,February,9,A30001,6,Jean slim,Ropa,6,Jockey Plaza,0,0,0,0,0
20260212,2026-02-12,2026,2,February,9,A30001,6,Jean slim,Ropa,6,Jockey Plaza,0,0,0,0,0
20260213,2026-02-13,2026,2,February,9,A30001,6,Jean slim,Ropa,6,Jockey Plaza,0,0,0,0,0
20260214,2026-02-14,2026,2,February,9,A30001,6,Jean slim,Ropa,6,Jockey Plaza,0,0,0,0,0
20260215,2026-02-15,2026,2,February,9,A30001,6,Jean slim,Ropa,6,Jockey Plaza,0,0,0,0,0
20260216,2026-02-16,2026,2,February,9,A30001,6,Jean slim,Ropa,6,Jockey Plaza,0,0,0,0,0
20260217,2026-02-17,2026,2,February,9,A30001,6,Jean slim,Ropa,6,Jockey Plaza,0,0,0,0,0
20260218,2026-02-18,2026,2,February,9,A30001,6,Jean slim,Ropa,6,Jockey Plaza,0,0,0,0,0
20260219,2026-02-19,2026,2,February,9,A30001,6,Jean slim,Ropa,6,Jockey Plaza,0,0,0,0,0
20260220,2026-02-20,2026,2,February,9,A30001,6,Jean slim,Ropa,6,Jockey Plaza,0,0,0,0,0
20260221,2026-02-21,2026,2,February,9,A30001,6,Jean slim,Ropa,6,Jockey Plaza,0,0,0,0,0
20260222,2026-02-22,2026,2,February,9,A30001,6,Jean slim,Ropa,6,Jockey Plaza,0,0,0,0,0
20260223,2026-02-23,2026,2,February,9,A30001,6,Jean slim,Ropa,6,Jockey Plaza,0,0,0,0,0
20260224,2026-02-24,2026,2,February,9,A30001,6,Jean slim,Ropa,6,Jockey Plaza,0,0,0,0,0
20260225,2026-02-25,2026,2,February,9,A30001,6,Jean slim,Ropa,6,Jockey Plaza,0,0,0,0,0
20260226,2026-02-26,2026,2,February,9,A30001,6,Jean slim,Ropa,6,Jockey Plaza,0,0,0,0,0
20260227,2026-02-27,2026,2,February,9,A30001,6,Jean slim,Ropa,6,Jockey Plaza,0,0,0,0,0
20260228,2026-02-28,2026,2,February,9,A30001,6,Jean slim,Ropa,6,Jockey Plaza,0,0,0,0,0
20260301,2026-03-01,2026,3,March,9,A30001,6,Jean slim,Ropa,6,Jockey Plaza,0,0,0,0,0
20260302,2026-03-02,2026,3,March,9,A30001,6,Jean slim,Ropa,6,Jockey Plaza,0,0,0,0,0
20260303,2026-03-03,2026,3,March,9,A30001,6,Jean slim,Ropa,6,Jockey Plaza,0,0,0,0,0
20260304,2026-03-04,2026,3,March,9,A30001,6,Jean slim,Ropa,6,Jockey Plaza,0,0,0,0,0
20260305,2026-03-05,2026,3,March,9,A30001,6,Jean slim,Ropa,6,Jockey Plaza,0,0,0,0,0
20260306,2026-03-06,2026,3,March,9,A30001,6,Jean slim,Ropa,6,Jockey Plaza,0,0,0,0,0
20260307,2026-03-07,2026,3,March,9,A30001,6,Jean slim,Ropa,6,Jockey Plaza,0,0,0,0,0
20260308,2026-03-08,2026,3,March,9,A30001,6,Jean slim,Ropa,6,Jockey Plaza,0,0,0,0,0
20260309,2026-03-09,2026,3,March,9,A30001,6,Jean slim,Ropa,6,Jockey Plaza,0,0,0,0,0
20260310,2026-03-10,2026,3,March,9,A30001,6,Jean slim,Ropa,6,Jockey Plaza,0,0,0,0,0
20260311,2026-03-11,2026,3,March,9,A30001,6,Jean slim,Ropa,6,Jockey Plaza,0,0,0,0,0
20260312,2026-03-12,2026,3,March,9,A30001,6,Jean slim,Ropa,6,Jockey Plaza,0,0,0,0,0
20260313,2026-03-13,2026,3,March,9,A30001,6,Jean slim,Ropa,6,Jockey Plaza,0,0,0,0,0
20260314,2026-03-14,2026,3,March,9,A30001,6,Jean slim,Ropa,6,Jockey Plaza,0,0,0,0,0
20260315,2026-03-15,2026,3,March,9,A30001,6,Jean slim,Ropa,6,Jockey Plaza,0,0,0,0,0
20260316,2026-03-16,2026,3,March,9,A30001,6,Jean slim,Ropa,6,Jockey Plaza,0,0,0,0,0
20260317,2026-03-17,2026,3,March,9,A30001,6,Jean slim,Ropa,6,Jockey Plaza,0,0,0,0,0
20260318,2026-03-18,2026,3,March,9,A30001,6,Jean slim,Ropa,6,Jockey Plaza,0,0,0,0,0
20260319,2026-03-19,2026,3,March,9,A30001,6,Jean slim,Ropa,6,Jockey Plaza,0,0,0,0,0
20260320,2026-03-20,2026,3,March,9,A30001,6,Jean slim,Ropa,6,Jockey Plaza,0,0,0,0,0
20260321,2026-03-21,2026,3,March,9,A30001,6,Jean slim,Ropa,6,Jockey Plaza,0,0,0,0,0
20260322,2026-03-22,2026,3,March,9,A30001,6,Jean slim,Ropa,6,Jockey Plaza,0,0,0,0,0
20260323,2026-03-23,2026,3,March,9,A30001,6,Jean slim,Ropa,6,Jockey Plaza,0,0,0,0,0
20260324,2026-03-24,2026,3,March,9,A30001,6,Jean slim,Ropa,6,Jockey Plaza,0,0,0,0,0
20260325,2026-03-25,2026,3,March,9,A30001,6,Jean slim,Ropa,6,Jockey Plaza,0,0,0,0,0
20260326,2026-03-26,2026,3,March,9,A30001,6,Jean slim,Ropa,6,Jockey Plaza,0,0,0,0,0
20260327,2026-03-27,2026,3,March,9,A30001,6,Jean slim,Ropa,6,Jockey Plaza,0,0,0,0,0
20260328,2026-03-28,2026,3,March,9,A30001,6,Jean slim,Ropa,6,Jockey Plaza,0,0,0,0,0
20260329,2026-03-29,2026,3,March,9,A30001,6,Jean slim,Ropa,6,Jockey Plaza,0,0,0,0,0
20260330,2026-03-30,2026,3,March,9,A30001,6,Jean slim,Ropa,6,Jockey Plaza,0,0,0,0,0
20260331,2026-03-31,2026,3,March,9,A30001,6,Jean slim,Ropa,6,Jockey Plaza,0,0,0,0,0
20260101,2026-01-01,2026,1,January,9,A30001,6,Jean slim,Ropa,7,Real Plaza Arequipa,3,0,3,0,3
20260102,2026-01-02,2026,1,Enero,9,A30001,6,Jean slim,Ropa,7,Real Plaza Arequipa,0,0,3,0,3
20260103,2026-01-03,2026,1,Enero,9,A30001,6,Jean slim,Ropa,7,Real Plaza Arequipa,0,0,3,0,3
20260104,2026-01-04,2026,1,Enero,9,A30001,6,Jean slim,Ropa,7,Real Plaza Arequipa,0,0,3,0,3
20260105,2026-01-05,2026,1,January,9,A30001,6,Jean slim,Ropa,7,Real Plaza Arequipa,-1,0,2,0,2
20260106,2026-01-06,2026,1,January,9,A30001,6,Jean slim,Ropa,7,Real Plaza Arequipa,0,0,2,0,2
20260107,2026-01-07,2026,1,January,9,A30001,6,Jean slim,Ropa,7,Real Plaza Arequipa,0,0,2,0,2
20260108,2026-01-08,2026,1,January,9,A30001,6,Jean slim,Ropa,7,Real Plaza Arequipa,0,0,2,0,2
20260109,2026-01-09,2026,1,January,9,A30001,6,Jean slim,Ropa,7,Real Plaza Arequipa,0,0,2,0,2
20260110,2026-01-10,2026,1,January,9,A30001,6,Jean slim,Ropa,7,Real Plaza Arequipa,0,0,2,0,2
20260111,2026-01-11,2026,1,January,9,A30001,6,Jean slim,Ropa,7,Real Plaza Arequipa,0,0,2,0,2
20260112,2026-01-12,2026,1,January,9,A30001,6,Jean slim,Ropa,7,Real Plaza Arequipa,0,0,2,0,2
20260113,2026-01-13,2026,1,January,9,A30001,6,Jean slim,Ropa,7,Real Plaza Arequipa,0,0,2,0,2
20260114,2026-01-14,2026,1,January,9,A30001,6,Jean slim,Ropa,7,Real Plaza Arequipa,0,0,2,0,2
20260115,2026-01-15,2026,1,January,9,A30001,6,Jean slim,Ropa,7,Real Plaza Arequipa,0,0,2,0,2
20260116,2026-01-16,2026,1,January,9,A30001,6,Jean slim,Ropa,7,Real Plaza Arequipa,0,0,2,0,2
20260117,2026-01-17,2026,1,January,9,A30001,6,Jean slim,Ropa,7,Real Plaza Arequipa,0,0,2,0,2
20260118,2026-01-18,2026,1,January,9,A30001,6,Jean slim,Ropa,7,Real Plaza Arequipa,0,0,2,0,2
20260119,2026-01-19,2026,1,January,9,A30001,6,Jean slim,Ropa,7,Real Plaza Arequipa,0,0,2,0,2
20260120,2026-01-20,2026,1,January,9,A30001,6,Jean slim,Ropa,7,Real Plaza Arequipa,0,0,2,0,2
20260121,2026-01-21,2026,1,January,9,A30001,6,Jean slim,Ropa,7,Real Plaza Arequipa,0,0,2,0,2
20260122,2026-01-22,2026,1,January,9,A30001,6,Jean slim,Ropa,7,Real Plaza Arequipa,0,0,2,0,2
20260123,2026-01-23,2026,1,January,9,A30001,6,Jean slim,Ropa,7,Real Plaza Arequipa,0,0,2,0,2
20260124,2026-01-24,2026,1,January,9,A30001,6,Jean slim,Ropa,7,Real Plaza Arequipa,0,0,2,0,2
20260125,2026-01-25,2026,1,January,9,A30001,6,Jean slim,Ropa,7,Real Plaza Arequipa,0,0,2,0,2
20260126,2026-01-26,2026,1,January,9,A30001,6,Jean slim,Ropa,7,Real Plaza Arequipa,0,0,2,0,2
20260127,2026-01-27,2026,1,January,9,A30001,6,Jean slim,Ropa,7,Real Plaza Arequipa,0,0,2,0,2
20260128,2026-01-28,2026,1,January,9,A30001,6,Jean slim,Ropa,7,Real Plaza Arequipa,0,0,2,0,2
20260129,2026-01-29,2026,1,January,9,A30001,6,Jean slim,Ropa,7,Real Plaza Arequipa,0,0,2,0,2
20260130,2026-01-30,2026,1,January,9,A30001,6,Jean slim,Ropa,7,Real Plaza Arequipa,0,0,2,0,2
20260131,2026-01-31,2026,1,January,9,A30001,6,Jean slim,Ropa,7,Real Plaza Arequipa,0,0,2,0,2
20260201,2026-02-01,2026,2,February,9,A30001,6,Jean slim,Ropa,7,Real Plaza Arequipa,0,0,2,0,2
20260202,2026-02-02,2026,2,February,9,A30001,6,Jean slim,Ropa,7,Real Plaza Arequipa,0,0,2,0,2
20260203,2026-02-03,2026,2,February,9,A30001,6,Jean slim,Ropa,7,Real Plaza Arequipa,0,0,2,0,2
20260204,2026-02-04,2026,2,February,9,A30001,6,Jean slim,Ropa,7,Real Plaza Arequipa,0,0,2,0,2
20260205,2026-02-05,2026,2,February,9,A30001,6,Jean slim,Ropa,7,Real Plaza Arequipa,0,0,2,0,2
20260206,2026-02-06,2026,2,February,9,A30001,6,Jean slim,Ropa,7,Real Plaza Arequipa,0,0,2,0,2
20260207,2026-02-07,2026,2,February,9,A30001,6,Jean slim,Ropa,7,Real Plaza Arequipa,0,0,2,0,2
20260208,2026-02-08,2026,2,February,9,A30001,6,Jean slim,Ropa,7,Real Plaza Arequipa,0,0,2,0,2
20260209,2026-02-09,2026,2,February,9,A30001,6,Jean slim,Ropa,7,Real Plaza Arequipa,0,0,2,0,2
20260210,2026-02-10,2026,2,February,9,A30001,6,Jean slim,Ropa,7,Real Plaza Arequipa,0,0,2,0,2
20260211,2026-02-11,2026,2,February,9,A30001,6,Jean slim,Ropa,7,Real Plaza Arequipa,0,0,2,0,2
20260212,2026-02-12,2026,2,February,9,A30001,6,Jean slim,Ropa,7,Real Plaza Arequipa,0,0,2,0,2
20260213,2026-02-13,2026,2,February,9,A30001,6,Jean slim,Ropa,7,Real Plaza Arequipa,0,0,2,0,2
20260214,2026-02-14,2026,2,February,9,A30001,6,Jean slim,Ropa,7,Real Plaza Arequipa,0,0,2,0,2
20260215,2026-02-15,2026,2,February,9,A30001,6,Jean slim,Ropa,7,Real Plaza Arequipa,0,0,2,0,2
20260216,2026-02-16,2026,2,February,9,A30001,6,Jean slim,Ropa,7,Real Plaza Arequipa,0,0,2,0,2
20260217,2026-02-17,2026,2,February,9,A30001,6,Jean slim,Ropa,7,Real Plaza Arequipa,0,0,2,0,2
20260218,2026-02-18,2026,2,February,9,A30001,6,Jean slim,Ropa,7,Real Plaza Arequipa,0,0,2,0,2
20260219,2026-02-19,2026,2,February,9,A30001,6,Jean slim,Ropa,7,Real Plaza Arequipa,0,0,2,0,2
20260220,2026-02-20,2026,2,February,9,A30001,6,Jean slim,Ropa,7,Real Plaza Arequipa,0,0,2,0,2
20260221,2026-02-21,2026,2,February,9,A30001,6,Jean slim,Ropa,7,Real Plaza Arequipa,0,0,2,0,2
20260222,2026-02-22,2026,2,February,9,A30001,6,Jean slim,Ropa,7,Real Plaza Arequipa,0,0,2,0,2
20260223,2026-02-23,2026,2,February,9,A30001,6,Jean slim,Ropa,7,Real Plaza Arequipa,0,0,2,0,2
20260224,2026-02-24,2026,2,February,9,A30001,6,Jean slim,Ropa,7,Real Plaza Arequipa,0,0,2,0,2
20260225,2026-02-25,2026,2,February,9,A30001,6,Jean slim,Ropa,7,Real Plaza Arequipa,0,0,2,0,2
20260226,2026-02-26,2026,2,February,9,A30001,6,Jean slim,Ropa,7,Real Plaza Arequipa,0,0,2,0,2
20260227,2026-02-27,2026,2,February,9,A30001,6,Jean slim,Ropa,7,Real Plaza Arequipa,0,0,2,0,2
20260228,2026-02-28,2026,2,February,9,A30001,6,Jean slim,Ropa,7,Real Plaza Arequipa,0,0,2,0,2
20260301,2026-03-01,2026,3,March,9,A30001,6,Jean slim,Ropa,7,Real Plaza Arequipa,0,0,2,0,2
20260302,2026-03-02,2026,3,March,9,A30001,6,Jean slim,Ropa,7,Real Plaza Arequipa,0,0,2,0,2
20260303,2026-03-03,2026,3,March,9,A30001,6,Jean slim,Ropa,7,Real Plaza Arequipa,0,0,2,0,2
20260304,2026-03-04,2026,3,March,9,A30001,6,Jean slim,Ropa,7,Real Plaza Arequipa,0,0,2,0,2
20260305,2026-03-05,2026,3,March,9,A30001,6,Jean slim,Ropa,7,Real Plaza Arequipa,0,0,2,0,2
20260306,2026-03-06,2026,3,March,9,A30001,6,Jean slim,Ropa,7,Real Plaza Arequipa,0,1,2,1,1
20260307,2026-03-07,2026,3,March,9,A30001,6,Jean slim,Ropa,7,Real Plaza Arequipa,0,-1,2,0,2
20260308,2026-03-08,2026,3,March,9,A30001,6,Jean slim,Ropa,7,Real Plaza Arequipa,0,0,2,0,2
20260309,2026-03-09,2026,3,March,9,A30001,6,Jean slim,Ropa,7,Real Plaza Arequipa,0,0,2,0,2
20260310,2026-03-10,2026,3,March,9,A30001,6,Jean slim,Ropa,7,Real Plaza Arequipa,0,0,2,0,2
20260311,2026-03-11,2026,3,March,9,A30001,6,Jean slim,Ropa,7,Real Plaza Arequipa,0,0,2,0,2
20260312,2026-03-12,2026,3,March,9,A30001,6,Jean slim,Ropa,7,Real Plaza Arequipa,0,0,2,0,2
20260313,2026-03-13,2026,3,March,9,A30001,6,Jean slim,Ropa,7,Real Plaza Arequipa,0,0,2,0,2
20260314,2026-03-14,2026,3,March,9,A30001,6,Jean slim,Ropa,7,Real Plaza Arequipa,0,0,2,0,2
20260315,2026-03-15,2026,3,March,9,A30001,6,Jean slim,Ropa,7,Real Plaza Arequipa,0,0,2,0,2
20260316,2026-03-16,2026,3,March,9,A30001,6,Jean slim,Ropa,7,Real Plaza Arequipa,0,0,2,0,2
20260317,2026-03-17,2026,3,March,9,A30001,6,Jean slim,Ropa,7,Real Plaza Arequipa,0,0,2,0,2
20260318,2026-03-18,2026,3,March,9,A30001,6,Jean slim,Ropa,7,Real Plaza Arequipa,0,0,2,0,2
20260319,2026-03-19,2026,3,March,9,A30001,6,Jean slim,Ropa,7,Real Plaza Arequipa,0,0,2,0,2
20260320,2026-03-20,2026,3,March,9,A30001,6,Jean slim,Ropa,7,Real Plaza Arequipa,0,0,2,0,2
20260321,2026-03-21,2026,3,March,9,A30001,6,Jean slim,Ropa,7,Real Plaza Arequipa,0,0,2,0,2
20260322,2026-03-22,2026,3,March,9,A30001,6,Jean slim,Ropa,7,Real Plaza Arequipa,0,0,2,0,2
20260323,2026-03-23,2026,3,March,9,A30001,6,Jean slim,Ropa,7,Real Plaza Arequipa,0,0,2,0,2
20260324,2026-03-24,2026,3,March,9,A30001,6,Jean slim,Ropa,7,Real Plaza Arequipa,0,0,2,0,2
20260325,2026-03-25,2026,3,March,9,A30001,6,Jean slim,Ropa,7,Real Plaza Arequipa,0,0,2,0,2
20260326,2026-03-26,2026,3,March,9,A30001,6,Jean slim,Ropa,7,Real Plaza Arequipa,0,0,2,0,2
20260327,2026-03-27,2026,3,March,9,A30001,6,Jean slim,Ropa,7,Real Plaza Arequipa,0,0,2,0,2
20260328,2026-03-28,2026,3,March,9,A30001,6,Jean slim,Ropa,7,Real Plaza Arequipa,0,0,2,0,2
20260329,2026-03-29,2026,3,March,9,A30001,6,Jean slim,Ropa,7,Real Plaza Arequipa,0,0,2,0,2
20260330,2026-03-30,2026,3,March,9,A30001,6,Jean slim,Ropa,7,Real Plaza Arequipa,0,0,2,0,2
20260331,2026-03-31,2026,3,March,9,A30001,6,Jean slim,Ropa,7,Real Plaza Arequipa,0,0,2,0,2
20260101,2026-01-01,2026,1,January,9,A30001,6,Jean slim,Ropa,8,Mall Aventura Trujillo,0,0,0,0,0
20260102,2026-01-02,2026,1,Enero,9,A30001,6,Jean slim,Ropa,8,Mall Aventura Trujillo,0,0,0,0,0
20260103,2026-01-03,2026,1,Enero,9,A30001,6,Jean slim,Ropa,8,Mall Aventura Trujillo,0,0,0,0,0
20260104,2026-01-04,2026,1,Enero,9,A30001,6,Jean slim,Ropa,8,Mall Aventura Trujillo,0,0,0,0,0
20260105,2026-01-05,2026,1,January,9,A30001,6,Jean slim,Ropa,8,Mall Aventura Trujillo,0,0,0,0,0
20260106,2026-01-06,2026,1,January,9,A30001,6,Jean slim,Ropa,8,Mall Aventura Trujillo,0,0,0,0,0
20260107,2026-01-07,2026,1,January,9,A30001,6,Jean slim,Ropa,8,Mall Aventura Trujillo,0,0,0,0,0
20260108,2026-01-08,2026,1,January,9,A30001,6,Jean slim,Ropa,8,Mall Aventura Trujillo,0,0,0,0,0
20260109,2026-01-09,2026,1,January,9,A30001,6,Jean slim,Ropa,8,Mall Aventura Trujillo,0,0,0,0,0
20260110,2026-01-10,2026,1,January,9,A30001,6,Jean slim,Ropa,8,Mall Aventura Trujillo,0,0,0,0,0
20260111,2026-01-11,2026,1,January,9,A30001,6,Jean slim,Ropa,8,Mall Aventura Trujillo,0,0,0,0,0
20260112,2026-01-12,2026,1,January,9,A30001,6,Jean slim,Ropa,8,Mall Aventura Trujillo,0,0,0,0,0
20260113,2026-01-13,2026,1,January,9,A30001,6,Jean slim,Ropa,8,Mall Aventura Trujillo,0,0,0,0,0
20260114,2026-01-14,2026,1,January,9,A30001,6,Jean slim,Ropa,8,Mall Aventura Trujillo,0,0,0,0,0
20260115,2026-01-15,2026,1,January,9,A30001,6,Jean slim,Ropa,8,Mall Aventura Trujillo,0,0,0,0,0
20260116,2026-01-16,2026,1,January,9,A30001,6,Jean slim,Ropa,8,Mall Aventura Trujillo,0,0,0,0,0
20260117,2026-01-17,2026,1,January,9,A30001,6,Jean slim,Ropa,8,Mall Aventura Trujillo,0,0,0,0,0
20260118,2026-01-18,2026,1,January,9,A30001,6,Jean slim,Ropa,8,Mall Aventura Trujillo,0,0,0,0,0
20260119,2026-01-19,2026,1,January,9,A30001,6,Jean slim,Ropa,8,Mall Aventura Trujillo,0,0,0,0,0
20260120,2026-01-20,2026,1,January,9,A30001,6,Jean slim,Ropa,8,Mall Aventura Trujillo,0,0,0,0,0
20260121,2026-01-21,2026,1,January,9,A30001,6,Jean slim,Ropa,8,Mall Aventura Trujillo,0,0,0,0,0
20260122,2026-01-22,2026,1,January,9,A30001,6,Jean slim,Ropa,8,Mall Aventura Trujillo,0,0,0,0,0
20260123,2026-01-23,2026,1,January,9,A30001,6,Jean slim,Ropa,8,Mall Aventura Trujillo,0,0,0,0,0
20260124,2026-01-24,2026,1,January,9,A30001,6,Jean slim,Ropa,8,Mall Aventura Trujillo,0,0,0,0,0
20260125,2026-01-25,2026,1,January,9,A30001,6,Jean slim,Ropa,8,Mall Aventura Trujillo,0,0,0,0,0
20260126,2026-01-26,2026,1,January,9,A30001,6,Jean slim,Ropa,8,Mall Aventura Trujillo,0,0,0,0,0
20260127,2026-01-27,2026,1,January,9,A30001,6,Jean slim,Ropa,8,Mall Aventura Trujillo,0,0,0,0,0
20260128,2026-01-28,2026,1,January,9,A30001,6,Jean slim,Ropa,8,Mall Aventura Trujillo,0,0,0,0,0
20260129,2026-01-29,2026,1,January,9,A30001,6,Jean slim,Ropa,8,Mall Aventura Trujillo,0,0,0,0,0
20260130,2026-01-30,2026,1,January,9,A30001,6,Jean slim,Ropa,8,Mall Aventura Trujillo,0,0,0,0,0
20260131,2026-01-31,2026,1,January,9,A30001,6,Jean slim,Ropa,8,Mall Aventura Trujillo,0,0,0,0,0
20260201,2026-02-01,2026,2,February,9,A30001,6,Jean slim,Ropa,8,Mall Aventura Trujillo,0,0,0,0,0
20260202,2026-02-02,2026,2,February,9,A30001,6,Jean slim,Ropa,8,Mall Aventura Trujillo,0,0,0,0,0
20260203,2026-02-03,2026,2,February,9,A30001,6,Jean slim,Ropa,8,Mall Aventura Trujillo,0,0,0,0,0
20260204,2026-02-04,2026,2,February,9,A30001,6,Jean slim,Ropa,8,Mall Aventura Trujillo,0,0,0,0,0
20260205,2026-02-05,2026,2,February,9,A30001,6,Jean slim,Ropa,8,Mall Aventura Trujillo,0,0,0,0,0
20260206,2026-02-06,2026,2,February,9,A30001,6,Jean slim,Ropa,8,Mall Aventura Trujillo,0,0,0,0,0
20260207,2026-02-07,2026,2,February,9,A30001,6,Jean slim,Ropa,8,Mall Aventura Trujillo,0,0,0,0,0
20260208,2026-02-08,2026,2,February,9,A30001,6,Jean slim,Ropa,8,Mall Aventura Trujillo,0,0,0,0,0
20260209,2026-02-09,2026,2,February,9,A30001,6,Jean slim,Ropa,8,Mall Aventura Trujillo,0,0,0,0,0
20260210,2026-02-10,2026,2,February,9,A30001,6,Jean slim,Ropa,8,Mall Aventura Trujillo,0,0,0,0,0
20260211,2026-02-11,2026,2,February,9,A30001,6,Jean slim,Ropa,8,Mall Aventura Trujillo,0,0,0,0,0
20260212,2026-02-12,2026,2,February,9,A30001,6,Jean slim,Ropa,8,Mall Aventura Trujillo,0,0,0,0,0
20260213,2026-02-13,2026,2,February,9,A30001,6,Jean slim,Ropa,8,Mall Aventura Trujillo,0,0,0,0,0
20260214,2026-02-14,2026,2,February,9,A30001,6,Jean slim,Ropa,8,Mall Aventura Trujillo,0,0,0,0,0
20260215,2026-02-15,2026,2,February,9,A30001,6,Jean slim,Ropa,8,Mall Aventura Trujillo,0,0,0,0,0
20260216,2026-02-16,2026,2,February,9,A30001,6,Jean slim,Ropa,8,Mall Aventura Trujillo,0,0,0,0,0
20260217,2026-02-17,2026,2,February,9,A30001,6,Jean slim,Ropa,8,Mall Aventura Trujillo,0,0,0,0,0
20260218,2026-02-18,2026,2,February,9,A30001,6,Jean slim,Ropa,8,Mall Aventura Trujillo,0,0,0,0,0
20260219,2026-02-19,2026,2,February,9,A30001,6,Jean slim,Ropa,8,Mall Aventura Trujillo,0,0,0,0,0
20260220,2026-02-20,2026,2,February,9,A30001,6,Jean slim,Ropa,8,Mall Aventura Trujillo,0,0,0,0,0
20260221,2026-02-21,2026,2,February,9,A30001,6,Jean slim,Ropa,8,Mall Aventura Trujillo,0,0,0,0,0
20260222,2026-02-22,2026,2,February,9,A30001,6,Jean slim,Ropa,8,Mall Aventura Trujillo,0,0,0,0,0
20260223,2026-02-23,2026,2,February,9,A30001,6,Jean slim,Ropa,8,Mall Aventura Trujillo,0,0,0,0,0
20260224,2026-02-24,2026,2,February,9,A30001,6,Jean slim,Ropa,8,Mall Aventura Trujillo,0,0,0,0,0
20260225,2026-02-25,2026,2,February,9,A30001,6,Jean slim,Ropa,8,Mall Aventura Trujillo,0,0,0,0,0
20260226,2026-02-26,2026,2,February,9,A30001,6,Jean slim,Ropa,8,Mall Aventura Trujillo,0,0,0,0,0
20260227,2026-02-27,2026,2,February,9,A30001,6,Jean slim,Ropa,8,Mall Aventura Trujillo,0,0,0,0,0
20260228,2026-02-28,2026,2,February,9,A30001,6,Jean slim,Ropa,8,Mall Aventura Trujillo,0,0,0,0,0
20260301,2026-03-01,2026,3,March,9,A30001,6,Jean slim,Ropa,8,Mall Aventura Trujillo,0,0,0,0,0
20260302,2026-03-02,2026,3,March,9,A30001,6,Jean slim,Ropa,8,Mall Aventura Trujillo,0,0,0,0,0
20260303,2026-03-03,2026,3,March,9,A30001,6,Jean slim,Ropa,8,Mall Aventura Trujillo,0,0,0,0,0
20260304,2026-03-04,2026,3,March,9,A30001,6,Jean slim,Ropa,8,Mall Aventura Trujillo,0,0,0,0,0
20260305,2026-03-05,2026,3,March,9,A30001,6,Jean slim,Ropa,8,Mall Aventura Trujillo,0,0,0,0,0
20260306,2026-03-06,2026,3,March,9,A30001,6,Jean slim,Ropa,8,Mall Aventura Trujillo,0,0,0,0,0
20260307,2026-03-07,2026,3,March,9,A30001,6,Jean slim,Ropa,8,Mall Aventura Trujillo,0,0,0,0,0
20260308,2026-03-08,2026,3,March,9,A30001,6,Jean slim,Ropa,8,Mall Aventura Trujillo,0,0,0,0,0
20260309,2026-03-09,2026,3,March,9,A30001,6,Jean slim,Ropa,8,Mall Aventura Trujillo,0,0,0,0,0
20260310,2026-03-10,2026,3,March,9,A30001,6,Jean slim,Ropa,8,Mall Aventura Trujillo,0,0,0,0,0
20260311,2026-03-11,2026,3,March,9,A30001,6,Jean slim,Ropa,8,Mall Aventura Trujillo,0,0,0,0,0
20260312,2026-03-12,2026,3,March,9,A30001,6,Jean slim,Ropa,8,Mall Aventura Trujillo,0,0,0,0,0
20260313,2026-03-13,2026,3,March,9,A30001,6,Jean slim,Ropa,8,Mall Aventura Trujillo,0,0,0,0,0
20260314,2026-03-14,2026,3,March,9,A30001,6,Jean slim,Ropa,8,Mall Aventura Trujillo,0,0,0,0,0
20260315,2026-03-15,2026,3,March,9,A30001,6,Jean slim,Ropa,8,Mall Aventura Trujillo,0,0,0,0,0
20260316,2026-03-16,2026,3,March,9,A30001,6,Jean slim,Ropa,8,Mall Aventura Trujillo,0,0,0,0,0
20260317,2026-03-17,2026,3,March,9,A30001,6,Jean slim,Ropa,8,Mall Aventura Trujillo,0,0,0,0,0
20260318,2026-03-18,2026,3,March,9,A30001,6,Jean slim,Ropa,8,Mall Aventura Trujillo,0,0,0,0,0
20260319,2026-03-19,2026,3,March,9,A30001,6,Jean slim,Ropa,8,Mall Aventura Trujillo,0,0,0,0,0
20260320,2026-03-20,2026,3,March,9,A30001,6,Jean slim,Ropa,8,Mall Aventura Trujillo,0,0,0,0,0
20260321,2026-03-21,2026,3,March,9,A30001,6,Jean slim,Ropa,8,Mall Aventura Trujillo,0,0,0,0,0
20260322,2026-03-22,2026,3,March,9,A30001,6,Jean slim,Ropa,8,Mall Aventura Trujillo,0,0,0,0,0
20260323,2026-03-23,2026,3,March,9,A30001,6,Jean slim,Ropa,8,Mall Aventura Trujillo,0,0,0,0,0
20260324,2026-03-24,2026,3,March,9,A30001,6,Jean slim,Ropa,8,Mall Aventura Trujillo,0,0,0,0,0
20260325,2026-03-25,2026,3,March,9,A30001,6,Jean slim,Ropa,8,Mall Aventura Trujillo,0,0,0,0,0
20260326,2026-03-26,2026,3,March,9,A30001,6,Jean slim,Ropa,8,Mall Aventura Trujillo,0,0,0,0,0
20260327,2026-03-27,2026,3,March,9,A30001,6,Jean slim,Ropa,8,Mall Aventura Trujillo,0,0,0,0,0
20260328,2026-03-28,2026,3,March,9,A30001,6,Jean slim,Ropa,8,Mall Aventura Trujillo,0,0,0,0,0
20260329,2026-03-29,2026,3,March,9,A30001,6,Jean slim,Ropa,8,Mall Aventura Trujillo,0,0,0,0,0
20260330,2026-03-30,2026,3,March,9,A30001,6,Jean slim,Ropa,8,Mall Aventura Trujillo,0,0,0,0,0
20260331,2026-03-31,2026,3,March,9,A30001,6,Jean slim,Ropa,8,Mall Aventura Trujillo,0,0,0,0,0
20260101,2026-01-01,2026,1,January,10,A30002,6,Jean slim,Ropa,5,Web Nacional,0,0,0,0,0
20260102,2026-01-02,2026,1,Enero,10,A30002,6,Jean slim,Ropa,5,Web Nacional,0,0,0,0,0
20260103,2026-01-03,2026,1,Enero,10,A30002,6,Jean slim,Ropa,5,Web Nacional,0,0,0,0,0
20260104,2026-01-04,2026,1,Enero,10,A30002,6,Jean slim,Ropa,5,Web Nacional,0,0,0,0,0
20260105,2026-01-05,2026,1,January,10,A30002,6,Jean slim,Ropa,5,Web Nacional,0,0,0,0,0
20260106,2026-01-06,2026,1,January,10,A30002,6,Jean slim,Ropa,5,Web Nacional,0,0,0,0,0
20260107,2026-01-07,2026,1,January,10,A30002,6,Jean slim,Ropa,5,Web Nacional,0,0,0,0,0
20260108,2026-01-08,2026,1,January,10,A30002,6,Jean slim,Ropa,5,Web Nacional,0,0,0,0,0
20260109,2026-01-09,2026,1,January,10,A30002,6,Jean slim,Ropa,5,Web Nacional,0,0,0,0,0
20260110,2026-01-10,2026,1,January,10,A30002,6,Jean slim,Ropa,5,Web Nacional,0,0,0,0,0
20260111,2026-01-11,2026,1,January,10,A30002,6,Jean slim,Ropa,5,Web Nacional,0,0,0,0,0
20260112,2026-01-12,2026,1,January,10,A30002,6,Jean slim,Ropa,5,Web Nacional,0,0,0,0,0
20260113,2026-01-13,2026,1,January,10,A30002,6,Jean slim,Ropa,5,Web Nacional,0,0,0,0,0
20260114,2026-01-14,2026,1,January,10,A30002,6,Jean slim,Ropa,5,Web Nacional,0,0,0,0,0
20260115,2026-01-15,2026,1,January,10,A30002,6,Jean slim,Ropa,5,Web Nacional,0,0,0,0,0
20260116,2026-01-16,2026,1,January,10,A30002,6,Jean slim,Ropa,5,Web Nacional,0,0,0,0,0
20260117,2026-01-17,2026,1,January,10,A30002,6,Jean slim,Ropa,5,Web Nacional,0,0,0,0,0
20260118,2026-01-18,2026,1,January,10,A30002,6,Jean slim,Ropa,5,Web Nacional,0,0,0,0,0
20260119,2026-01-19,2026,1,January,10,A30002,6,Jean slim,Ropa,5,Web Nacional,0,0,0,0,0
20260120,2026-01-20,2026,1,January,10,A30002,6,Jean slim,Ropa,5,Web Nacional,0,0,0,0,0
20260121,2026-01-21,2026,1,January,10,A30002,6,Jean slim,Ropa,5,Web Nacional,0,0,0,0,0
20260122,2026-01-22,2026,1,January,10,A30002,6,Jean slim,Ropa,5,Web Nacional,0,0,0,0,0
20260123,2026-01-23,2026,1,January,10,A30002,6,Jean slim,Ropa,5,Web Nacional,0,0,0,0,0
20260124,2026-01-24,2026,1,January,10,A30002,6,Jean slim,Ropa,5,Web Nacional,0,0,0,0,0
20260125,2026-01-25,2026,1,January,10,A30002,6,Jean slim,Ropa,5,Web Nacional,0,0,0,0,0
20260126,2026-01-26,2026,1,January,10,A30002,6,Jean slim,Ropa,5,Web Nacional,0,0,0,0,0
20260127,2026-01-27,2026,1,January,10,A30002,6,Jean slim,Ropa,5,Web Nacional,0,0,0,0,0
20260128,2026-01-28,2026,1,January,10,A30002,6,Jean slim,Ropa,5,Web Nacional,0,0,0,0,0
20260129,2026-01-29,2026,1,January,10,A30002,6,Jean slim,Ropa,5,Web Nacional,0,0,0,0,0
20260130,2026-01-30,2026,1,January,10,A30002,6,Jean slim,Ropa,5,Web Nacional,0,0,0,0,0
20260131,2026-01-31,2026,1,January,10,A30002,6,Jean slim,Ropa,5,Web Nacional,0,0,0,0,0
20260201,2026-02-01,2026,2,February,10,A30002,6,Jean slim,Ropa,5,Web Nacional,0,0,0,0,0
20260202,2026-02-02,2026,2,February,10,A30002,6,Jean slim,Ropa,5,Web Nacional,0,0,0,0,0
20260203,2026-02-03,2026,2,February,10,A30002,6,Jean slim,Ropa,5,Web Nacional,0,0,0,0,0
20260204,2026-02-04,2026,2,February,10,A30002,6,Jean slim,Ropa,5,Web Nacional,0,0,0,0,0
20260205,2026-02-05,2026,2,February,10,A30002,6,Jean slim,Ropa,5,Web Nacional,0,0,0,0,0
20260206,2026-02-06,2026,2,February,10,A30002,6,Jean slim,Ropa,5,Web Nacional,0,0,0,0,0
20260207,2026-02-07,2026,2,February,10,A30002,6,Jean slim,Ropa,5,Web Nacional,0,0,0,0,0
20260208,2026-02-08,2026,2,February,10,A30002,6,Jean slim,Ropa,5,Web Nacional,0,0,0,0,0
20260209,2026-02-09,2026,2,February,10,A30002,6,Jean slim,Ropa,5,Web Nacional,0,0,0,0,0
20260210,2026-02-10,2026,2,February,10,A30002,6,Jean slim,Ropa,5,Web Nacional,0,0,0,0,0
20260211,2026-02-11,2026,2,February,10,A30002,6,Jean slim,Ropa,5,Web Nacional,0,0,0,0,0
20260212,2026-02-12,2026,2,February,10,A30002,6,Jean slim,Ropa,5,Web Nacional,0,0,0,0,0
20260213,2026-02-13,2026,2,February,10,A30002,6,Jean slim,Ropa,5,Web Nacional,0,0,0,0,0
20260214,2026-02-14,2026,2,February,10,A30002,6,Jean slim,Ropa,5,Web Nacional,0,0,0,0,0
20260215,2026-02-15,2026,2,February,10,A30002,6,Jean slim,Ropa,5,Web Nacional,0,0,0,0,0
20260216,2026-02-16,2026,2,February,10,A30002,6,Jean slim,Ropa,5,Web Nacional,0,0,0,0,0
20260217,2026-02-17,2026,2,February,10,A30002,6,Jean slim,Ropa,5,Web Nacional,0,0,0,0,0
20260218,2026-02-18,2026,2,February,10,A30002,6,Jean slim,Ropa,5,Web Nacional,0,0,0,0,0
20260219,2026-02-19,2026,2,February,10,A30002,6,Jean slim,Ropa,5,Web Nacional,0,0,0,0,0
20260220,2026-02-20,2026,2,February,10,A30002,6,Jean slim,Ropa,5,Web Nacional,0,0,0,0,0
20260221,2026-02-21,2026,2,February,10,A30002,6,Jean slim,Ropa,5,Web Nacional,0,0,0,0,0
20260222,2026-02-22,2026,2,February,10,A30002,6,Jean slim,Ropa,5,Web Nacional,0,0,0,0,0
20260223,2026-02-23,2026,2,February,10,A30002,6,Jean slim,Ropa,5,Web Nacional,0,0,0,0,0
20260224,2026-02-24,2026,2,February,10,A30002,6,Jean slim,Ropa,5,Web Nacional,0,0,0,0,0
20260225,2026-02-25,2026,2,February,10,A30002,6,Jean slim,Ropa,5,Web Nacional,0,0,0,0,0
20260226,2026-02-26,2026,2,February,10,A30002,6,Jean slim,Ropa,5,Web Nacional,0,0,0,0,0
20260227,2026-02-27,2026,2,February,10,A30002,6,Jean slim,Ropa,5,Web Nacional,0,0,0,0,0
20260228,2026-02-28,2026,2,February,10,A30002,6,Jean slim,Ropa,5,Web Nacional,0,0,0,0,0
20260301,2026-03-01,2026,3,March,10,A30002,6,Jean slim,Ropa,5,Web Nacional,0,0,0,0,0
20260302,2026-03-02,2026,3,March,10,A30002,6,Jean slim,Ropa,5,Web Nacional,0,0,0,0,0
20260303,2026-03-03,2026,3,March,10,A30002,6,Jean slim,Ropa,5,Web Nacional,0,0,0,0,0
20260304,2026-03-04,2026,3,March,10,A30002,6,Jean slim,Ropa,5,Web Nacional,0,0,0,0,0
20260305,2026-03-05,2026,3,March,10,A30002,6,Jean slim,Ropa,5,Web Nacional,0,0,0,0,0
20260306,2026-03-06,2026,3,March,10,A30002,6,Jean slim,Ropa,5,Web Nacional,0,0,0,0,0
20260307,2026-03-07,2026,3,March,10,A30002,6,Jean slim,Ropa,5,Web Nacional,0,0,0,0,0
20260308,2026-03-08,2026,3,March,10,A30002,6,Jean slim,Ropa,5,Web Nacional,0,0,0,0,0
20260309,2026-03-09,2026,3,March,10,A30002,6,Jean slim,Ropa,5,Web Nacional,0,0,0,0,0
20260310,2026-03-10,2026,3,March,10,A30002,6,Jean slim,Ropa,5,Web Nacional,0,0,0,0,0
20260311,2026-03-11,2026,3,March,10,A30002,6,Jean slim,Ropa,5,Web Nacional,0,0,0,0,0
20260312,2026-03-12,2026,3,March,10,A30002,6,Jean slim,Ropa,5,Web Nacional,0,0,0,0,0
20260313,2026-03-13,2026,3,March,10,A30002,6,Jean slim,Ropa,5,Web Nacional,0,0,0,0,0
20260314,2026-03-14,2026,3,March,10,A30002,6,Jean slim,Ropa,5,Web Nacional,0,0,0,0,0
20260315,2026-03-15,2026,3,March,10,A30002,6,Jean slim,Ropa,5,Web Nacional,0,0,0,0,0
20260316,2026-03-16,2026,3,March,10,A30002,6,Jean slim,Ropa,5,Web Nacional,0,0,0,0,0
20260317,2026-03-17,2026,3,March,10,A30002,6,Jean slim,Ropa,5,Web Nacional,0,0,0,0,0
20260318,2026-03-18,2026,3,March,10,A30002,6,Jean slim,Ropa,5,Web Nacional,0,0,0,0,0
20260319,2026-03-19,2026,3,March,10,A30002,6,Jean slim,Ropa,5,Web Nacional,0,0,0,0,0
20260320,2026-03-20,2026,3,March,10,A30002,6,Jean slim,Ropa,5,Web Nacional,0,0,0,0,0
20260321,2026-03-21,2026,3,March,10,A30002,6,Jean slim,Ropa,5,Web Nacional,0,0,0,0,0
20260322,2026-03-22,2026,3,March,10,A30002,6,Jean slim,Ropa,5,Web Nacional,0,0,0,0,0
20260323,2026-03-23,2026,3,March,10,A30002,6,Jean slim,Ropa,5,Web Nacional,0,0,0,0,0
20260324,2026-03-24,2026,3,March,10,A30002,6,Jean slim,Ropa,5,Web Nacional,0,0,0,0,0
20260325,2026-03-25,2026,3,March,10,A30002,6,Jean slim,Ropa,5,Web Nacional,0,0,0,0,0
20260326,2026-03-26,2026,3,March,10,A30002,6,Jean slim,Ropa,5,Web Nacional,0,0,0,0,0
20260327,2026-03-27,2026,3,March,10,A30002,6,Jean slim,Ropa,5,Web Nacional,0,0,0,0,0
20260328,2026-03-28,2026,3,March,10,A30002,6,Jean slim,Ropa,5,Web Nacional,0,0,0,0,0
20260329,2026-03-29,2026,3,March,10,A30002,6,Jean slim,Ropa,5,Web Nacional,0,0,0,0,0
20260330,2026-03-30,2026,3,March,10,A30002,6,Jean slim,Ropa,5,Web Nacional,0,0,0,0,0
20260331,2026-03-31,2026,3,March,10,A30002,6,Jean slim,Ropa,5,Web Nacional,0,0,0,0,0
20260101,2026-01-01,2026,1,January,10,A30002,6,Jean slim,Ropa,6,Jockey Plaza,0,0,0,0,0
20260102,2026-01-02,2026,1,Enero,10,A30002,6,Jean slim,Ropa,6,Jockey Plaza,0,0,0,0,0
20260103,2026-01-03,2026,1,Enero,10,A30002,6,Jean slim,Ropa,6,Jockey Plaza,0,0,0,0,0
20260104,2026-01-04,2026,1,Enero,10,A30002,6,Jean slim,Ropa,6,Jockey Plaza,0,0,0,0,0
20260105,2026-01-05,2026,1,January,10,A30002,6,Jean slim,Ropa,6,Jockey Plaza,0,0,0,0,0
20260106,2026-01-06,2026,1,January,10,A30002,6,Jean slim,Ropa,6,Jockey Plaza,0,0,0,0,0
20260107,2026-01-07,2026,1,January,10,A30002,6,Jean slim,Ropa,6,Jockey Plaza,0,0,0,0,0
20260108,2026-01-08,2026,1,January,10,A30002,6,Jean slim,Ropa,6,Jockey Plaza,0,0,0,0,0
20260109,2026-01-09,2026,1,January,10,A30002,6,Jean slim,Ropa,6,Jockey Plaza,0,0,0,0,0
20260110,2026-01-10,2026,1,January,10,A30002,6,Jean slim,Ropa,6,Jockey Plaza,0,0,0,0,0
20260111,2026-01-11,2026,1,January,10,A30002,6,Jean slim,Ropa,6,Jockey Plaza,0,0,0,0,0
20260112,2026-01-12,2026,1,January,10,A30002,6,Jean slim,Ropa,6,Jockey Plaza,0,0,0,0,0
20260113,2026-01-13,2026,1,January,10,A30002,6,Jean slim,Ropa,6,Jockey Plaza,0,0,0,0,0
20260114,2026-01-14,2026,1,January,10,A30002,6,Jean slim,Ropa,6,Jockey Plaza,0,0,0,0,0
20260115,2026-01-15,2026,1,January,10,A30002,6,Jean slim,Ropa,6,Jockey Plaza,0,0,0,0,0
20260116,2026-01-16,2026,1,January,10,A30002,6,Jean slim,Ropa,6,Jockey Plaza,0,0,0,0,0
20260117,2026-01-17,2026,1,January,10,A30002,6,Jean slim,Ropa,6,Jockey Plaza,0,0,0,0,0
20260118,2026-01-18,2026,1,January,10,A30002,6,Jean slim,Ropa,6,Jockey Plaza,0,0,0,0,0
20260119,2026-01-19,2026,1,January,10,A30002,6,Jean slim,Ropa,6,Jockey Plaza,0,0,0,0,0
20260120,2026-01-20,2026,1,January,10,A30002,6,Jean slim,Ropa,6,Jockey Plaza,0,0,0,0,0
20260121,2026-01-21,2026,1,January,10,A30002,6,Jean slim,Ropa,6,Jockey Plaza,0,0,0,0,0
20260122,2026-01-22,2026,1,January,10,A30002,6,Jean slim,Ropa,6,Jockey Plaza,0,0,0,0,0
20260123,2026-01-23,2026,1,January,10,A30002,6,Jean slim,Ropa,6,Jockey Plaza,0,0,0,0,0
20260124,2026-01-24,2026,1,January,10,A30002,6,Jean slim,Ropa,6,Jockey Plaza,0,0,0,0,0
20260125,2026-01-25,2026,1,January,10,A30002,6,Jean slim,Ropa,6,Jockey Plaza,0,0,0,0,0
20260126,2026-01-26,2026,1,January,10,A30002,6,Jean slim,Ropa,6,Jockey Plaza,0,0,0,0,0
20260127,2026-01-27,2026,1,January,10,A30002,6,Jean slim,Ropa,6,Jockey Plaza,0,0,0,0,0
20260128,2026-01-28,2026,1,January,10,A30002,6,Jean slim,Ropa,6,Jockey Plaza,0,0,0,0,0
20260129,2026-01-29,2026,1,January,10,A30002,6,Jean slim,Ropa,6,Jockey Plaza,0,0,0,0,0
20260130,2026-01-30,2026,1,January,10,A30002,6,Jean slim,Ropa,6,Jockey Plaza,0,0,0,0,0
20260131,2026-01-31,2026,1,January,10,A30002,6,Jean slim,Ropa,6,Jockey Plaza,0,0,0,0,0
20260201,2026-02-01,2026,2,February,10,A30002,6,Jean slim,Ropa,6,Jockey Plaza,0,0,0,0,0
20260202,2026-02-02,2026,2,February,10,A30002,6,Jean slim,Ropa,6,Jockey Plaza,0,0,0,0,0
20260203,2026-02-03,2026,2,February,10,A30002,6,Jean slim,Ropa,6,Jockey Plaza,0,0,0,0,0
20260204,2026-02-04,2026,2,February,10,A30002,6,Jean slim,Ropa,6,Jockey Plaza,0,0,0,0,0
20260205,2026-02-05,2026,2,February,10,A30002,6,Jean slim,Ropa,6,Jockey Plaza,0,0,0,0,0
20260206,2026-02-06,2026,2,February,10,A30002,6,Jean slim,Ropa,6,Jockey Plaza,0,0,0,0,0
20260207,2026-02-07,2026,2,February,10,A30002,6,Jean slim,Ropa,6,Jockey Plaza,0,0,0,0,0
20260208,2026-02-08,2026,2,February,10,A30002,6,Jean slim,Ropa,6,Jockey Plaza,0,0,0,0,0
20260209,2026-02-09,2026,2,February,10,A30002,6,Jean slim,Ropa,6,Jockey Plaza,0,0,0,0,0
20260210,2026-02-10,2026,2,February,10,A30002,6,Jean slim,Ropa,6,Jockey Plaza,0,0,0,0,0
20260211,2026-02-11,2026,2,February,10,A30002,6,Jean slim,Ropa,6,Jockey Plaza,0,0,0,0,0
20260212,2026-02-12,2026,2,February,10,A30002,6,Jean slim,Ropa,6,Jockey Plaza,0,0,0,0,0
20260213,2026-02-13,2026,2,February,10,A30002,6,Jean slim,Ropa,6,Jockey Plaza,0,0,0,0,0
20260214,2026-02-14,2026,2,February,10,A30002,6,Jean slim,Ropa,6,Jockey Plaza,0,0,0,0,0
20260215,2026-02-15,2026,2,February,10,A30002,6,Jean slim,Ropa,6,Jockey Plaza,0,0,0,0,0
20260216,2026-02-16,2026,2,February,10,A30002,6,Jean slim,Ropa,6,Jockey Plaza,0,0,0,0,0
20260217,2026-02-17,2026,2,February,10,A30002,6,Jean slim,Ropa,6,Jockey Plaza,0,0,0,0,0
20260218,2026-02-18,2026,2,February,10,A30002,6,Jean slim,Ropa,6,Jockey Plaza,0,0,0,0,0
20260219,2026-02-19,2026,2,February,10,A30002,6,Jean slim,Ropa,6,Jockey Plaza,0,0,0,0,0
20260220,2026-02-20,2026,2,February,10,A30002,6,Jean slim,Ropa,6,Jockey Plaza,0,0,0,0,0
20260221,2026-02-21,2026,2,February,10,A30002,6,Jean slim,Ropa,6,Jockey Plaza,0,0,0,0,0
20260222,2026-02-22,2026,2,February,10,A30002,6,Jean slim,Ropa,6,Jockey Plaza,0,0,0,0,0
20260223,2026-02-23,2026,2,February,10,A30002,6,Jean slim,Ropa,6,Jockey Plaza,0,0,0,0,0
20260224,2026-02-24,2026,2,February,10,A30002,6,Jean slim,Ropa,6,Jockey Plaza,0,0,0,0,0
20260225,2026-02-25,2026,2,February,10,A30002,6,Jean slim,Ropa,6,Jockey Plaza,0,0,0,0,0
20260226,2026-02-26,2026,2,February,10,A30002,6,Jean slim,Ropa,6,Jockey Plaza,0,0,0,0,0
20260227,2026-02-27,2026,2,February,10,A30002,6,Jean slim,Ropa,6,Jockey Plaza,0,0,0,0,0
20260228,2026-02-28,2026,2,February,10,A30002,6,Jean slim,Ropa,6,Jockey Plaza,0,0,0,0,0
20260301,2026-03-01,2026,3,March,10,A30002,6,Jean slim,Ropa,6,Jockey Plaza,0,0,0,0,0
20260302,2026-03-02,2026,3,March,10,A30002,6,Jean slim,Ropa,6,Jockey Plaza,0,0,0,0,0
20260303,2026-03-03,2026,3,March,10,A30002,6,Jean slim,Ropa,6,Jockey Plaza,0,0,0,0,0
20260304,2026-03-04,2026,3,March,10,A30002,6,Jean slim,Ropa,6,Jockey Plaza,0,0,0,0,0
20260305,2026-03-05,2026,3,March,10,A30002,6,Jean slim,Ropa,6,Jockey Plaza,0,0,0,0,0
20260306,2026-03-06,2026,3,March,10,A30002,6,Jean slim,Ropa,6,Jockey Plaza,0,0,0,0,0
20260307,2026-03-07,2026,3,March,10,A30002,6,Jean slim,Ropa,6,Jockey Plaza,0,0,0,0,0
20260308,2026-03-08,2026,3,March,10,A30002,6,Jean slim,Ropa,6,Jockey Plaza,0,0,0,0,0
20260309,2026-03-09,2026,3,March,10,A30002,6,Jean slim,Ropa,6,Jockey Plaza,0,0,0,0,0
20260310,2026-03-10,2026,3,March,10,A30002,6,Jean slim,Ropa,6,Jockey Plaza,0,0,0,0,0
20260311,2026-03-11,2026,3,March,10,A30002,6,Jean slim,Ropa,6,Jockey Plaza,0,0,0,0,0
20260312,2026-03-12,2026,3,March,10,A30002,6,Jean slim,Ropa,6,Jockey Plaza,0,0,0,0,0
20260313,2026-03-13,2026,3,March,10,A30002,6,Jean slim,Ropa,6,Jockey Plaza,0,0,0,0,0
20260314,2026-03-14,2026,3,March,10,A30002,6,Jean slim,Ropa,6,Jockey Plaza,0,0,0,0,0
20260315,2026-03-15,2026,3,March,10,A30002,6,Jean slim,Ropa,6,Jockey Plaza,0,0,0,0,0
20260316,2026-03-16,2026,3,March,10,A30002,6,Jean slim,Ropa,6,Jockey Plaza,0,0,0,0,0
20260317,2026-03-17,2026,3,March,10,A30002,6,Jean slim,Ropa,6,Jockey Plaza,0,0,0,0,0
20260318,2026-03-18,2026,3,March,10,A30002,6,Jean slim,Ropa,6,Jockey Plaza,0,0,0,0,0
20260319,2026-03-19,2026,3,March,10,A30002,6,Jean slim,Ropa,6,Jockey Plaza,0,0,0,0,0
20260320,2026-03-20,2026,3,March,10,A30002,6,Jean slim,Ropa,6,Jockey Plaza,0,0,0,0,0
20260321,2026-03-21,2026,3,March,10,A30002,6,Jean slim,Ropa,6,Jockey Plaza,0,0,0,0,0
20260322,2026-03-22,2026,3,March,10,A30002,6,Jean slim,Ropa,6,Jockey Plaza,0,0,0,0,0
20260323,2026-03-23,2026,3,March,10,A30002,6,Jean slim,Ropa,6,Jockey Plaza,0,0,0,0,0
20260324,2026-03-24,2026,3,March,10,A30002,6,Jean slim,Ropa,6,Jockey Plaza,0,0,0,0,0
20260325,2026-03-25,2026,3,March,10,A30002,6,Jean slim,Ropa,6,Jockey Plaza,0,0,0,0,0
20260326,2026-03-26,2026,3,March,10,A30002,6,Jean slim,Ropa,6,Jockey Plaza,0,0,0,0,0
20260327,2026-03-27,2026,3,March,10,A30002,6,Jean slim,Ropa,6,Jockey Plaza,0,0,0,0,0
20260328,2026-03-28,2026,3,March,10,A30002,6,Jean slim,Ropa,6,Jockey Plaza,0,0,0,0,0
20260329,2026-03-29,2026,3,March,10,A30002,6,Jean slim,Ropa,6,Jockey Plaza,0,0,0,0,0
20260330,2026-03-30,2026,3,March,10,A30002,6,Jean slim,Ropa,6,Jockey Plaza,0,0,0,0,0
20260331,2026-03-31,2026,3,March,10,A30002,6,Jean slim,Ropa,6,Jockey Plaza,0,0,0,0,0
20260101,2026-01-01,2026,1,January,10,A30002,6,Jean slim,Ropa,7,Real Plaza Arequipa,1,0,1,0,1
20260102,2026-01-02,2026,1,Enero,10,A30002,6,Jean slim,Ropa,7,Real Plaza Arequipa,0,0,1,0,1
20260103,2026-01-03,2026,1,Enero,10,A30002,6,Jean slim,Ropa,7,Real Plaza Arequipa,0,0,1,0,1
20260104,2026-01-04,2026,1,Enero,10,A30002,6,Jean slim,Ropa,7,Real Plaza Arequipa,0,0,1,0,1
20260105,2026-01-05,2026,1,January,10,A30002,6,Jean slim,Ropa,7,Real Plaza Arequipa,0,0,1,0,1
20260106,2026-01-06,2026,1,January,10,A30002,6,Jean slim,Ropa,7,Real Plaza Arequipa,0,0,1,0,1
20260107,2026-01-07,2026,1,January,10,A30002,6,Jean slim,Ropa,7,Real Plaza Arequipa,0,0,1,0,1
20260108,2026-01-08,2026,1,January,10,A30002,6,Jean slim,Ropa,7,Real Plaza Arequipa,0,0,1,0,1
20260109,2026-01-09,2026,1,January,10,A30002,6,Jean slim,Ropa,7,Real Plaza Arequipa,0,0,1,0,1
20260110,2026-01-10,2026,1,January,10,A30002,6,Jean slim,Ropa,7,Real Plaza Arequipa,0,0,1,0,1
20260111,2026-01-11,2026,1,January,10,A30002,6,Jean slim,Ropa,7,Real Plaza Arequipa,0,0,1,0,1
20260112,2026-01-12,2026,1,January,10,A30002,6,Jean slim,Ropa,7,Real Plaza Arequipa,0,0,1,0,1
20260113,2026-01-13,2026,1,January,10,A30002,6,Jean slim,Ropa,7,Real Plaza Arequipa,0,0,1,0,1
20260114,2026-01-14,2026,1,January,10,A30002,6,Jean slim,Ropa,7,Real Plaza Arequipa,0,0,1,0,1
20260115,2026-01-15,2026,1,January,10,A30002,6,Jean slim,Ropa,7,Real Plaza Arequipa,0,0,1,0,1
20260116,2026-01-16,2026,1,January,10,A30002,6,Jean slim,Ropa,7,Real Plaza Arequipa,0,0,1,0,1
20260117,2026-01-17,2026,1,January,10,A30002,6,Jean slim,Ropa,7,Real Plaza Arequipa,0,0,1,0,1
20260118,2026-01-18,2026,1,January,10,A30002,6,Jean slim,Ropa,7,Real Plaza Arequipa,0,0,1,0,1
20260119,2026-01-19,2026,1,January,10,A30002,6,Jean slim,Ropa,7,Real Plaza Arequipa,0,0,1,0,1
20260120,2026-01-20,2026,1,January,10,A30002,6,Jean slim,Ropa,7,Real Plaza Arequipa,0,0,1,0,1
20260121,2026-01-21,2026,1,January,10,A30002,6,Jean slim,Ropa,7,Real Plaza Arequipa,0,0,1,0,1
20260122,2026-01-22,2026,1,January,10,A30002,6,Jean slim,Ropa,7,Real Plaza Arequipa,0,0,1,0,1
20260123,2026-01-23,2026,1,January,10,A30002,6,Jean slim,Ropa,7,Real Plaza Arequipa,-1,0,0,0,0
20260124,2026-01-24,2026,1,January,10,A30002,6,Jean slim,Ropa,7,Real Plaza Arequipa,0,0,0,0,0
20260125,2026-01-25,2026,1,January,10,A30002,6,Jean slim,Ropa,7,Real Plaza Arequipa,0,0,0,0,0
20260126,2026-01-26,2026,1,January,10,A30002,6,Jean slim,Ropa,7,Real Plaza Arequipa,0,0,0,0,0
20260127,2026-01-27,2026,1,January,10,A30002,6,Jean slim,Ropa,7,Real Plaza Arequipa,0,0,0,0,0
20260128,2026-01-28,2026,1,January,10,A30002,6,Jean slim,Ropa,7,Real Plaza Arequipa,0,0,0,0,0
20260129,2026-01-29,2026,1,January,10,A30002,6,Jean slim,Ropa,7,Real Plaza Arequipa,0,0,0,0,0
20260130,2026-01-30,2026,1,January,10,A30002,6,Jean slim,Ropa,7,Real Plaza Arequipa,0,0,0,0,0
20260131,2026-01-31,2026,1,January,10,A30002,6,Jean slim,Ropa,7,Real Plaza Arequipa,0,0,0,0,0
20260201,2026-02-01,2026,2,February,10,A30002,6,Jean slim,Ropa,7,Real Plaza Arequipa,0,0,0,0,0
20260202,2026-02-02,2026,2,February,10,A30002,6,Jean slim,Ropa,7,Real Plaza Arequipa,0,0,0,0,0
20260203,2026-02-03,2026,2,February,10,A30002,6,Jean slim,Ropa,7,Real Plaza Arequipa,0,0,0,0,0
20260204,2026-02-04,2026,2,February,10,A30002,6,Jean slim,Ropa,7,Real Plaza Arequipa,0,0,0,0,0
20260205,2026-02-05,2026,2,February,10,A30002,6,Jean slim,Ropa,7,Real Plaza Arequipa,0,0,0,0,0
20260206,2026-02-06,2026,2,February,10,A30002,6,Jean slim,Ropa,7,Real Plaza Arequipa,0,0,0,0,0
20260207,2026-02-07,2026,2,February,10,A30002,6,Jean slim,Ropa,7,Real Plaza Arequipa,0,0,0,0,0
20260208,2026-02-08,2026,2,February,10,A30002,6,Jean slim,Ropa,7,Real Plaza Arequipa,0,0,0,0,0
20260209,2026-02-09,2026,2,February,10,A30002,6,Jean slim,Ropa,7,Real Plaza Arequipa,0,0,0,0,0
20260210,2026-02-10,2026,2,February,10,A30002,6,Jean slim,Ropa,7,Real Plaza Arequipa,0,0,0,0,0
20260211,2026-02-11,2026,2,February,10,A30002,6,Jean slim,Ropa,7,Real Plaza Arequipa,0,0,0,0,0
20260212,2026-02-12,2026,2,February,10,A30002,6,Jean slim,Ropa,7,Real Plaza Arequipa,0,0,0,0,0
20260213,2026-02-13,2026,2,February,10,A30002,6,Jean slim,Ropa,7,Real Plaza Arequipa,0,0,0,0,0
20260214,2026-02-14,2026,2,February,10,A30002,6,Jean slim,Ropa,7,Real Plaza Arequipa,0,0,0,0,0
20260215,2026-02-15,2026,2,February,10,A30002,6,Jean slim,Ropa,7,Real Plaza Arequipa,0,0,0,0,0
20260216,2026-02-16,2026,2,February,10,A30002,6,Jean slim,Ropa,7,Real Plaza Arequipa,0,0,0,0,0
20260217,2026-02-17,2026,2,February,10,A30002,6,Jean slim,Ropa,7,Real Plaza Arequipa,0,0,0,0,0
20260218,2026-02-18,2026,2,February,10,A30002,6,Jean slim,Ropa,7,Real Plaza Arequipa,0,0,0,0,0
20260219,2026-02-19,2026,2,February,10,A30002,6,Jean slim,Ropa,7,Real Plaza Arequipa,0,0,0,0,0
20260220,2026-02-20,2026,2,February,10,A30002,6,Jean slim,Ropa,7,Real Plaza Arequipa,0,0,0,0,0
20260221,2026-02-21,2026,2,February,10,A30002,6,Jean slim,Ropa,7,Real Plaza Arequipa,0,0,0,0,0
20260222,2026-02-22,2026,2,February,10,A30002,6,Jean slim,Ropa,7,Real Plaza Arequipa,0,0,0,0,0
20260223,2026-02-23,2026,2,February,10,A30002,6,Jean slim,Ropa,7,Real Plaza Arequipa,0,0,0,0,0
20260224,2026-02-24,2026,2,February,10,A30002,6,Jean slim,Ropa,7,Real Plaza Arequipa,0,0,0,0,0
20260225,2026-02-25,2026,2,February,10,A30002,6,Jean slim,Ropa,7,Real Plaza Arequipa,0,0,0,0,0
20260226,2026-02-26,2026,2,February,10,A30002,6,Jean slim,Ropa,7,Real Plaza Arequipa,0,0,0,0,0
20260227,2026-02-27,2026,2,February,10,A30002,6,Jean slim,Ropa,7,Real Plaza Arequipa,0,0,0,0,0
20260228,2026-02-28,2026,2,February,10,A30002,6,Jean slim,Ropa,7,Real Plaza Arequipa,0,0,0,0,0
20260301,2026-03-01,2026,3,March,10,A30002,6,Jean slim,Ropa,7,Real Plaza Arequipa,0,0,0,0,0
20260302,2026-03-02,2026,3,March,10,A30002,6,Jean slim,Ropa,7,Real Plaza Arequipa,0,0,0,0,0
20260303,2026-03-03,2026,3,March,10,A30002,6,Jean slim,Ropa,7,Real Plaza Arequipa,0,0,0,0,0
20260304,2026-03-04,2026,3,March,10,A30002,6,Jean slim,Ropa,7,Real Plaza Arequipa,0,0,0,0,0
20260305,2026-03-05,2026,3,March,10,A30002,6,Jean slim,Ropa,7,Real Plaza Arequipa,0,0,0,0,0
20260306,2026-03-06,2026,3,March,10,A30002,6,Jean slim,Ropa,7,Real Plaza Arequipa,0,0,0,0,0
20260307,2026-03-07,2026,3,March,10,A30002,6,Jean slim,Ropa,7,Real Plaza Arequipa,0,0,0,0,0
20260308,2026-03-08,2026,3,March,10,A30002,6,Jean slim,Ropa,7,Real Plaza Arequipa,0,0,0,0,0
20260309,2026-03-09,2026,3,March,10,A30002,6,Jean slim,Ropa,7,Real Plaza Arequipa,0,0,0,0,0
20260310,2026-03-10,2026,3,March,10,A30002,6,Jean slim,Ropa,7,Real Plaza Arequipa,0,0,0,0,0
20260311,2026-03-11,2026,3,March,10,A30002,6,Jean slim,Ropa,7,Real Plaza Arequipa,0,0,0,0,0
20260312,2026-03-12,2026,3,March,10,A30002,6,Jean slim,Ropa,7,Real Plaza Arequipa,0,0,0,0,0
20260313,2026-03-13,2026,3,March,10,A30002,6,Jean slim,Ropa,7,Real Plaza Arequipa,0,0,0,0,0
20260314,2026-03-14,2026,3,March,10,A30002,6,Jean slim,Ropa,7,Real Plaza Arequipa,0,0,0,0,0
20260315,2026-03-15,2026,3,March,10,A30002,6,Jean slim,Ropa,7,Real Plaza Arequipa,0,0,0,0,0
20260316,2026-03-16,2026,3,March,10,A30002,6,Jean slim,Ropa,7,Real Plaza Arequipa,0,0,0,0,0
20260317,2026-03-17,2026,3,March,10,A30002,6,Jean slim,Ropa,7,Real Plaza Arequipa,0,0,0,0,0
20260318,2026-03-18,2026,3,March,10,A30002,6,Jean slim,Ropa,7,Real Plaza Arequipa,0,0,0,0,0
20260319,2026-03-19,2026,3,March,10,A30002,6,Jean slim,Ropa,7,Real Plaza Arequipa,0,0,0,0,0
20260320,2026-03-20,2026,3,March,10,A30002,6,Jean slim,Ropa,7,Real Plaza Arequipa,0,0,0,0,0
20260321,2026-03-21,2026,3,March,10,A30002,6,Jean slim,Ropa,7,Real Plaza Arequipa,0,0,0,0,0
20260322,2026-03-22,2026,3,March,10,A30002,6,Jean slim,Ropa,7,Real Plaza Arequipa,0,0,0,0,0
20260323,2026-03-23,2026,3,March,10,A30002,6,Jean slim,Ropa,7,Real Plaza Arequipa,0,0,0,0,0
20260324,2026-03-24,2026,3,March,10,A30002,6,Jean slim,Ropa,7,Real Plaza Arequipa,0,0,0,0,0
20260325,2026-03-25,2026,3,March,10,A30002,6,Jean slim,Ropa,7,Real Plaza Arequipa,0,0,0,0,0
20260326,2026-03-26,2026,3,March,10,A30002,6,Jean slim,Ropa,7,Real Plaza Arequipa,0,0,0,0,0
20260327,2026-03-27,2026,3,March,10,A30002,6,Jean slim,Ropa,7,Real Plaza Arequipa,0,0,0,0,0
20260328,2026-03-28,2026,3,March,10,A30002,6,Jean slim,Ropa,7,Real Plaza Arequipa,0,0,0,0,0
20260329,2026-03-29,2026,3,March,10,A30002,6,Jean slim,Ropa,7,Real Plaza Arequipa,0,0,0,0,0
20260330,2026-03-30,2026,3,March,10,A30002,6,Jean slim,Ropa,7,Real Plaza Arequipa,0,0,0,0,0
20260331,2026-03-31,2026,3,March,10,A30002,6,Jean slim,Ropa,7,Real Plaza Arequipa,0,0,0,0,0
20260101,2026-01-01,2026,1,January,10,A30002,6,Jean slim,Ropa,8,Mall Aventura Trujillo,0,0,0,0,0
20260102,2026-01-02,2026,1,Enero,10,A30002,6,Jean slim,Ropa,8,Mall Aventura Trujillo,0,0,0,0,0
20260103,2026-01-03,2026,1,Enero,10,A30002,6,Jean slim,Ropa,8,Mall Aventura Trujillo,0,0,0,0,0
20260104,2026-01-04,2026,1,Enero,10,A30002,6,Jean slim,Ropa,8,Mall Aventura Trujillo,0,0,0,0,0
20260105,2026-01-05,2026,1,January,10,A30002,6,Jean slim,Ropa,8,Mall Aventura Trujillo,0,0,0,0,0
20260106,2026-01-06,2026,1,January,10,A30002,6,Jean slim,Ropa,8,Mall Aventura Trujillo,0,0,0,0,0
20260107,2026-01-07,2026,1,January,10,A30002,6,Jean slim,Ropa,8,Mall Aventura Trujillo,0,0,0,0,0
20260108,2026-01-08,2026,1,January,10,A30002,6,Jean slim,Ropa,8,Mall Aventura Trujillo,0,0,0,0,0
20260109,2026-01-09,2026,1,January,10,A30002,6,Jean slim,Ropa,8,Mall Aventura Trujillo,0,0,0,0,0
20260110,2026-01-10,2026,1,January,10,A30002,6,Jean slim,Ropa,8,Mall Aventura Trujillo,0,0,0,0,0
20260111,2026-01-11,2026,1,January,10,A30002,6,Jean slim,Ropa,8,Mall Aventura Trujillo,0,0,0,0,0
20260112,2026-01-12,2026,1,January,10,A30002,6,Jean slim,Ropa,8,Mall Aventura Trujillo,0,0,0,0,0
20260113,2026-01-13,2026,1,January,10,A30002,6,Jean slim,Ropa,8,Mall Aventura Trujillo,0,0,0,0,0
20260114,2026-01-14,2026,1,January,10,A30002,6,Jean slim,Ropa,8,Mall Aventura Trujillo,0,0,0,0,0
20260115,2026-01-15,2026,1,January,10,A30002,6,Jean slim,Ropa,8,Mall Aventura Trujillo,0,0,0,0,0
20260116,2026-01-16,2026,1,January,10,A30002,6,Jean slim,Ropa,8,Mall Aventura Trujillo,0,0,0,0,0
20260117,2026-01-17,2026,1,January,10,A30002,6,Jean slim,Ropa,8,Mall Aventura Trujillo,0,0,0,0,0
20260118,2026-01-18,2026,1,January,10,A30002,6,Jean slim,Ropa,8,Mall Aventura Trujillo,0,0,0,0,0
20260119,2026-01-19,2026,1,January,10,A30002,6,Jean slim,Ropa,8,Mall Aventura Trujillo,0,0,0,0,0
20260120,2026-01-20,2026,1,January,10,A30002,6,Jean slim,Ropa,8,Mall Aventura Trujillo,0,0,0,0,0
20260121,2026-01-21,2026,1,January,10,A30002,6,Jean slim,Ropa,8,Mall Aventura Trujillo,0,0,0,0,0
20260122,2026-01-22,2026,1,January,10,A30002,6,Jean slim,Ropa,8,Mall Aventura Trujillo,0,0,0,0,0
20260123,2026-01-23,2026,1,January,10,A30002,6,Jean slim,Ropa,8,Mall Aventura Trujillo,0,0,0,0,0
20260124,2026-01-24,2026,1,January,10,A30002,6,Jean slim,Ropa,8,Mall Aventura Trujillo,0,0,0,0,0
20260125,2026-01-25,2026,1,January,10,A30002,6,Jean slim,Ropa,8,Mall Aventura Trujillo,0,0,0,0,0
20260126,2026-01-26,2026,1,January,10,A30002,6,Jean slim,Ropa,8,Mall Aventura Trujillo,0,0,0,0,0
20260127,2026-01-27,2026,1,January,10,A30002,6,Jean slim,Ropa,8,Mall Aventura Trujillo,0,0,0,0,0
20260128,2026-01-28,2026,1,January,10,A30002,6,Jean slim,Ropa,8,Mall Aventura Trujillo,0,0,0,0,0
20260129,2026-01-29,2026,1,January,10,A30002,6,Jean slim,Ropa,8,Mall Aventura Trujillo,0,0,0,0,0
20260130,2026-01-30,2026,1,January,10,A30002,6,Jean slim,Ropa,8,Mall Aventura Trujillo,0,0,0,0,0
20260131,2026-01-31,2026,1,January,10,A30002,6,Jean slim,Ropa,8,Mall Aventura Trujillo,0,0,0,0,0
20260201,2026-02-01,2026,2,February,10,A30002,6,Jean slim,Ropa,8,Mall Aventura Trujillo,0,0,0,0,0
20260202,2026-02-02,2026,2,February,10,A30002,6,Jean slim,Ropa,8,Mall Aventura Trujillo,0,0,0,0,0
20260203,2026-02-03,2026,2,February,10,A30002,6,Jean slim,Ropa,8,Mall Aventura Trujillo,0,0,0,0,0
20260204,2026-02-04,2026,2,February,10,A30002,6,Jean slim,Ropa,8,Mall Aventura Trujillo,0,0,0,0,0
20260205,2026-02-05,2026,2,February,10,A30002,6,Jean slim,Ropa,8,Mall Aventura Trujillo,0,0,0,0,0
20260206,2026-02-06,2026,2,February,10,A30002,6,Jean slim,Ropa,8,Mall Aventura Trujillo,0,0,0,0,0
20260207,2026-02-07,2026,2,February,10,A30002,6,Jean slim,Ropa,8,Mall Aventura Trujillo,0,0,0,0,0
20260208,2026-02-08,2026,2,February,10,A30002,6,Jean slim,Ropa,8,Mall Aventura Trujillo,0,0,0,0,0
20260209,2026-02-09,2026,2,February,10,A30002,6,Jean slim,Ropa,8,Mall Aventura Trujillo,0,0,0,0,0
20260210,2026-02-10,2026,2,February,10,A30002,6,Jean slim,Ropa,8,Mall Aventura Trujillo,0,0,0,0,0
20260211,2026-02-11,2026,2,February,10,A30002,6,Jean slim,Ropa,8,Mall Aventura Trujillo,0,0,0,0,0
20260212,2026-02-12,2026,2,February,10,A30002,6,Jean slim,Ropa,8,Mall Aventura Trujillo,0,0,0,0,0
20260213,2026-02-13,2026,2,February,10,A30002,6,Jean slim,Ropa,8,Mall Aventura Trujillo,0,0,0,0,0
20260214,2026-02-14,2026,2,February,10,A30002,6,Jean slim,Ropa,8,Mall Aventura Trujillo,0,0,0,0,0
20260215,2026-02-15,2026,2,February,10,A30002,6,Jean slim,Ropa,8,Mall Aventura Trujillo,0,0,0,0,0
20260216,2026-02-16,2026,2,February,10,A30002,6,Jean slim,Ropa,8,Mall Aventura Trujillo,0,0,0,0,0
20260217,2026-02-17,2026,2,February,10,A30002,6,Jean slim,Ropa,8,Mall Aventura Trujillo,0,0,0,0,0
20260218,2026-02-18,2026,2,February,10,A30002,6,Jean slim,Ropa,8,Mall Aventura Trujillo,0,0,0,0,0
20260219,2026-02-19,2026,2,February,10,A30002,6,Jean slim,Ropa,8,Mall Aventura Trujillo,0,0,0,0,0
20260220,2026-02-20,2026,2,February,10,A30002,6,Jean slim,Ropa,8,Mall Aventura Trujillo,0,0,0,0,0
20260221,2026-02-21,2026,2,February,10,A30002,6,Jean slim,Ropa,8,Mall Aventura Trujillo,0,0,0,0,0
20260222,2026-02-22,2026,2,February,10,A30002,6,Jean slim,Ropa,8,Mall Aventura Trujillo,0,0,0,0,0
20260223,2026-02-23,2026,2,February,10,A30002,6,Jean slim,Ropa,8,Mall Aventura Trujillo,0,0,0,0,0
20260224,2026-02-24,2026,2,February,10,A30002,6,Jean slim,Ropa,8,Mall Aventura Trujillo,0,0,0,0,0
20260225,2026-02-25,2026,2,February,10,A30002,6,Jean slim,Ropa,8,Mall Aventura Trujillo,0,0,0,0,0
20260226,2026-02-26,2026,2,February,10,A30002,6,Jean slim,Ropa,8,Mall Aventura Trujillo,0,0,0,0,0
20260227,2026-02-27,2026,2,February,10,A30002,6,Jean slim,Ropa,8,Mall Aventura Trujillo,0,0,0,0,0
20260228,2026-02-28,2026,2,February,10,A30002,6,Jean slim,Ropa,8,Mall Aventura Trujillo,0,0,0,0,0
20260301,2026-03-01,2026,3,March,10,A30002,6,Jean slim,Ropa,8,Mall Aventura Trujillo,0,0,0,0,0
20260302,2026-03-02,2026,3,March,10,A30002,6,Jean slim,Ropa,8,Mall Aventura Trujillo,0,0,0,0,0
20260303,2026-03-03,2026,3,March,10,A30002,6,Jean slim,Ropa,8,Mall Aventura Trujillo,0,0,0,0,0
20260304,2026-03-04,2026,3,March,10,A30002,6,Jean slim,Ropa,8,Mall Aventura Trujillo,0,0,0,0,0
20260305,2026-03-05,2026,3,March,10,A30002,6,Jean slim,Ropa,8,Mall Aventura Trujillo,0,0,0,0,0
20260306,2026-03-06,2026,3,March,10,A30002,6,Jean slim,Ropa,8,Mall Aventura Trujillo,0,0,0,0,0
20260307,2026-03-07,2026,3,March,10,A30002,6,Jean slim,Ropa,8,Mall Aventura Trujillo,0,0,0,0,0
20260308,2026-03-08,2026,3,March,10,A30002,6,Jean slim,Ropa,8,Mall Aventura Trujillo,0,0,0,0,0
20260309,2026-03-09,2026,3,March,10,A30002,6,Jean slim,Ropa,8,Mall Aventura Trujillo,0,0,0,0,0
20260310,2026-03-10,2026,3,March,10,A30002,6,Jean slim,Ropa,8,Mall Aventura Trujillo,0,0,0,0,0
20260311,2026-03-11,2026,3,March,10,A30002,6,Jean slim,Ropa,8,Mall Aventura Trujillo,0,0,0,0,0
20260312,2026-03-12,2026,3,March,10,A30002,6,Jean slim,Ropa,8,Mall Aventura Trujillo,0,0,0,0,0
20260313,2026-03-13,2026,3,March,10,A30002,6,Jean slim,Ropa,8,Mall Aventura Trujillo,0,0,0,0,0
20260314,2026-03-14,2026,3,March,10,A30002,6,Jean slim,Ropa,8,Mall Aventura Trujillo,0,0,0,0,0
20260315,2026-03-15,2026,3,March,10,A30002,6,Jean slim,Ropa,8,Mall Aventura Trujillo,0,0,0,0,0
20260316,2026-03-16,2026,3,March,10,A30002,6,Jean slim,Ropa,8,Mall Aventura Trujillo,0,0,0,0,0
20260317,2026-03-17,2026,3,March,10,A30002,6,Jean slim,Ropa,8,Mall Aventura Trujillo,0,0,0,0,0
20260318,2026-03-18,2026,3,March,10,A30002,6,Jean slim,Ropa,8,Mall Aventura Trujillo,0,0,0,0,0
20260319,2026-03-19,2026,3,March,10,A30002,6,Jean slim,Ropa,8,Mall Aventura Trujillo,0,0,0,0,0
20260320,2026-03-20,2026,3,March,10,A30002,6,Jean slim,Ropa,8,Mall Aventura Trujillo,0,0,0,0,0
20260321,2026-03-21,2026,3,March,10,A30002,6,Jean slim,Ropa,8,Mall Aventura Trujillo,0,0,0,0,0
20260322,2026-03-22,2026,3,March,10,A30002,6,Jean slim,Ropa,8,Mall Aventura Trujillo,0,0,0,0,0
20260323,2026-03-23,2026,3,March,10,A30002,6,Jean slim,Ropa,8,Mall Aventura Trujillo,0,0,0,0,0
20260324,2026-03-24,2026,3,March,10,A30002,6,Jean slim,Ropa,8,Mall Aventura Trujillo,0,0,0,0,0
20260325,2026-03-25,2026,3,March,10,A30002,6,Jean slim,Ropa,8,Mall Aventura Trujillo,0,0,0,0,0
20260326,2026-03-26,2026,3,March,10,A30002,6,Jean slim,Ropa,8,Mall Aventura Trujillo,0,0,0,0,0
20260327,2026-03-27,2026,3,March,10,A30002,6,Jean slim,Ropa,8,Mall Aventura Trujillo,0,0,0,0,0
20260328,2026-03-28,2026,3,March,10,A30002,6,Jean slim,Ropa,8,Mall Aventura Trujillo,0,0,0,0,0
20260329,2026-03-29,2026,3,March,10,A30002,6,Jean slim,Ropa,8,Mall Aventura Trujillo,0,0,0,0,0
20260330,2026-03-30,2026,3,March,10,A30002,6,Jean slim,Ropa,8,Mall Aventura Trujillo,0,0,0,0,0
20260331,2026-03-31,2026,3,March,10,A30002,6,Jean slim,Ropa,8,Mall Aventura Trujillo,0,0,0,0,0
20260101,2026-01-01,2026,1,January,11,A40001,7,Zapatilla urbana,Calzado,5,Web Nacional,0,0,0,0,0
20260102,2026-01-02,2026,1,Enero,11,A40001,7,Zapatilla urbana,Calzado,5,Web Nacional,0,0,0,0,0
20260103,2026-01-03,2026,1,Enero,11,A40001,7,Zapatilla urbana,Calzado,5,Web Nacional,0,0,0,0,0
20260104,2026-01-04,2026,1,Enero,11,A40001,7,Zapatilla urbana,Calzado,5,Web Nacional,0,0,0,0,0
20260105,2026-01-05,2026,1,January,11,A40001,7,Zapatilla urbana,Calzado,5,Web Nacional,0,0,0,0,0
20260106,2026-01-06,2026,1,January,11,A40001,7,Zapatilla urbana,Calzado,5,Web Nacional,0,0,0,0,0
20260107,2026-01-07,2026,1,January,11,A40001,7,Zapatilla urbana,Calzado,5,Web Nacional,0,0,0,0,0
20260108,2026-01-08,2026,1,January,11,A40001,7,Zapatilla urbana,Calzado,5,Web Nacional,0,0,0,0,0
20260109,2026-01-09,2026,1,January,11,A40001,7,Zapatilla urbana,Calzado,5,Web Nacional,0,0,0,0,0
20260110,2026-01-10,2026,1,January,11,A40001,7,Zapatilla urbana,Calzado,5,Web Nacional,0,0,0,0,0
20260111,2026-01-11,2026,1,January,11,A40001,7,Zapatilla urbana,Calzado,5,Web Nacional,0,0,0,0,0
20260112,2026-01-12,2026,1,January,11,A40001,7,Zapatilla urbana,Calzado,5,Web Nacional,0,0,0,0,0
20260113,2026-01-13,2026,1,January,11,A40001,7,Zapatilla urbana,Calzado,5,Web Nacional,0,0,0,0,0
20260114,2026-01-14,2026,1,January,11,A40001,7,Zapatilla urbana,Calzado,5,Web Nacional,0,0,0,0,0
20260115,2026-01-15,2026,1,January,11,A40001,7,Zapatilla urbana,Calzado,5,Web Nacional,0,0,0,0,0
20260116,2026-01-16,2026,1,January,11,A40001,7,Zapatilla urbana,Calzado,5,Web Nacional,0,0,0,0,0
20260117,2026-01-17,2026,1,January,11,A40001,7,Zapatilla urbana,Calzado,5,Web Nacional,0,0,0,0,0
20260118,2026-01-18,2026,1,January,11,A40001,7,Zapatilla urbana,Calzado,5,Web Nacional,0,0,0,0,0
20260119,2026-01-19,2026,1,January,11,A40001,7,Zapatilla urbana,Calzado,5,Web Nacional,0,0,0,0,0
20260120,2026-01-20,2026,1,January,11,A40001,7,Zapatilla urbana,Calzado,5,Web Nacional,0,0,0,0,0
20260121,2026-01-21,2026,1,January,11,A40001,7,Zapatilla urbana,Calzado,5,Web Nacional,0,0,0,0,0
20260122,2026-01-22,2026,1,January,11,A40001,7,Zapatilla urbana,Calzado,5,Web Nacional,0,0,0,0,0
20260123,2026-01-23,2026,1,January,11,A40001,7,Zapatilla urbana,Calzado,5,Web Nacional,0,0,0,0,0
20260124,2026-01-24,2026,1,January,11,A40001,7,Zapatilla urbana,Calzado,5,Web Nacional,0,0,0,0,0
20260125,2026-01-25,2026,1,January,11,A40001,7,Zapatilla urbana,Calzado,5,Web Nacional,0,0,0,0,0
20260126,2026-01-26,2026,1,January,11,A40001,7,Zapatilla urbana,Calzado,5,Web Nacional,0,0,0,0,0
20260127,2026-01-27,2026,1,January,11,A40001,7,Zapatilla urbana,Calzado,5,Web Nacional,0,0,0,0,0
20260128,2026-01-28,2026,1,January,11,A40001,7,Zapatilla urbana,Calzado,5,Web Nacional,0,0,0,0,0
20260129,2026-01-29,2026,1,January,11,A40001,7,Zapatilla urbana,Calzado,5,Web Nacional,0,0,0,0,0
20260130,2026-01-30,2026,1,January,11,A40001,7,Zapatilla urbana,Calzado,5,Web Nacional,0,0,0,0,0
20260131,2026-01-31,2026,1,January,11,A40001,7,Zapatilla urbana,Calzado,5,Web Nacional,0,0,0,0,0
20260201,2026-02-01,2026,2,February,11,A40001,7,Zapatilla urbana,Calzado,5,Web Nacional,0,0,0,0,0
20260202,2026-02-02,2026,2,February,11,A40001,7,Zapatilla urbana,Calzado,5,Web Nacional,0,0,0,0,0
20260203,2026-02-03,2026,2,February,11,A40001,7,Zapatilla urbana,Calzado,5,Web Nacional,0,0,0,0,0
20260204,2026-02-04,2026,2,February,11,A40001,7,Zapatilla urbana,Calzado,5,Web Nacional,0,0,0,0,0
20260205,2026-02-05,2026,2,February,11,A40001,7,Zapatilla urbana,Calzado,5,Web Nacional,0,0,0,0,0
20260206,2026-02-06,2026,2,February,11,A40001,7,Zapatilla urbana,Calzado,5,Web Nacional,0,0,0,0,0
20260207,2026-02-07,2026,2,February,11,A40001,7,Zapatilla urbana,Calzado,5,Web Nacional,0,0,0,0,0
20260208,2026-02-08,2026,2,February,11,A40001,7,Zapatilla urbana,Calzado,5,Web Nacional,0,0,0,0,0
20260209,2026-02-09,2026,2,February,11,A40001,7,Zapatilla urbana,Calzado,5,Web Nacional,0,0,0,0,0
20260210,2026-02-10,2026,2,February,11,A40001,7,Zapatilla urbana,Calzado,5,Web Nacional,0,0,0,0,0
20260211,2026-02-11,2026,2,February,11,A40001,7,Zapatilla urbana,Calzado,5,Web Nacional,0,0,0,0,0
20260212,2026-02-12,2026,2,February,11,A40001,7,Zapatilla urbana,Calzado,5,Web Nacional,0,0,0,0,0
20260213,2026-02-13,2026,2,February,11,A40001,7,Zapatilla urbana,Calzado,5,Web Nacional,0,0,0,0,0
20260214,2026-02-14,2026,2,February,11,A40001,7,Zapatilla urbana,Calzado,5,Web Nacional,0,0,0,0,0
20260215,2026-02-15,2026,2,February,11,A40001,7,Zapatilla urbana,Calzado,5,Web Nacional,0,0,0,0,0
20260216,2026-02-16,2026,2,February,11,A40001,7,Zapatilla urbana,Calzado,5,Web Nacional,0,0,0,0,0
20260217,2026-02-17,2026,2,February,11,A40001,7,Zapatilla urbana,Calzado,5,Web Nacional,0,0,0,0,0
20260218,2026-02-18,2026,2,February,11,A40001,7,Zapatilla urbana,Calzado,5,Web Nacional,0,0,0,0,0
20260219,2026-02-19,2026,2,February,11,A40001,7,Zapatilla urbana,Calzado,5,Web Nacional,0,0,0,0,0
20260220,2026-02-20,2026,2,February,11,A40001,7,Zapatilla urbana,Calzado,5,Web Nacional,0,0,0,0,0
20260221,2026-02-21,2026,2,February,11,A40001,7,Zapatilla urbana,Calzado,5,Web Nacional,0,0,0,0,0
20260222,2026-02-22,2026,2,February,11,A40001,7,Zapatilla urbana,Calzado,5,Web Nacional,0,0,0,0,0
20260223,2026-02-23,2026,2,February,11,A40001,7,Zapatilla urbana,Calzado,5,Web Nacional,0,0,0,0,0
20260224,2026-02-24,2026,2,February,11,A40001,7,Zapatilla urbana,Calzado,5,Web Nacional,0,0,0,0,0
20260225,2026-02-25,2026,2,February,11,A40001,7,Zapatilla urbana,Calzado,5,Web Nacional,0,0,0,0,0
20260226,2026-02-26,2026,2,February,11,A40001,7,Zapatilla urbana,Calzado,5,Web Nacional,0,0,0,0,0
20260227,2026-02-27,2026,2,February,11,A40001,7,Zapatilla urbana,Calzado,5,Web Nacional,0,0,0,0,0
20260228,2026-02-28,2026,2,February,11,A40001,7,Zapatilla urbana,Calzado,5,Web Nacional,0,0,0,0,0
20260301,2026-03-01,2026,3,March,11,A40001,7,Zapatilla urbana,Calzado,5,Web Nacional,0,0,0,0,0
20260302,2026-03-02,2026,3,March,11,A40001,7,Zapatilla urbana,Calzado,5,Web Nacional,0,0,0,0,0
20260303,2026-03-03,2026,3,March,11,A40001,7,Zapatilla urbana,Calzado,5,Web Nacional,0,0,0,0,0
20260304,2026-03-04,2026,3,March,11,A40001,7,Zapatilla urbana,Calzado,5,Web Nacional,0,0,0,0,0
20260305,2026-03-05,2026,3,March,11,A40001,7,Zapatilla urbana,Calzado,5,Web Nacional,0,0,0,0,0
20260306,2026-03-06,2026,3,March,11,A40001,7,Zapatilla urbana,Calzado,5,Web Nacional,0,0,0,0,0
20260307,2026-03-07,2026,3,March,11,A40001,7,Zapatilla urbana,Calzado,5,Web Nacional,0,0,0,0,0
20260308,2026-03-08,2026,3,March,11,A40001,7,Zapatilla urbana,Calzado,5,Web Nacional,0,0,0,0,0
20260309,2026-03-09,2026,3,March,11,A40001,7,Zapatilla urbana,Calzado,5,Web Nacional,0,0,0,0,0
20260310,2026-03-10,2026,3,March,11,A40001,7,Zapatilla urbana,Calzado,5,Web Nacional,0,0,0,0,0
20260311,2026-03-11,2026,3,March,11,A40001,7,Zapatilla urbana,Calzado,5,Web Nacional,0,0,0,0,0
20260312,2026-03-12,2026,3,March,11,A40001,7,Zapatilla urbana,Calzado,5,Web Nacional,0,0,0,0,0
20260313,2026-03-13,2026,3,March,11,A40001,7,Zapatilla urbana,Calzado,5,Web Nacional,0,0,0,0,0
20260314,2026-03-14,2026,3,March,11,A40001,7,Zapatilla urbana,Calzado,5,Web Nacional,0,0,0,0,0
20260315,2026-03-15,2026,3,March,11,A40001,7,Zapatilla urbana,Calzado,5,Web Nacional,0,0,0,0,0
20260316,2026-03-16,2026,3,March,11,A40001,7,Zapatilla urbana,Calzado,5,Web Nacional,0,0,0,0,0
20260317,2026-03-17,2026,3,March,11,A40001,7,Zapatilla urbana,Calzado,5,Web Nacional,0,0,0,0,0
20260318,2026-03-18,2026,3,March,11,A40001,7,Zapatilla urbana,Calzado,5,Web Nacional,0,0,0,0,0
20260319,2026-03-19,2026,3,March,11,A40001,7,Zapatilla urbana,Calzado,5,Web Nacional,0,0,0,0,0
20260320,2026-03-20,2026,3,March,11,A40001,7,Zapatilla urbana,Calzado,5,Web Nacional,0,0,0,0,0
20260321,2026-03-21,2026,3,March,11,A40001,7,Zapatilla urbana,Calzado,5,Web Nacional,0,0,0,0,0
20260322,2026-03-22,2026,3,March,11,A40001,7,Zapatilla urbana,Calzado,5,Web Nacional,0,0,0,0,0
20260323,2026-03-23,2026,3,March,11,A40001,7,Zapatilla urbana,Calzado,5,Web Nacional,0,0,0,0,0
20260324,2026-03-24,2026,3,March,11,A40001,7,Zapatilla urbana,Calzado,5,Web Nacional,0,0,0,0,0
20260325,2026-03-25,2026,3,March,11,A40001,7,Zapatilla urbana,Calzado,5,Web Nacional,0,0,0,0,0
20260326,2026-03-26,2026,3,March,11,A40001,7,Zapatilla urbana,Calzado,5,Web Nacional,0,0,0,0,0
20260327,2026-03-27,2026,3,March,11,A40001,7,Zapatilla urbana,Calzado,5,Web Nacional,0,0,0,0,0
20260328,2026-03-28,2026,3,March,11,A40001,7,Zapatilla urbana,Calzado,5,Web Nacional,0,0,0,0,0
20260329,2026-03-29,2026,3,March,11,A40001,7,Zapatilla urbana,Calzado,5,Web Nacional,0,0,0,0,0
20260330,2026-03-30,2026,3,March,11,A40001,7,Zapatilla urbana,Calzado,5,Web Nacional,0,0,0,0,0
20260331,2026-03-31,2026,3,March,11,A40001,7,Zapatilla urbana,Calzado,5,Web Nacional,0,0,0,0,0
20260101,2026-01-01,2026,1,January,11,A40001,7,Zapatilla urbana,Calzado,6,Jockey Plaza,0,0,0,0,0
20260102,2026-01-02,2026,1,Enero,11,A40001,7,Zapatilla urbana,Calzado,6,Jockey Plaza,0,0,0,0,0
20260103,2026-01-03,2026,1,Enero,11,A40001,7,Zapatilla urbana,Calzado,6,Jockey Plaza,0,0,0,0,0
20260104,2026-01-04,2026,1,Enero,11,A40001,7,Zapatilla urbana,Calzado,6,Jockey Plaza,0,0,0,0,0
20260105,2026-01-05,2026,1,January,11,A40001,7,Zapatilla urbana,Calzado,6,Jockey Plaza,0,0,0,0,0
20260106,2026-01-06,2026,1,January,11,A40001,7,Zapatilla urbana,Calzado,6,Jockey Plaza,0,0,0,0,0
20260107,2026-01-07,2026,1,January,11,A40001,7,Zapatilla urbana,Calzado,6,Jockey Plaza,0,0,0,0,0
20260108,2026-01-08,2026,1,January,11,A40001,7,Zapatilla urbana,Calzado,6,Jockey Plaza,0,0,0,0,0
20260109,2026-01-09,2026,1,January,11,A40001,7,Zapatilla urbana,Calzado,6,Jockey Plaza,0,0,0,0,0
20260110,2026-01-10,2026,1,January,11,A40001,7,Zapatilla urbana,Calzado,6,Jockey Plaza,0,0,0,0,0
20260111,2026-01-11,2026,1,January,11,A40001,7,Zapatilla urbana,Calzado,6,Jockey Plaza,0,0,0,0,0
20260112,2026-01-12,2026,1,January,11,A40001,7,Zapatilla urbana,Calzado,6,Jockey Plaza,0,0,0,0,0
20260113,2026-01-13,2026,1,January,11,A40001,7,Zapatilla urbana,Calzado,6,Jockey Plaza,0,0,0,0,0
20260114,2026-01-14,2026,1,January,11,A40001,7,Zapatilla urbana,Calzado,6,Jockey Plaza,0,0,0,0,0
20260115,2026-01-15,2026,1,January,11,A40001,7,Zapatilla urbana,Calzado,6,Jockey Plaza,0,0,0,0,0
20260116,2026-01-16,2026,1,January,11,A40001,7,Zapatilla urbana,Calzado,6,Jockey Plaza,0,0,0,0,0
20260117,2026-01-17,2026,1,January,11,A40001,7,Zapatilla urbana,Calzado,6,Jockey Plaza,0,0,0,0,0
20260118,2026-01-18,2026,1,January,11,A40001,7,Zapatilla urbana,Calzado,6,Jockey Plaza,0,0,0,0,0
20260119,2026-01-19,2026,1,January,11,A40001,7,Zapatilla urbana,Calzado,6,Jockey Plaza,0,0,0,0,0
20260120,2026-01-20,2026,1,January,11,A40001,7,Zapatilla urbana,Calzado,6,Jockey Plaza,0,0,0,0,0
20260121,2026-01-21,2026,1,January,11,A40001,7,Zapatilla urbana,Calzado,6,Jockey Plaza,0,0,0,0,0
20260122,2026-01-22,2026,1,January,11,A40001,7,Zapatilla urbana,Calzado,6,Jockey Plaza,0,0,0,0,0
20260123,2026-01-23,2026,1,January,11,A40001,7,Zapatilla urbana,Calzado,6,Jockey Plaza,0,0,0,0,0
20260124,2026-01-24,2026,1,January,11,A40001,7,Zapatilla urbana,Calzado,6,Jockey Plaza,0,0,0,0,0
20260125,2026-01-25,2026,1,January,11,A40001,7,Zapatilla urbana,Calzado,6,Jockey Plaza,0,0,0,0,0
20260126,2026-01-26,2026,1,January,11,A40001,7,Zapatilla urbana,Calzado,6,Jockey Plaza,0,0,0,0,0
20260127,2026-01-27,2026,1,January,11,A40001,7,Zapatilla urbana,Calzado,6,Jockey Plaza,0,0,0,0,0
20260128,2026-01-28,2026,1,January,11,A40001,7,Zapatilla urbana,Calzado,6,Jockey Plaza,0,0,0,0,0
20260129,2026-01-29,2026,1,January,11,A40001,7,Zapatilla urbana,Calzado,6,Jockey Plaza,0,0,0,0,0
20260130,2026-01-30,2026,1,January,11,A40001,7,Zapatilla urbana,Calzado,6,Jockey Plaza,0,0,0,0,0
20260131,2026-01-31,2026,1,January,11,A40001,7,Zapatilla urbana,Calzado,6,Jockey Plaza,0,0,0,0,0
20260201,2026-02-01,2026,2,February,11,A40001,7,Zapatilla urbana,Calzado,6,Jockey Plaza,0,0,0,0,0
20260202,2026-02-02,2026,2,February,11,A40001,7,Zapatilla urbana,Calzado,6,Jockey Plaza,0,0,0,0,0
20260203,2026-02-03,2026,2,February,11,A40001,7,Zapatilla urbana,Calzado,6,Jockey Plaza,0,0,0,0,0
20260204,2026-02-04,2026,2,February,11,A40001,7,Zapatilla urbana,Calzado,6,Jockey Plaza,0,0,0,0,0
20260205,2026-02-05,2026,2,February,11,A40001,7,Zapatilla urbana,Calzado,6,Jockey Plaza,0,0,0,0,0
20260206,2026-02-06,2026,2,February,11,A40001,7,Zapatilla urbana,Calzado,6,Jockey Plaza,0,0,0,0,0
20260207,2026-02-07,2026,2,February,11,A40001,7,Zapatilla urbana,Calzado,6,Jockey Plaza,0,0,0,0,0
20260208,2026-02-08,2026,2,February,11,A40001,7,Zapatilla urbana,Calzado,6,Jockey Plaza,0,0,0,0,0
20260209,2026-02-09,2026,2,February,11,A40001,7,Zapatilla urbana,Calzado,6,Jockey Plaza,0,0,0,0,0
20260210,2026-02-10,2026,2,February,11,A40001,7,Zapatilla urbana,Calzado,6,Jockey Plaza,0,0,0,0,0
20260211,2026-02-11,2026,2,February,11,A40001,7,Zapatilla urbana,Calzado,6,Jockey Plaza,0,0,0,0,0
20260212,2026-02-12,2026,2,February,11,A40001,7,Zapatilla urbana,Calzado,6,Jockey Plaza,0,0,0,0,0
20260213,2026-02-13,2026,2,February,11,A40001,7,Zapatilla urbana,Calzado,6,Jockey Plaza,0,0,0,0,0
20260214,2026-02-14,2026,2,February,11,A40001,7,Zapatilla urbana,Calzado,6,Jockey Plaza,0,0,0,0,0
20260215,2026-02-15,2026,2,February,11,A40001,7,Zapatilla urbana,Calzado,6,Jockey Plaza,0,0,0,0,0
20260216,2026-02-16,2026,2,February,11,A40001,7,Zapatilla urbana,Calzado,6,Jockey Plaza,0,0,0,0,0
20260217,2026-02-17,2026,2,February,11,A40001,7,Zapatilla urbana,Calzado,6,Jockey Plaza,0,0,0,0,0
20260218,2026-02-18,2026,2,February,11,A40001,7,Zapatilla urbana,Calzado,6,Jockey Plaza,0,0,0,0,0
20260219,2026-02-19,2026,2,February,11,A40001,7,Zapatilla urbana,Calzado,6,Jockey Plaza,0,0,0,0,0
20260220,2026-02-20,2026,2,February,11,A40001,7,Zapatilla urbana,Calzado,6,Jockey Plaza,0,0,0,0,0
20260221,2026-02-21,2026,2,February,11,A40001,7,Zapatilla urbana,Calzado,6,Jockey Plaza,0,0,0,0,0
20260222,2026-02-22,2026,2,February,11,A40001,7,Zapatilla urbana,Calzado,6,Jockey Plaza,0,0,0,0,0
20260223,2026-02-23,2026,2,February,11,A40001,7,Zapatilla urbana,Calzado,6,Jockey Plaza,0,0,0,0,0
20260224,2026-02-24,2026,2,February,11,A40001,7,Zapatilla urbana,Calzado,6,Jockey Plaza,0,0,0,0,0
20260225,2026-02-25,2026,2,February,11,A40001,7,Zapatilla urbana,Calzado,6,Jockey Plaza,0,0,0,0,0
20260226,2026-02-26,2026,2,February,11,A40001,7,Zapatilla urbana,Calzado,6,Jockey Plaza,0,0,0,0,0
20260227,2026-02-27,2026,2,February,11,A40001,7,Zapatilla urbana,Calzado,6,Jockey Plaza,0,0,0,0,0
20260228,2026-02-28,2026,2,February,11,A40001,7,Zapatilla urbana,Calzado,6,Jockey Plaza,0,0,0,0,0
20260301,2026-03-01,2026,3,March,11,A40001,7,Zapatilla urbana,Calzado,6,Jockey Plaza,0,0,0,0,0
20260302,2026-03-02,2026,3,March,11,A40001,7,Zapatilla urbana,Calzado,6,Jockey Plaza,0,0,0,0,0
20260303,2026-03-03,2026,3,March,11,A40001,7,Zapatilla urbana,Calzado,6,Jockey Plaza,0,0,0,0,0
20260304,2026-03-04,2026,3,March,11,A40001,7,Zapatilla urbana,Calzado,6,Jockey Plaza,0,0,0,0,0
20260305,2026-03-05,2026,3,March,11,A40001,7,Zapatilla urbana,Calzado,6,Jockey Plaza,0,0,0,0,0
20260306,2026-03-06,2026,3,March,11,A40001,7,Zapatilla urbana,Calzado,6,Jockey Plaza,0,0,0,0,0
20260307,2026-03-07,2026,3,March,11,A40001,7,Zapatilla urbana,Calzado,6,Jockey Plaza,0,0,0,0,0
20260308,2026-03-08,2026,3,March,11,A40001,7,Zapatilla urbana,Calzado,6,Jockey Plaza,0,0,0,0,0
20260309,2026-03-09,2026,3,March,11,A40001,7,Zapatilla urbana,Calzado,6,Jockey Plaza,0,0,0,0,0
20260310,2026-03-10,2026,3,March,11,A40001,7,Zapatilla urbana,Calzado,6,Jockey Plaza,0,0,0,0,0
20260311,2026-03-11,2026,3,March,11,A40001,7,Zapatilla urbana,Calzado,6,Jockey Plaza,0,0,0,0,0
20260312,2026-03-12,2026,3,March,11,A40001,7,Zapatilla urbana,Calzado,6,Jockey Plaza,0,0,0,0,0
20260313,2026-03-13,2026,3,March,11,A40001,7,Zapatilla urbana,Calzado,6,Jockey Plaza,0,0,0,0,0
20260314,2026-03-14,2026,3,March,11,A40001,7,Zapatilla urbana,Calzado,6,Jockey Plaza,0,0,0,0,0
20260315,2026-03-15,2026,3,March,11,A40001,7,Zapatilla urbana,Calzado,6,Jockey Plaza,0,0,0,0,0
20260316,2026-03-16,2026,3,March,11,A40001,7,Zapatilla urbana,Calzado,6,Jockey Plaza,0,0,0,0,0
20260317,2026-03-17,2026,3,March,11,A40001,7,Zapatilla urbana,Calzado,6,Jockey Plaza,0,0,0,0,0
20260318,2026-03-18,2026,3,March,11,A40001,7,Zapatilla urbana,Calzado,6,Jockey Plaza,0,0,0,0,0
20260319,2026-03-19,2026,3,March,11,A40001,7,Zapatilla urbana,Calzado,6,Jockey Plaza,0,0,0,0,0
20260320,2026-03-20,2026,3,March,11,A40001,7,Zapatilla urbana,Calzado,6,Jockey Plaza,0,0,0,0,0
20260321,2026-03-21,2026,3,March,11,A40001,7,Zapatilla urbana,Calzado,6,Jockey Plaza,0,0,0,0,0
20260322,2026-03-22,2026,3,March,11,A40001,7,Zapatilla urbana,Calzado,6,Jockey Plaza,0,0,0,0,0
20260323,2026-03-23,2026,3,March,11,A40001,7,Zapatilla urbana,Calzado,6,Jockey Plaza,0,0,0,0,0
20260324,2026-03-24,2026,3,March,11,A40001,7,Zapatilla urbana,Calzado,6,Jockey Plaza,0,0,0,0,0
20260325,2026-03-25,2026,3,March,11,A40001,7,Zapatilla urbana,Calzado,6,Jockey Plaza,0,0,0,0,0
20260326,2026-03-26,2026,3,March,11,A40001,7,Zapatilla urbana,Calzado,6,Jockey Plaza,0,0,0,0,0
20260327,2026-03-27,2026,3,March,11,A40001,7,Zapatilla urbana,Calzado,6,Jockey Plaza,0,0,0,0,0
20260328,2026-03-28,2026,3,March,11,A40001,7,Zapatilla urbana,Calzado,6,Jockey Plaza,0,0,0,0,0
20260329,2026-03-29,2026,3,March,11,A40001,7,Zapatilla urbana,Calzado,6,Jockey Plaza,0,0,0,0,0
20260330,2026-03-30,2026,3,March,11,A40001,7,Zapatilla urbana,Calzado,6,Jockey Plaza,0,0,0,0,0
20260331,2026-03-31,2026,3,March,11,A40001,7,Zapatilla urbana,Calzado,6,Jockey Plaza,0,0,0,0,0
20260101,2026-01-01,2026,1,January,11,A40001,7,Zapatilla urbana,Calzado,7,Real Plaza Arequipa,0,0,0,0,0
20260102,2026-01-02,2026,1,Enero,11,A40001,7,Zapatilla urbana,Calzado,7,Real Plaza Arequipa,0,0,0,0,0
20260103,2026-01-03,2026,1,Enero,11,A40001,7,Zapatilla urbana,Calzado,7,Real Plaza Arequipa,0,0,0,0,0
20260104,2026-01-04,2026,1,Enero,11,A40001,7,Zapatilla urbana,Calzado,7,Real Plaza Arequipa,0,0,0,0,0
20260105,2026-01-05,2026,1,January,11,A40001,7,Zapatilla urbana,Calzado,7,Real Plaza Arequipa,0,0,0,0,0
20260106,2026-01-06,2026,1,January,11,A40001,7,Zapatilla urbana,Calzado,7,Real Plaza Arequipa,0,0,0,0,0
20260107,2026-01-07,2026,1,January,11,A40001,7,Zapatilla urbana,Calzado,7,Real Plaza Arequipa,0,0,0,0,0
20260108,2026-01-08,2026,1,January,11,A40001,7,Zapatilla urbana,Calzado,7,Real Plaza Arequipa,0,0,0,0,0
20260109,2026-01-09,2026,1,January,11,A40001,7,Zapatilla urbana,Calzado,7,Real Plaza Arequipa,0,0,0,0,0
20260110,2026-01-10,2026,1,January,11,A40001,7,Zapatilla urbana,Calzado,7,Real Plaza Arequipa,0,0,0,0,0
20260111,2026-01-11,2026,1,January,11,A40001,7,Zapatilla urbana,Calzado,7,Real Plaza Arequipa,0,0,0,0,0
20260112,2026-01-12,2026,1,January,11,A40001,7,Zapatilla urbana,Calzado,7,Real Plaza Arequipa,0,0,0,0,0
20260113,2026-01-13,2026,1,January,11,A40001,7,Zapatilla urbana,Calzado,7,Real Plaza Arequipa,0,0,0,0,0
20260114,2026-01-14,2026,1,January,11,A40001,7,Zapatilla urbana,Calzado,7,Real Plaza Arequipa,0,0,0,0,0
20260115,2026-01-15,2026,1,January,11,A40001,7,Zapatilla urbana,Calzado,7,Real Plaza Arequipa,0,0,0,0,0
20260116,2026-01-16,2026,1,January,11,A40001,7,Zapatilla urbana,Calzado,7,Real Plaza Arequipa,0,0,0,0,0
20260117,2026-01-17,2026,1,January,11,A40001,7,Zapatilla urbana,Calzado,7,Real Plaza Arequipa,0,0,0,0,0
20260118,2026-01-18,2026,1,January,11,A40001,7,Zapatilla urbana,Calzado,7,Real Plaza Arequipa,0,0,0,0,0
20260119,2026-01-19,2026,1,January,11,A40001,7,Zapatilla urbana,Calzado,7,Real Plaza Arequipa,0,0,0,0,0
20260120,2026-01-20,2026,1,January,11,A40001,7,Zapatilla urbana,Calzado,7,Real Plaza Arequipa,0,0,0,0,0
20260121,2026-01-21,2026,1,January,11,A40001,7,Zapatilla urbana,Calzado,7,Real Plaza Arequipa,0,0,0,0,0
20260122,2026-01-22,2026,1,January,11,A40001,7,Zapatilla urbana,Calzado,7,Real Plaza Arequipa,0,0,0,0,0
20260123,2026-01-23,2026,1,January,11,A40001,7,Zapatilla urbana,Calzado,7,Real Plaza Arequipa,0,0,0,0,0
20260124,2026-01-24,2026,1,January,11,A40001,7,Zapatilla urbana,Calzado,7,Real Plaza Arequipa,0,0,0,0,0
20260125,2026-01-25,2026,1,January,11,A40001,7,Zapatilla urbana,Calzado,7,Real Plaza Arequipa,0,0,0,0,0
20260126,2026-01-26,2026,1,January,11,A40001,7,Zapatilla urbana,Calzado,7,Real Plaza Arequipa,0,0,0,0,0
20260127,2026-01-27,2026,1,January,11,A40001,7,Zapatilla urbana,Calzado,7,Real Plaza Arequipa,0,0,0,0,0
20260128,2026-01-28,2026,1,January,11,A40001,7,Zapatilla urbana,Calzado,7,Real Plaza Arequipa,0,0,0,0,0
20260129,2026-01-29,2026,1,January,11,A40001,7,Zapatilla urbana,Calzado,7,Real Plaza Arequipa,0,0,0,0,0
20260130,2026-01-30,2026,1,January,11,A40001,7,Zapatilla urbana,Calzado,7,Real Plaza Arequipa,0,0,0,0,0
20260131,2026-01-31,2026,1,January,11,A40001,7,Zapatilla urbana,Calzado,7,Real Plaza Arequipa,0,0,0,0,0
20260201,2026-02-01,2026,2,February,11,A40001,7,Zapatilla urbana,Calzado,7,Real Plaza Arequipa,0,0,0,0,0
20260202,2026-02-02,2026,2,February,11,A40001,7,Zapatilla urbana,Calzado,7,Real Plaza Arequipa,0,0,0,0,0
20260203,2026-02-03,2026,2,February,11,A40001,7,Zapatilla urbana,Calzado,7,Real Plaza Arequipa,0,0,0,0,0
20260204,2026-02-04,2026,2,February,11,A40001,7,Zapatilla urbana,Calzado,7,Real Plaza Arequipa,0,0,0,0,0
20260205,2026-02-05,2026,2,February,11,A40001,7,Zapatilla urbana,Calzado,7,Real Plaza Arequipa,0,0,0,0,0
20260206,2026-02-06,2026,2,February,11,A40001,7,Zapatilla urbana,Calzado,7,Real Plaza Arequipa,0,0,0,0,0
20260207,2026-02-07,2026,2,February,11,A40001,7,Zapatilla urbana,Calzado,7,Real Plaza Arequipa,0,0,0,0,0
20260208,2026-02-08,2026,2,February,11,A40001,7,Zapatilla urbana,Calzado,7,Real Plaza Arequipa,0,0,0,0,0
20260209,2026-02-09,2026,2,February,11,A40001,7,Zapatilla urbana,Calzado,7,Real Plaza Arequipa,0,0,0,0,0
20260210,2026-02-10,2026,2,February,11,A40001,7,Zapatilla urbana,Calzado,7,Real Plaza Arequipa,0,0,0,0,0
20260211,2026-02-11,2026,2,February,11,A40001,7,Zapatilla urbana,Calzado,7,Real Plaza Arequipa,0,0,0,0,0
20260212,2026-02-12,2026,2,February,11,A40001,7,Zapatilla urbana,Calzado,7,Real Plaza Arequipa,0,0,0,0,0
20260213,2026-02-13,2026,2,February,11,A40001,7,Zapatilla urbana,Calzado,7,Real Plaza Arequipa,0,0,0,0,0
20260214,2026-02-14,2026,2,February,11,A40001,7,Zapatilla urbana,Calzado,7,Real Plaza Arequipa,0,0,0,0,0
20260215,2026-02-15,2026,2,February,11,A40001,7,Zapatilla urbana,Calzado,7,Real Plaza Arequipa,0,0,0,0,0
20260216,2026-02-16,2026,2,February,11,A40001,7,Zapatilla urbana,Calzado,7,Real Plaza Arequipa,0,0,0,0,0
20260217,2026-02-17,2026,2,February,11,A40001,7,Zapatilla urbana,Calzado,7,Real Plaza Arequipa,0,0,0,0,0
20260218,2026-02-18,2026,2,February,11,A40001,7,Zapatilla urbana,Calzado,7,Real Plaza Arequipa,0,0,0,0,0
20260219,2026-02-19,2026,2,February,11,A40001,7,Zapatilla urbana,Calzado,7,Real Plaza Arequipa,0,0,0,0,0
20260220,2026-02-20,2026,2,February,11,A40001,7,Zapatilla urbana,Calzado,7,Real Plaza Arequipa,0,0,0,0,0
20260221,2026-02-21,2026,2,February,11,A40001,7,Zapatilla urbana,Calzado,7,Real Plaza Arequipa,0,0,0,0,0
20260222,2026-02-22,2026,2,February,11,A40001,7,Zapatilla urbana,Calzado,7,Real Plaza Arequipa,0,0,0,0,0
20260223,2026-02-23,2026,2,February,11,A40001,7,Zapatilla urbana,Calzado,7,Real Plaza Arequipa,0,0,0,0,0
20260224,2026-02-24,2026,2,February,11,A40001,7,Zapatilla urbana,Calzado,7,Real Plaza Arequipa,0,0,0,0,0
20260225,2026-02-25,2026,2,February,11,A40001,7,Zapatilla urbana,Calzado,7,Real Plaza Arequipa,0,0,0,0,0
20260226,2026-02-26,2026,2,February,11,A40001,7,Zapatilla urbana,Calzado,7,Real Plaza Arequipa,0,0,0,0,0
20260227,2026-02-27,2026,2,February,11,A40001,7,Zapatilla urbana,Calzado,7,Real Plaza Arequipa,0,0,0,0,0
20260228,2026-02-28,2026,2,February,11,A40001,7,Zapatilla urbana,Calzado,7,Real Plaza Arequipa,0,0,0,0,0
20260301,2026-03-01,2026,3,March,11,A40001,7,Zapatilla urbana,Calzado,7,Real Plaza Arequipa,0,0,0,0,0
20260302,2026-03-02,2026,3,March,11,A40001,7,Zapatilla urbana,Calzado,7,Real Plaza Arequipa,0,0,0,0,0
20260303,2026-03-03,2026,3,March,11,A40001,7,Zapatilla urbana,Calzado,7,Real Plaza Arequipa,0,0,0,0,0
20260304,2026-03-04,2026,3,March,11,A40001,7,Zapatilla urbana,Calzado,7,Real Plaza Arequipa,0,0,0,0,0
20260305,2026-03-05,2026,3,March,11,A40001,7,Zapatilla urbana,Calzado,7,Real Plaza Arequipa,0,0,0,0,0
20260306,2026-03-06,2026,3,March,11,A40001,7,Zapatilla urbana,Calzado,7,Real Plaza Arequipa,0,0,0,0,0
20260307,2026-03-07,2026,3,March,11,A40001,7,Zapatilla urbana,Calzado,7,Real Plaza Arequipa,0,0,0,0,0
20260308,2026-03-08,2026,3,March,11,A40001,7,Zapatilla urbana,Calzado,7,Real Plaza Arequipa,0,0,0,0,0
20260309,2026-03-09,2026,3,March,11,A40001,7,Zapatilla urbana,Calzado,7,Real Plaza Arequipa,0,0,0,0,0
20260310,2026-03-10,2026,3,March,11,A40001,7,Zapatilla urbana,Calzado,7,Real Plaza Arequipa,0,0,0,0,0
20260311,2026-03-11,2026,3,March,11,A40001,7,Zapatilla urbana,Calzado,7,Real Plaza Arequipa,0,0,0,0,0
20260312,2026-03-12,2026,3,March,11,A40001,7,Zapatilla urbana,Calzado,7,Real Plaza Arequipa,0,0,0,0,0
20260313,2026-03-13,2026,3,March,11,A40001,7,Zapatilla urbana,Calzado,7,Real Plaza Arequipa,0,0,0,0,0
20260314,2026-03-14,2026,3,March,11,A40001,7,Zapatilla urbana,Calzado,7,Real Plaza Arequipa,0,0,0,0,0
20260315,2026-03-15,2026,3,March,11,A40001,7,Zapatilla urbana,Calzado,7,Real Plaza Arequipa,0,0,0,0,0
20260316,2026-03-16,2026,3,March,11,A40001,7,Zapatilla urbana,Calzado,7,Real Plaza Arequipa,0,0,0,0,0
20260317,2026-03-17,2026,3,March,11,A40001,7,Zapatilla urbana,Calzado,7,Real Plaza Arequipa,0,0,0,0,0
20260318,2026-03-18,2026,3,March,11,A40001,7,Zapatilla urbana,Calzado,7,Real Plaza Arequipa,0,0,0,0,0
20260319,2026-03-19,2026,3,March,11,A40001,7,Zapatilla urbana,Calzado,7,Real Plaza Arequipa,0,0,0,0,0
20260320,2026-03-20,2026,3,March,11,A40001,7,Zapatilla urbana,Calzado,7,Real Plaza Arequipa,0,0,0,0,0
20260321,2026-03-21,2026,3,March,11,A40001,7,Zapatilla urbana,Calzado,7,Real Plaza Arequipa,0,0,0,0,0
20260322,2026-03-22,2026,3,March,11,A40001,7,Zapatilla urbana,Calzado,7,Real Plaza Arequipa,0,0,0,0,0
20260323,2026-03-23,2026,3,March,11,A40001,7,Zapatilla urbana,Calzado,7,Real Plaza Arequipa,0,0,0,0,0
20260324,2026-03-24,2026,3,March,11,A40001,7,Zapatilla urbana,Calzado,7,Real Plaza Arequipa,0,0,0,0,0
20260325,2026-03-25,2026,3,March,11,A40001,7,Zapatilla urbana,Calzado,7,Real Plaza Arequipa,0,0,0,0,0
20260326,2026-03-26,2026,3,March,11,A40001,7,Zapatilla urbana,Calzado,7,Real Plaza Arequipa,0,0,0,0,0
20260327,2026-03-27,2026,3,March,11,A40001,7,Zapatilla urbana,Calzado,7,Real Plaza Arequipa,0,0,0,0,0
20260328,2026-03-28,2026,3,March,11,A40001,7,Zapatilla urbana,Calzado,7,Real Plaza Arequipa,0,0,0,0,0
20260329,2026-03-29,2026,3,March,11,A40001,7,Zapatilla urbana,Calzado,7,Real Plaza Arequipa,0,0,0,0,0
20260330,2026-03-30,2026,3,March,11,A40001,7,Zapatilla urbana,Calzado,7,Real Plaza Arequipa,0,0,0,0,0
20260331,2026-03-31,2026,3,March,11,A40001,7,Zapatilla urbana,Calzado,7,Real Plaza Arequipa,0,0,0,0,0
20260101,2026-01-01,2026,1,January,11,A40001,7,Zapatilla urbana,Calzado,8,Mall Aventura Trujillo,2,0,2,0,2
20260102,2026-01-02,2026,1,Enero,11,A40001,7,Zapatilla urbana,Calzado,8,Mall Aventura Trujillo,0,0,2,0,2
20260103,2026-01-03,2026,1,Enero,11,A40001,7,Zapatilla urbana,Calzado,8,Mall Aventura Trujillo,0,0,2,0,2
20260104,2026-01-04,2026,1,Enero,11,A40001,7,Zapatilla urbana,Calzado,8,Mall Aventura Trujillo,0,0,2,0,2
20260105,2026-01-05,2026,1,January,11,A40001,7,Zapatilla urbana,Calzado,8,Mall Aventura Trujillo,0,0,2,0,2
20260106,2026-01-06,2026,1,January,11,A40001,7,Zapatilla urbana,Calzado,8,Mall Aventura Trujillo,0,0,2,0,2
20260107,2026-01-07,2026,1,January,11,A40001,7,Zapatilla urbana,Calzado,8,Mall Aventura Trujillo,0,0,2,0,2
20260108,2026-01-08,2026,1,January,11,A40001,7,Zapatilla urbana,Calzado,8,Mall Aventura Trujillo,0,0,2,0,2
20260109,2026-01-09,2026,1,January,11,A40001,7,Zapatilla urbana,Calzado,8,Mall Aventura Trujillo,0,0,2,0,2
20260110,2026-01-10,2026,1,January,11,A40001,7,Zapatilla urbana,Calzado,8,Mall Aventura Trujillo,0,0,2,0,2
20260111,2026-01-11,2026,1,January,11,A40001,7,Zapatilla urbana,Calzado,8,Mall Aventura Trujillo,0,0,2,0,2
20260112,2026-01-12,2026,1,January,11,A40001,7,Zapatilla urbana,Calzado,8,Mall Aventura Trujillo,0,0,2,0,2
20260113,2026-01-13,2026,1,January,11,A40001,7,Zapatilla urbana,Calzado,8,Mall Aventura Trujillo,0,0,2,0,2
20260114,2026-01-14,2026,1,January,11,A40001,7,Zapatilla urbana,Calzado,8,Mall Aventura Trujillo,0,0,2,0,2
20260115,2026-01-15,2026,1,January,11,A40001,7,Zapatilla urbana,Calzado,8,Mall Aventura Trujillo,0,0,2,0,2
20260116,2026-01-16,2026,1,January,11,A40001,7,Zapatilla urbana,Calzado,8,Mall Aventura Trujillo,0,0,2,0,2
20260117,2026-01-17,2026,1,January,11,A40001,7,Zapatilla urbana,Calzado,8,Mall Aventura Trujillo,0,0,2,0,2
20260118,2026-01-18,2026,1,January,11,A40001,7,Zapatilla urbana,Calzado,8,Mall Aventura Trujillo,0,0,2,0,2
20260119,2026-01-19,2026,1,January,11,A40001,7,Zapatilla urbana,Calzado,8,Mall Aventura Trujillo,0,0,2,0,2
20260120,2026-01-20,2026,1,January,11,A40001,7,Zapatilla urbana,Calzado,8,Mall Aventura Trujillo,0,0,2,0,2
20260121,2026-01-21,2026,1,January,11,A40001,7,Zapatilla urbana,Calzado,8,Mall Aventura Trujillo,0,0,2,0,2
20260122,2026-01-22,2026,1,January,11,A40001,7,Zapatilla urbana,Calzado,8,Mall Aventura Trujillo,0,0,2,0,2
20260123,2026-01-23,2026,1,January,11,A40001,7,Zapatilla urbana,Calzado,8,Mall Aventura Trujillo,0,0,2,0,2
20260124,2026-01-24,2026,1,January,11,A40001,7,Zapatilla urbana,Calzado,8,Mall Aventura Trujillo,0,0,2,0,2
20260125,2026-01-25,2026,1,January,11,A40001,7,Zapatilla urbana,Calzado,8,Mall Aventura Trujillo,0,0,2,0,2
20260126,2026-01-26,2026,1,January,11,A40001,7,Zapatilla urbana,Calzado,8,Mall Aventura Trujillo,0,0,2,0,2
20260127,2026-01-27,2026,1,January,11,A40001,7,Zapatilla urbana,Calzado,8,Mall Aventura Trujillo,0,0,2,0,2
20260128,2026-01-28,2026,1,January,11,A40001,7,Zapatilla urbana,Calzado,8,Mall Aventura Trujillo,0,0,2,0,2
20260129,2026-01-29,2026,1,January,11,A40001,7,Zapatilla urbana,Calzado,8,Mall Aventura Trujillo,0,0,2,0,2
20260130,2026-01-30,2026,1,January,11,A40001,7,Zapatilla urbana,Calzado,8,Mall Aventura Trujillo,0,0,2,0,2
20260131,2026-01-31,2026,1,January,11,A40001,7,Zapatilla urbana,Calzado,8,Mall Aventura Trujillo,0,0,2,0,2
20260201,2026-02-01,2026,2,February,11,A40001,7,Zapatilla urbana,Calzado,8,Mall Aventura Trujillo,0,0,2,0,2
20260202,2026-02-02,2026,2,February,11,A40001,7,Zapatilla urbana,Calzado,8,Mall Aventura Trujillo,0,0,2,0,2
20260203,2026-02-03,2026,2,February,11,A40001,7,Zapatilla urbana,Calzado,8,Mall Aventura Trujillo,0,0,2,0,2
20260204,2026-02-04,2026,2,February,11,A40001,7,Zapatilla urbana,Calzado,8,Mall Aventura Trujillo,0,0,2,0,2
20260205,2026-02-05,2026,2,February,11,A40001,7,Zapatilla urbana,Calzado,8,Mall Aventura Trujillo,0,0,2,0,2
20260206,2026-02-06,2026,2,February,11,A40001,7,Zapatilla urbana,Calzado,8,Mall Aventura Trujillo,0,0,2,0,2
20260207,2026-02-07,2026,2,February,11,A40001,7,Zapatilla urbana,Calzado,8,Mall Aventura Trujillo,0,0,2,0,2
20260208,2026-02-08,2026,2,February,11,A40001,7,Zapatilla urbana,Calzado,8,Mall Aventura Trujillo,0,0,2,0,2
20260209,2026-02-09,2026,2,February,11,A40001,7,Zapatilla urbana,Calzado,8,Mall Aventura Trujillo,0,0,2,0,2
20260210,2026-02-10,2026,2,February,11,A40001,7,Zapatilla urbana,Calzado,8,Mall Aventura Trujillo,0,0,2,0,2
20260211,2026-02-11,2026,2,February,11,A40001,7,Zapatilla urbana,Calzado,8,Mall Aventura Trujillo,0,0,2,0,2
20260212,2026-02-12,2026,2,February,11,A40001,7,Zapatilla urbana,Calzado,8,Mall Aventura Trujillo,0,0,2,0,2
20260213,2026-02-13,2026,2,February,11,A40001,7,Zapatilla urbana,Calzado,8,Mall Aventura Trujillo,0,0,2,0,2
20260214,2026-02-14,2026,2,February,11,A40001,7,Zapatilla urbana,Calzado,8,Mall Aventura Trujillo,0,0,2,0,2
20260215,2026-02-15,2026,2,February,11,A40001,7,Zapatilla urbana,Calzado,8,Mall Aventura Trujillo,0,0,2,0,2
20260216,2026-02-16,2026,2,February,11,A40001,7,Zapatilla urbana,Calzado,8,Mall Aventura Trujillo,0,0,2,0,2
20260217,2026-02-17,2026,2,February,11,A40001,7,Zapatilla urbana,Calzado,8,Mall Aventura Trujillo,0,0,2,0,2
20260218,2026-02-18,2026,2,February,11,A40001,7,Zapatilla urbana,Calzado,8,Mall Aventura Trujillo,0,0,2,0,2
20260219,2026-02-19,2026,2,February,11,A40001,7,Zapatilla urbana,Calzado,8,Mall Aventura Trujillo,0,0,2,0,2
20260220,2026-02-20,2026,2,February,11,A40001,7,Zapatilla urbana,Calzado,8,Mall Aventura Trujillo,-2,0,0,0,0
20260221,2026-02-21,2026,2,February,11,A40001,7,Zapatilla urbana,Calzado,8,Mall Aventura Trujillo,0,0,0,0,0
20260222,2026-02-22,2026,2,February,11,A40001,7,Zapatilla urbana,Calzado,8,Mall Aventura Trujillo,0,0,0,0,0
20260223,2026-02-23,2026,2,February,11,A40001,7,Zapatilla urbana,Calzado,8,Mall Aventura Trujillo,0,0,0,0,0
20260224,2026-02-24,2026,2,February,11,A40001,7,Zapatilla urbana,Calzado,8,Mall Aventura Trujillo,0,0,0,0,0
20260225,2026-02-25,2026,2,February,11,A40001,7,Zapatilla urbana,Calzado,8,Mall Aventura Trujillo,0,0,0,0,0
20260226,2026-02-26,2026,2,February,11,A40001,7,Zapatilla urbana,Calzado,8,Mall Aventura Trujillo,0,0,0,0,0
20260227,2026-02-27,2026,2,February,11,A40001,7,Zapatilla urbana,Calzado,8,Mall Aventura Trujillo,0,0,0,0,0
20260228,2026-02-28,2026,2,February,11,A40001,7,Zapatilla urbana,Calzado,8,Mall Aventura Trujillo,0,0,0,0,0
20260301,2026-03-01,2026,3,March,11,A40001,7,Zapatilla urbana,Calzado,8,Mall Aventura Trujillo,0,0,0,0,0
20260302,2026-03-02,2026,3,March,11,A40001,7,Zapatilla urbana,Calzado,8,Mall Aventura Trujillo,0,0,0,0,0
20260303,2026-03-03,2026,3,March,11,A40001,7,Zapatilla urbana,Calzado,8,Mall Aventura Trujillo,0,0,0,0,0
20260304,2026-03-04,2026,3,March,11,A40001,7,Zapatilla urbana,Calzado,8,Mall Aventura Trujillo,0,0,0,0,0
20260305,2026-03-05,2026,3,March,11,A40001,7,Zapatilla urbana,Calzado,8,Mall Aventura Trujillo,0,0,0,0,0
20260306,2026-03-06,2026,3,March,11,A40001,7,Zapatilla urbana,Calzado,8,Mall Aventura Trujillo,0,0,0,0,0
20260307,2026-03-07,2026,3,March,11,A40001,7,Zapatilla urbana,Calzado,8,Mall Aventura Trujillo,0,0,0,0,0
20260308,2026-03-08,2026,3,March,11,A40001,7,Zapatilla urbana,Calzado,8,Mall Aventura Trujillo,0,0,0,0,0
20260309,2026-03-09,2026,3,March,11,A40001,7,Zapatilla urbana,Calzado,8,Mall Aventura Trujillo,0,0,0,0,0
20260310,2026-03-10,2026,3,March,11,A40001,7,Zapatilla urbana,Calzado,8,Mall Aventura Trujillo,0,0,0,0,0
20260311,2026-03-11,2026,3,March,11,A40001,7,Zapatilla urbana,Calzado,8,Mall Aventura Trujillo,0,0,0,0,0
20260312,2026-03-12,2026,3,March,11,A40001,7,Zapatilla urbana,Calzado,8,Mall Aventura Trujillo,0,0,0,0,0
20260313,2026-03-13,2026,3,March,11,A40001,7,Zapatilla urbana,Calzado,8,Mall Aventura Trujillo,0,0,0,0,0
20260314,2026-03-14,2026,3,March,11,A40001,7,Zapatilla urbana,Calzado,8,Mall Aventura Trujillo,0,0,0,0,0
20260315,2026-03-15,2026,3,March,11,A40001,7,Zapatilla urbana,Calzado,8,Mall Aventura Trujillo,0,0,0,0,0
20260316,2026-03-16,2026,3,March,11,A40001,7,Zapatilla urbana,Calzado,8,Mall Aventura Trujillo,0,0,0,0,0
20260317,2026-03-17,2026,3,March,11,A40001,7,Zapatilla urbana,Calzado,8,Mall Aventura Trujillo,0,0,0,0,0
20260318,2026-03-18,2026,3,March,11,A40001,7,Zapatilla urbana,Calzado,8,Mall Aventura Trujillo,0,0,0,0,0
20260319,2026-03-19,2026,3,March,11,A40001,7,Zapatilla urbana,Calzado,8,Mall Aventura Trujillo,0,0,0,0,0
20260320,2026-03-20,2026,3,March,11,A40001,7,Zapatilla urbana,Calzado,8,Mall Aventura Trujillo,0,0,0,0,0
20260321,2026-03-21,2026,3,March,11,A40001,7,Zapatilla urbana,Calzado,8,Mall Aventura Trujillo,0,0,0,0,0
20260322,2026-03-22,2026,3,March,11,A40001,7,Zapatilla urbana,Calzado,8,Mall Aventura Trujillo,0,0,0,0,0
20260323,2026-03-23,2026,3,March,11,A40001,7,Zapatilla urbana,Calzado,8,Mall Aventura Trujillo,0,0,0,0,0
20260324,2026-03-24,2026,3,March,11,A40001,7,Zapatilla urbana,Calzado,8,Mall Aventura Trujillo,0,0,0,0,0
20260325,2026-03-25,2026,3,March,11,A40001,7,Zapatilla urbana,Calzado,8,Mall Aventura Trujillo,0,0,0,0,0
20260326,2026-03-26,2026,3,March,11,A40001,7,Zapatilla urbana,Calzado,8,Mall Aventura Trujillo,0,0,0,0,0
20260327,2026-03-27,2026,3,March,11,A40001,7,Zapatilla urbana,Calzado,8,Mall Aventura Trujillo,0,0,0,0,0
20260328,2026-03-28,2026,3,March,11,A40001,7,Zapatilla urbana,Calzado,8,Mall Aventura Trujillo,0,0,0,0,0
20260329,2026-03-29,2026,3,March,11,A40001,7,Zapatilla urbana,Calzado,8,Mall Aventura Trujillo,0,0,0,0,0
20260330,2026-03-30,2026,3,March,11,A40001,7,Zapatilla urbana,Calzado,8,Mall Aventura Trujillo,0,0,0,0,0
20260331,2026-03-31,2026,3,March,11,A40001,7,Zapatilla urbana,Calzado,8,Mall Aventura Trujillo,0,0,0,0,0
20260101,2026-01-01,2026,1,January,12,A40002,7,Zapatilla urbana,Calzado,5,Web Nacional,0,0,0,0,0
20260102,2026-01-02,2026,1,Enero,12,A40002,7,Zapatilla urbana,Calzado,5,Web Nacional,0,0,0,0,0
20260103,2026-01-03,2026,1,Enero,12,A40002,7,Zapatilla urbana,Calzado,5,Web Nacional,0,0,0,0,0
20260104,2026-01-04,2026,1,Enero,12,A40002,7,Zapatilla urbana,Calzado,5,Web Nacional,0,0,0,0,0
20260105,2026-01-05,2026,1,January,12,A40002,7,Zapatilla urbana,Calzado,5,Web Nacional,0,0,0,0,0
20260106,2026-01-06,2026,1,January,12,A40002,7,Zapatilla urbana,Calzado,5,Web Nacional,0,0,0,0,0
20260107,2026-01-07,2026,1,January,12,A40002,7,Zapatilla urbana,Calzado,5,Web Nacional,0,0,0,0,0
20260108,2026-01-08,2026,1,January,12,A40002,7,Zapatilla urbana,Calzado,5,Web Nacional,0,0,0,0,0
20260109,2026-01-09,2026,1,January,12,A40002,7,Zapatilla urbana,Calzado,5,Web Nacional,0,0,0,0,0
20260110,2026-01-10,2026,1,January,12,A40002,7,Zapatilla urbana,Calzado,5,Web Nacional,0,0,0,0,0
20260111,2026-01-11,2026,1,January,12,A40002,7,Zapatilla urbana,Calzado,5,Web Nacional,0,0,0,0,0
20260112,2026-01-12,2026,1,January,12,A40002,7,Zapatilla urbana,Calzado,5,Web Nacional,0,0,0,0,0
20260113,2026-01-13,2026,1,January,12,A40002,7,Zapatilla urbana,Calzado,5,Web Nacional,0,0,0,0,0
20260114,2026-01-14,2026,1,January,12,A40002,7,Zapatilla urbana,Calzado,5,Web Nacional,0,0,0,0,0
20260115,2026-01-15,2026,1,January,12,A40002,7,Zapatilla urbana,Calzado,5,Web Nacional,0,0,0,0,0
20260116,2026-01-16,2026,1,January,12,A40002,7,Zapatilla urbana,Calzado,5,Web Nacional,0,0,0,0,0
20260117,2026-01-17,2026,1,January,12,A40002,7,Zapatilla urbana,Calzado,5,Web Nacional,0,0,0,0,0
20260118,2026-01-18,2026,1,January,12,A40002,7,Zapatilla urbana,Calzado,5,Web Nacional,0,0,0,0,0
20260119,2026-01-19,2026,1,January,12,A40002,7,Zapatilla urbana,Calzado,5,Web Nacional,0,0,0,0,0
20260120,2026-01-20,2026,1,January,12,A40002,7,Zapatilla urbana,Calzado,5,Web Nacional,0,0,0,0,0
20260121,2026-01-21,2026,1,January,12,A40002,7,Zapatilla urbana,Calzado,5,Web Nacional,0,0,0,0,0
20260122,2026-01-22,2026,1,January,12,A40002,7,Zapatilla urbana,Calzado,5,Web Nacional,0,0,0,0,0
20260123,2026-01-23,2026,1,January,12,A40002,7,Zapatilla urbana,Calzado,5,Web Nacional,0,0,0,0,0
20260124,2026-01-24,2026,1,January,12,A40002,7,Zapatilla urbana,Calzado,5,Web Nacional,0,0,0,0,0
20260125,2026-01-25,2026,1,January,12,A40002,7,Zapatilla urbana,Calzado,5,Web Nacional,0,0,0,0,0
20260126,2026-01-26,2026,1,January,12,A40002,7,Zapatilla urbana,Calzado,5,Web Nacional,0,0,0,0,0
20260127,2026-01-27,2026,1,January,12,A40002,7,Zapatilla urbana,Calzado,5,Web Nacional,0,0,0,0,0
20260128,2026-01-28,2026,1,January,12,A40002,7,Zapatilla urbana,Calzado,5,Web Nacional,0,0,0,0,0
20260129,2026-01-29,2026,1,January,12,A40002,7,Zapatilla urbana,Calzado,5,Web Nacional,0,0,0,0,0
20260130,2026-01-30,2026,1,January,12,A40002,7,Zapatilla urbana,Calzado,5,Web Nacional,0,0,0,0,0
20260131,2026-01-31,2026,1,January,12,A40002,7,Zapatilla urbana,Calzado,5,Web Nacional,0,0,0,0,0
20260201,2026-02-01,2026,2,February,12,A40002,7,Zapatilla urbana,Calzado,5,Web Nacional,0,0,0,0,0
20260202,2026-02-02,2026,2,February,12,A40002,7,Zapatilla urbana,Calzado,5,Web Nacional,0,0,0,0,0
20260203,2026-02-03,2026,2,February,12,A40002,7,Zapatilla urbana,Calzado,5,Web Nacional,0,0,0,0,0
20260204,2026-02-04,2026,2,February,12,A40002,7,Zapatilla urbana,Calzado,5,Web Nacional,0,0,0,0,0
20260205,2026-02-05,2026,2,February,12,A40002,7,Zapatilla urbana,Calzado,5,Web Nacional,0,0,0,0,0
20260206,2026-02-06,2026,2,February,12,A40002,7,Zapatilla urbana,Calzado,5,Web Nacional,0,0,0,0,0
20260207,2026-02-07,2026,2,February,12,A40002,7,Zapatilla urbana,Calzado,5,Web Nacional,0,0,0,0,0
20260208,2026-02-08,2026,2,February,12,A40002,7,Zapatilla urbana,Calzado,5,Web Nacional,0,0,0,0,0
20260209,2026-02-09,2026,2,February,12,A40002,7,Zapatilla urbana,Calzado,5,Web Nacional,0,0,0,0,0
20260210,2026-02-10,2026,2,February,12,A40002,7,Zapatilla urbana,Calzado,5,Web Nacional,0,0,0,0,0
20260211,2026-02-11,2026,2,February,12,A40002,7,Zapatilla urbana,Calzado,5,Web Nacional,0,0,0,0,0
20260212,2026-02-12,2026,2,February,12,A40002,7,Zapatilla urbana,Calzado,5,Web Nacional,0,0,0,0,0
20260213,2026-02-13,2026,2,February,12,A40002,7,Zapatilla urbana,Calzado,5,Web Nacional,0,0,0,0,0
20260214,2026-02-14,2026,2,February,12,A40002,7,Zapatilla urbana,Calzado,5,Web Nacional,0,0,0,0,0
20260215,2026-02-15,2026,2,February,12,A40002,7,Zapatilla urbana,Calzado,5,Web Nacional,0,0,0,0,0
20260216,2026-02-16,2026,2,February,12,A40002,7,Zapatilla urbana,Calzado,5,Web Nacional,0,0,0,0,0
20260217,2026-02-17,2026,2,February,12,A40002,7,Zapatilla urbana,Calzado,5,Web Nacional,0,0,0,0,0
20260218,2026-02-18,2026,2,February,12,A40002,7,Zapatilla urbana,Calzado,5,Web Nacional,0,0,0,0,0
20260219,2026-02-19,2026,2,February,12,A40002,7,Zapatilla urbana,Calzado,5,Web Nacional,0,0,0,0,0
20260220,2026-02-20,2026,2,February,12,A40002,7,Zapatilla urbana,Calzado,5,Web Nacional,0,0,0,0,0
20260221,2026-02-21,2026,2,February,12,A40002,7,Zapatilla urbana,Calzado,5,Web Nacional,0,0,0,0,0
20260222,2026-02-22,2026,2,February,12,A40002,7,Zapatilla urbana,Calzado,5,Web Nacional,0,0,0,0,0
20260223,2026-02-23,2026,2,February,12,A40002,7,Zapatilla urbana,Calzado,5,Web Nacional,0,0,0,0,0
20260224,2026-02-24,2026,2,February,12,A40002,7,Zapatilla urbana,Calzado,5,Web Nacional,0,0,0,0,0
20260225,2026-02-25,2026,2,February,12,A40002,7,Zapatilla urbana,Calzado,5,Web Nacional,0,0,0,0,0
20260226,2026-02-26,2026,2,February,12,A40002,7,Zapatilla urbana,Calzado,5,Web Nacional,0,0,0,0,0
20260227,2026-02-27,2026,2,February,12,A40002,7,Zapatilla urbana,Calzado,5,Web Nacional,0,0,0,0,0
20260228,2026-02-28,2026,2,February,12,A40002,7,Zapatilla urbana,Calzado,5,Web Nacional,0,0,0,0,0
20260301,2026-03-01,2026,3,March,12,A40002,7,Zapatilla urbana,Calzado,5,Web Nacional,0,0,0,0,0
20260302,2026-03-02,2026,3,March,12,A40002,7,Zapatilla urbana,Calzado,5,Web Nacional,0,0,0,0,0
20260303,2026-03-03,2026,3,March,12,A40002,7,Zapatilla urbana,Calzado,5,Web Nacional,0,0,0,0,0
20260304,2026-03-04,2026,3,March,12,A40002,7,Zapatilla urbana,Calzado,5,Web Nacional,0,0,0,0,0
20260305,2026-03-05,2026,3,March,12,A40002,7,Zapatilla urbana,Calzado,5,Web Nacional,0,0,0,0,0
20260306,2026-03-06,2026,3,March,12,A40002,7,Zapatilla urbana,Calzado,5,Web Nacional,0,0,0,0,0
20260307,2026-03-07,2026,3,March,12,A40002,7,Zapatilla urbana,Calzado,5,Web Nacional,0,0,0,0,0
20260308,2026-03-08,2026,3,March,12,A40002,7,Zapatilla urbana,Calzado,5,Web Nacional,0,0,0,0,0
20260309,2026-03-09,2026,3,March,12,A40002,7,Zapatilla urbana,Calzado,5,Web Nacional,0,0,0,0,0
20260310,2026-03-10,2026,3,March,12,A40002,7,Zapatilla urbana,Calzado,5,Web Nacional,0,0,0,0,0
20260311,2026-03-11,2026,3,March,12,A40002,7,Zapatilla urbana,Calzado,5,Web Nacional,0,0,0,0,0
20260312,2026-03-12,2026,3,March,12,A40002,7,Zapatilla urbana,Calzado,5,Web Nacional,0,0,0,0,0
20260313,2026-03-13,2026,3,March,12,A40002,7,Zapatilla urbana,Calzado,5,Web Nacional,0,0,0,0,0
20260314,2026-03-14,2026,3,March,12,A40002,7,Zapatilla urbana,Calzado,5,Web Nacional,0,0,0,0,0
20260315,2026-03-15,2026,3,March,12,A40002,7,Zapatilla urbana,Calzado,5,Web Nacional,0,0,0,0,0
20260316,2026-03-16,2026,3,March,12,A40002,7,Zapatilla urbana,Calzado,5,Web Nacional,0,0,0,0,0
20260317,2026-03-17,2026,3,March,12,A40002,7,Zapatilla urbana,Calzado,5,Web Nacional,0,0,0,0,0
20260318,2026-03-18,2026,3,March,12,A40002,7,Zapatilla urbana,Calzado,5,Web Nacional,0,0,0,0,0
20260319,2026-03-19,2026,3,March,12,A40002,7,Zapatilla urbana,Calzado,5,Web Nacional,0,0,0,0,0
20260320,2026-03-20,2026,3,March,12,A40002,7,Zapatilla urbana,Calzado,5,Web Nacional,0,0,0,0,0
20260321,2026-03-21,2026,3,March,12,A40002,7,Zapatilla urbana,Calzado,5,Web Nacional,0,0,0,0,0
20260322,2026-03-22,2026,3,March,12,A40002,7,Zapatilla urbana,Calzado,5,Web Nacional,0,0,0,0,0
20260323,2026-03-23,2026,3,March,12,A40002,7,Zapatilla urbana,Calzado,5,Web Nacional,0,0,0,0,0
20260324,2026-03-24,2026,3,March,12,A40002,7,Zapatilla urbana,Calzado,5,Web Nacional,0,0,0,0,0
20260325,2026-03-25,2026,3,March,12,A40002,7,Zapatilla urbana,Calzado,5,Web Nacional,0,0,0,0,0
20260326,2026-03-26,2026,3,March,12,A40002,7,Zapatilla urbana,Calzado,5,Web Nacional,0,0,0,0,0
20260327,2026-03-27,2026,3,March,12,A40002,7,Zapatilla urbana,Calzado,5,Web Nacional,0,0,0,0,0
20260328,2026-03-28,2026,3,March,12,A40002,7,Zapatilla urbana,Calzado,5,Web Nacional,0,0,0,0,0
20260329,2026-03-29,2026,3,March,12,A40002,7,Zapatilla urbana,Calzado,5,Web Nacional,0,0,0,0,0
20260330,2026-03-30,2026,3,March,12,A40002,7,Zapatilla urbana,Calzado,5,Web Nacional,0,0,0,0,0
20260331,2026-03-31,2026,3,March,12,A40002,7,Zapatilla urbana,Calzado,5,Web Nacional,0,0,0,0,0
20260101,2026-01-01,2026,1,January,12,A40002,7,Zapatilla urbana,Calzado,6,Jockey Plaza,0,0,0,0,0
20260102,2026-01-02,2026,1,Enero,12,A40002,7,Zapatilla urbana,Calzado,6,Jockey Plaza,0,0,0,0,0
20260103,2026-01-03,2026,1,Enero,12,A40002,7,Zapatilla urbana,Calzado,6,Jockey Plaza,0,0,0,0,0
20260104,2026-01-04,2026,1,Enero,12,A40002,7,Zapatilla urbana,Calzado,6,Jockey Plaza,0,0,0,0,0
20260105,2026-01-05,2026,1,January,12,A40002,7,Zapatilla urbana,Calzado,6,Jockey Plaza,0,0,0,0,0
20260106,2026-01-06,2026,1,January,12,A40002,7,Zapatilla urbana,Calzado,6,Jockey Plaza,0,0,0,0,0
20260107,2026-01-07,2026,1,January,12,A40002,7,Zapatilla urbana,Calzado,6,Jockey Plaza,0,0,0,0,0
20260108,2026-01-08,2026,1,January,12,A40002,7,Zapatilla urbana,Calzado,6,Jockey Plaza,0,0,0,0,0
20260109,2026-01-09,2026,1,January,12,A40002,7,Zapatilla urbana,Calzado,6,Jockey Plaza,0,0,0,0,0
20260110,2026-01-10,2026,1,January,12,A40002,7,Zapatilla urbana,Calzado,6,Jockey Plaza,0,0,0,0,0
20260111,2026-01-11,2026,1,January,12,A40002,7,Zapatilla urbana,Calzado,6,Jockey Plaza,0,0,0,0,0
20260112,2026-01-12,2026,1,January,12,A40002,7,Zapatilla urbana,Calzado,6,Jockey Plaza,0,0,0,0,0
20260113,2026-01-13,2026,1,January,12,A40002,7,Zapatilla urbana,Calzado,6,Jockey Plaza,0,0,0,0,0
20260114,2026-01-14,2026,1,January,12,A40002,7,Zapatilla urbana,Calzado,6,Jockey Plaza,0,0,0,0,0
20260115,2026-01-15,2026,1,January,12,A40002,7,Zapatilla urbana,Calzado,6,Jockey Plaza,0,0,0,0,0
20260116,2026-01-16,2026,1,January,12,A40002,7,Zapatilla urbana,Calzado,6,Jockey Plaza,0,0,0,0,0
20260117,2026-01-17,2026,1,January,12,A40002,7,Zapatilla urbana,Calzado,6,Jockey Plaza,0,0,0,0,0
20260118,2026-01-18,2026,1,January,12,A40002,7,Zapatilla urbana,Calzado,6,Jockey Plaza,0,0,0,0,0
20260119,2026-01-19,2026,1,January,12,A40002,7,Zapatilla urbana,Calzado,6,Jockey Plaza,0,0,0,0,0
20260120,2026-01-20,2026,1,January,12,A40002,7,Zapatilla urbana,Calzado,6,Jockey Plaza,0,0,0,0,0
20260121,2026-01-21,2026,1,January,12,A40002,7,Zapatilla urbana,Calzado,6,Jockey Plaza,0,0,0,0,0
20260122,2026-01-22,2026,1,January,12,A40002,7,Zapatilla urbana,Calzado,6,Jockey Plaza,0,0,0,0,0
20260123,2026-01-23,2026,1,January,12,A40002,7,Zapatilla urbana,Calzado,6,Jockey Plaza,0,0,0,0,0
20260124,2026-01-24,2026,1,January,12,A40002,7,Zapatilla urbana,Calzado,6,Jockey Plaza,0,0,0,0,0
20260125,2026-01-25,2026,1,January,12,A40002,7,Zapatilla urbana,Calzado,6,Jockey Plaza,0,0,0,0,0
20260126,2026-01-26,2026,1,January,12,A40002,7,Zapatilla urbana,Calzado,6,Jockey Plaza,0,0,0,0,0
20260127,2026-01-27,2026,1,January,12,A40002,7,Zapatilla urbana,Calzado,6,Jockey Plaza,0,0,0,0,0
20260128,2026-01-28,2026,1,January,12,A40002,7,Zapatilla urbana,Calzado,6,Jockey Plaza,0,0,0,0,0
20260129,2026-01-29,2026,1,January,12,A40002,7,Zapatilla urbana,Calzado,6,Jockey Plaza,0,0,0,0,0
20260130,2026-01-30,2026,1,January,12,A40002,7,Zapatilla urbana,Calzado,6,Jockey Plaza,0,0,0,0,0
20260131,2026-01-31,2026,1,January,12,A40002,7,Zapatilla urbana,Calzado,6,Jockey Plaza,0,0,0,0,0
20260201,2026-02-01,2026,2,February,12,A40002,7,Zapatilla urbana,Calzado,6,Jockey Plaza,0,0,0,0,0
20260202,2026-02-02,2026,2,February,12,A40002,7,Zapatilla urbana,Calzado,6,Jockey Plaza,0,0,0,0,0
20260203,2026-02-03,2026,2,February,12,A40002,7,Zapatilla urbana,Calzado,6,Jockey Plaza,0,0,0,0,0
20260204,2026-02-04,2026,2,February,12,A40002,7,Zapatilla urbana,Calzado,6,Jockey Plaza,0,0,0,0,0
20260205,2026-02-05,2026,2,February,12,A40002,7,Zapatilla urbana,Calzado,6,Jockey Plaza,0,0,0,0,0
20260206,2026-02-06,2026,2,February,12,A40002,7,Zapatilla urbana,Calzado,6,Jockey Plaza,0,0,0,0,0
20260207,2026-02-07,2026,2,February,12,A40002,7,Zapatilla urbana,Calzado,6,Jockey Plaza,0,0,0,0,0
20260208,2026-02-08,2026,2,February,12,A40002,7,Zapatilla urbana,Calzado,6,Jockey Plaza,0,0,0,0,0
20260209,2026-02-09,2026,2,February,12,A40002,7,Zapatilla urbana,Calzado,6,Jockey Plaza,0,0,0,0,0
20260210,2026-02-10,2026,2,February,12,A40002,7,Zapatilla urbana,Calzado,6,Jockey Plaza,0,0,0,0,0
20260211,2026-02-11,2026,2,February,12,A40002,7,Zapatilla urbana,Calzado,6,Jockey Plaza,0,0,0,0,0
20260212,2026-02-12,2026,2,February,12,A40002,7,Zapatilla urbana,Calzado,6,Jockey Plaza,0,0,0,0,0
20260213,2026-02-13,2026,2,February,12,A40002,7,Zapatilla urbana,Calzado,6,Jockey Plaza,0,0,0,0,0
20260214,2026-02-14,2026,2,February,12,A40002,7,Zapatilla urbana,Calzado,6,Jockey Plaza,0,0,0,0,0
20260215,2026-02-15,2026,2,February,12,A40002,7,Zapatilla urbana,Calzado,6,Jockey Plaza,0,0,0,0,0
20260216,2026-02-16,2026,2,February,12,A40002,7,Zapatilla urbana,Calzado,6,Jockey Plaza,0,0,0,0,0
20260217,2026-02-17,2026,2,February,12,A40002,7,Zapatilla urbana,Calzado,6,Jockey Plaza,0,0,0,0,0
20260218,2026-02-18,2026,2,February,12,A40002,7,Zapatilla urbana,Calzado,6,Jockey Plaza,0,0,0,0,0
20260219,2026-02-19,2026,2,February,12,A40002,7,Zapatilla urbana,Calzado,6,Jockey Plaza,0,0,0,0,0
20260220,2026-02-20,2026,2,February,12,A40002,7,Zapatilla urbana,Calzado,6,Jockey Plaza,0,0,0,0,0
20260221,2026-02-21,2026,2,February,12,A40002,7,Zapatilla urbana,Calzado,6,Jockey Plaza,0,0,0,0,0
20260222,2026-02-22,2026,2,February,12,A40002,7,Zapatilla urbana,Calzado,6,Jockey Plaza,0,0,0,0,0
20260223,2026-02-23,2026,2,February,12,A40002,7,Zapatilla urbana,Calzado,6,Jockey Plaza,0,0,0,0,0
20260224,2026-02-24,2026,2,February,12,A40002,7,Zapatilla urbana,Calzado,6,Jockey Plaza,0,0,0,0,0
20260225,2026-02-25,2026,2,February,12,A40002,7,Zapatilla urbana,Calzado,6,Jockey Plaza,0,0,0,0,0
20260226,2026-02-26,2026,2,February,12,A40002,7,Zapatilla urbana,Calzado,6,Jockey Plaza,0,0,0,0,0
20260227,2026-02-27,2026,2,February,12,A40002,7,Zapatilla urbana,Calzado,6,Jockey Plaza,0,0,0,0,0
20260228,2026-02-28,2026,2,February,12,A40002,7,Zapatilla urbana,Calzado,6,Jockey Plaza,0,0,0,0,0
20260301,2026-03-01,2026,3,March,12,A40002,7,Zapatilla urbana,Calzado,6,Jockey Plaza,0,0,0,0,0
20260302,2026-03-02,2026,3,March,12,A40002,7,Zapatilla urbana,Calzado,6,Jockey Plaza,0,0,0,0,0
20260303,2026-03-03,2026,3,March,12,A40002,7,Zapatilla urbana,Calzado,6,Jockey Plaza,0,0,0,0,0
20260304,2026-03-04,2026,3,March,12,A40002,7,Zapatilla urbana,Calzado,6,Jockey Plaza,0,0,0,0,0
20260305,2026-03-05,2026,3,March,12,A40002,7,Zapatilla urbana,Calzado,6,Jockey Plaza,0,0,0,0,0
20260306,2026-03-06,2026,3,March,12,A40002,7,Zapatilla urbana,Calzado,6,Jockey Plaza,0,0,0,0,0
20260307,2026-03-07,2026,3,March,12,A40002,7,Zapatilla urbana,Calzado,6,Jockey Plaza,0,0,0,0,0
20260308,2026-03-08,2026,3,March,12,A40002,7,Zapatilla urbana,Calzado,6,Jockey Plaza,0,0,0,0,0
20260309,2026-03-09,2026,3,March,12,A40002,7,Zapatilla urbana,Calzado,6,Jockey Plaza,0,0,0,0,0
20260310,2026-03-10,2026,3,March,12,A40002,7,Zapatilla urbana,Calzado,6,Jockey Plaza,0,0,0,0,0
20260311,2026-03-11,2026,3,March,12,A40002,7,Zapatilla urbana,Calzado,6,Jockey Plaza,0,0,0,0,0
20260312,2026-03-12,2026,3,March,12,A40002,7,Zapatilla urbana,Calzado,6,Jockey Plaza,0,0,0,0,0
20260313,2026-03-13,2026,3,March,12,A40002,7,Zapatilla urbana,Calzado,6,Jockey Plaza,0,0,0,0,0
20260314,2026-03-14,2026,3,March,12,A40002,7,Zapatilla urbana,Calzado,6,Jockey Plaza,0,0,0,0,0
20260315,2026-03-15,2026,3,March,12,A40002,7,Zapatilla urbana,Calzado,6,Jockey Plaza,0,0,0,0,0
20260316,2026-03-16,2026,3,March,12,A40002,7,Zapatilla urbana,Calzado,6,Jockey Plaza,0,0,0,0,0
20260317,2026-03-17,2026,3,March,12,A40002,7,Zapatilla urbana,Calzado,6,Jockey Plaza,0,0,0,0,0
20260318,2026-03-18,2026,3,March,12,A40002,7,Zapatilla urbana,Calzado,6,Jockey Plaza,0,0,0,0,0
20260319,2026-03-19,2026,3,March,12,A40002,7,Zapatilla urbana,Calzado,6,Jockey Plaza,0,0,0,0,0
20260320,2026-03-20,2026,3,March,12,A40002,7,Zapatilla urbana,Calzado,6,Jockey Plaza,0,0,0,0,0
20260321,2026-03-21,2026,3,March,12,A40002,7,Zapatilla urbana,Calzado,6,Jockey Plaza,0,0,0,0,0
20260322,2026-03-22,2026,3,March,12,A40002,7,Zapatilla urbana,Calzado,6,Jockey Plaza,0,0,0,0,0
20260323,2026-03-23,2026,3,March,12,A40002,7,Zapatilla urbana,Calzado,6,Jockey Plaza,0,0,0,0,0
20260324,2026-03-24,2026,3,March,12,A40002,7,Zapatilla urbana,Calzado,6,Jockey Plaza,0,0,0,0,0
20260325,2026-03-25,2026,3,March,12,A40002,7,Zapatilla urbana,Calzado,6,Jockey Plaza,0,0,0,0,0
20260326,2026-03-26,2026,3,March,12,A40002,7,Zapatilla urbana,Calzado,6,Jockey Plaza,0,0,0,0,0
20260327,2026-03-27,2026,3,March,12,A40002,7,Zapatilla urbana,Calzado,6,Jockey Plaza,0,0,0,0,0
20260328,2026-03-28,2026,3,March,12,A40002,7,Zapatilla urbana,Calzado,6,Jockey Plaza,0,0,0,0,0
20260329,2026-03-29,2026,3,March,12,A40002,7,Zapatilla urbana,Calzado,6,Jockey Plaza,0,0,0,0,0
20260330,2026-03-30,2026,3,March,12,A40002,7,Zapatilla urbana,Calzado,6,Jockey Plaza,0,0,0,0,0
20260331,2026-03-31,2026,3,March,12,A40002,7,Zapatilla urbana,Calzado,6,Jockey Plaza,0,0,0,0,0
20260101,2026-01-01,2026,1,January,12,A40002,7,Zapatilla urbana,Calzado,7,Real Plaza Arequipa,0,0,0,0,0
20260102,2026-01-02,2026,1,Enero,12,A40002,7,Zapatilla urbana,Calzado,7,Real Plaza Arequipa,0,0,0,0,0
20260103,2026-01-03,2026,1,Enero,12,A40002,7,Zapatilla urbana,Calzado,7,Real Plaza Arequipa,0,0,0,0,0
20260104,2026-01-04,2026,1,Enero,12,A40002,7,Zapatilla urbana,Calzado,7,Real Plaza Arequipa,0,0,0,0,0
20260105,2026-01-05,2026,1,January,12,A40002,7,Zapatilla urbana,Calzado,7,Real Plaza Arequipa,0,0,0,0,0
20260106,2026-01-06,2026,1,January,12,A40002,7,Zapatilla urbana,Calzado,7,Real Plaza Arequipa,0,0,0,0,0
20260107,2026-01-07,2026,1,January,12,A40002,7,Zapatilla urbana,Calzado,7,Real Plaza Arequipa,0,0,0,0,0
20260108,2026-01-08,2026,1,January,12,A40002,7,Zapatilla urbana,Calzado,7,Real Plaza Arequipa,0,0,0,0,0
20260109,2026-01-09,2026,1,January,12,A40002,7,Zapatilla urbana,Calzado,7,Real Plaza Arequipa,0,0,0,0,0
20260110,2026-01-10,2026,1,January,12,A40002,7,Zapatilla urbana,Calzado,7,Real Plaza Arequipa,0,0,0,0,0
20260111,2026-01-11,2026,1,January,12,A40002,7,Zapatilla urbana,Calzado,7,Real Plaza Arequipa,0,0,0,0,0
20260112,2026-01-12,2026,1,January,12,A40002,7,Zapatilla urbana,Calzado,7,Real Plaza Arequipa,0,0,0,0,0
20260113,2026-01-13,2026,1,January,12,A40002,7,Zapatilla urbana,Calzado,7,Real Plaza Arequipa,0,0,0,0,0
20260114,2026-01-14,2026,1,January,12,A40002,7,Zapatilla urbana,Calzado,7,Real Plaza Arequipa,0,0,0,0,0
20260115,2026-01-15,2026,1,January,12,A40002,7,Zapatilla urbana,Calzado,7,Real Plaza Arequipa,0,0,0,0,0
20260116,2026-01-16,2026,1,January,12,A40002,7,Zapatilla urbana,Calzado,7,Real Plaza Arequipa,0,0,0,0,0
20260117,2026-01-17,2026,1,January,12,A40002,7,Zapatilla urbana,Calzado,7,Real Plaza Arequipa,0,0,0,0,0
20260118,2026-01-18,2026,1,January,12,A40002,7,Zapatilla urbana,Calzado,7,Real Plaza Arequipa,0,0,0,0,0
20260119,2026-01-19,2026,1,January,12,A40002,7,Zapatilla urbana,Calzado,7,Real Plaza Arequipa,0,0,0,0,0
20260120,2026-01-20,2026,1,January,12,A40002,7,Zapatilla urbana,Calzado,7,Real Plaza Arequipa,0,0,0,0,0
20260121,2026-01-21,2026,1,January,12,A40002,7,Zapatilla urbana,Calzado,7,Real Plaza Arequipa,0,0,0,0,0
20260122,2026-01-22,2026,1,January,12,A40002,7,Zapatilla urbana,Calzado,7,Real Plaza Arequipa,0,0,0,0,0
20260123,2026-01-23,2026,1,January,12,A40002,7,Zapatilla urbana,Calzado,7,Real Plaza Arequipa,0,0,0,0,0
20260124,2026-01-24,2026,1,January,12,A40002,7,Zapatilla urbana,Calzado,7,Real Plaza Arequipa,0,0,0,0,0
20260125,2026-01-25,2026,1,January,12,A40002,7,Zapatilla urbana,Calzado,7,Real Plaza Arequipa,0,0,0,0,0
20260126,2026-01-26,2026,1,January,12,A40002,7,Zapatilla urbana,Calzado,7,Real Plaza Arequipa,0,0,0,0,0
20260127,2026-01-27,2026,1,January,12,A40002,7,Zapatilla urbana,Calzado,7,Real Plaza Arequipa,0,0,0,0,0
20260128,2026-01-28,2026,1,January,12,A40002,7,Zapatilla urbana,Calzado,7,Real Plaza Arequipa,0,0,0,0,0
20260129,2026-01-29,2026,1,January,12,A40002,7,Zapatilla urbana,Calzado,7,Real Plaza Arequipa,0,0,0,0,0
20260130,2026-01-30,2026,1,January,12,A40002,7,Zapatilla urbana,Calzado,7,Real Plaza Arequipa,0,0,0,0,0
20260131,2026-01-31,2026,1,January,12,A40002,7,Zapatilla urbana,Calzado,7,Real Plaza Arequipa,0,0,0,0,0
20260201,2026-02-01,2026,2,February,12,A40002,7,Zapatilla urbana,Calzado,7,Real Plaza Arequipa,0,0,0,0,0
20260202,2026-02-02,2026,2,February,12,A40002,7,Zapatilla urbana,Calzado,7,Real Plaza Arequipa,0,0,0,0,0
20260203,2026-02-03,2026,2,February,12,A40002,7,Zapatilla urbana,Calzado,7,Real Plaza Arequipa,0,0,0,0,0
20260204,2026-02-04,2026,2,February,12,A40002,7,Zapatilla urbana,Calzado,7,Real Plaza Arequipa,0,0,0,0,0
20260205,2026-02-05,2026,2,February,12,A40002,7,Zapatilla urbana,Calzado,7,Real Plaza Arequipa,0,0,0,0,0
20260206,2026-02-06,2026,2,February,12,A40002,7,Zapatilla urbana,Calzado,7,Real Plaza Arequipa,0,0,0,0,0
20260207,2026-02-07,2026,2,February,12,A40002,7,Zapatilla urbana,Calzado,7,Real Plaza Arequipa,0,0,0,0,0
20260208,2026-02-08,2026,2,February,12,A40002,7,Zapatilla urbana,Calzado,7,Real Plaza Arequipa,0,0,0,0,0
20260209,2026-02-09,2026,2,February,12,A40002,7,Zapatilla urbana,Calzado,7,Real Plaza Arequipa,0,0,0,0,0
20260210,2026-02-10,2026,2,February,12,A40002,7,Zapatilla urbana,Calzado,7,Real Plaza Arequipa,0,0,0,0,0
20260211,2026-02-11,2026,2,February,12,A40002,7,Zapatilla urbana,Calzado,7,Real Plaza Arequipa,0,0,0,0,0
20260212,2026-02-12,2026,2,February,12,A40002,7,Zapatilla urbana,Calzado,7,Real Plaza Arequipa,0,0,0,0,0
20260213,2026-02-13,2026,2,February,12,A40002,7,Zapatilla urbana,Calzado,7,Real Plaza Arequipa,0,0,0,0,0
20260214,2026-02-14,2026,2,February,12,A40002,7,Zapatilla urbana,Calzado,7,Real Plaza Arequipa,0,0,0,0,0
20260215,2026-02-15,2026,2,February,12,A40002,7,Zapatilla urbana,Calzado,7,Real Plaza Arequipa,0,0,0,0,0
20260216,2026-02-16,2026,2,February,12,A40002,7,Zapatilla urbana,Calzado,7,Real Plaza Arequipa,0,0,0,0,0
20260217,2026-02-17,2026,2,February,12,A40002,7,Zapatilla urbana,Calzado,7,Real Plaza Arequipa,0,0,0,0,0
20260218,2026-02-18,2026,2,February,12,A40002,7,Zapatilla urbana,Calzado,7,Real Plaza Arequipa,0,0,0,0,0
20260219,2026-02-19,2026,2,February,12,A40002,7,Zapatilla urbana,Calzado,7,Real Plaza Arequipa,0,0,0,0,0
20260220,2026-02-20,2026,2,February,12,A40002,7,Zapatilla urbana,Calzado,7,Real Plaza Arequipa,0,0,0,0,0
20260221,2026-02-21,2026,2,February,12,A40002,7,Zapatilla urbana,Calzado,7,Real Plaza Arequipa,0,0,0,0,0
20260222,2026-02-22,2026,2,February,12,A40002,7,Zapatilla urbana,Calzado,7,Real Plaza Arequipa,0,0,0,0,0
20260223,2026-02-23,2026,2,February,12,A40002,7,Zapatilla urbana,Calzado,7,Real Plaza Arequipa,0,0,0,0,0
20260224,2026-02-24,2026,2,February,12,A40002,7,Zapatilla urbana,Calzado,7,Real Plaza Arequipa,0,0,0,0,0
20260225,2026-02-25,2026,2,February,12,A40002,7,Zapatilla urbana,Calzado,7,Real Plaza Arequipa,0,0,0,0,0
20260226,2026-02-26,2026,2,February,12,A40002,7,Zapatilla urbana,Calzado,7,Real Plaza Arequipa,0,0,0,0,0
20260227,2026-02-27,2026,2,February,12,A40002,7,Zapatilla urbana,Calzado,7,Real Plaza Arequipa,0,0,0,0,0
20260228,2026-02-28,2026,2,February,12,A40002,7,Zapatilla urbana,Calzado,7,Real Plaza Arequipa,0,0,0,0,0
20260301,2026-03-01,2026,3,March,12,A40002,7,Zapatilla urbana,Calzado,7,Real Plaza Arequipa,0,0,0,0,0
20260302,2026-03-02,2026,3,March,12,A40002,7,Zapatilla urbana,Calzado,7,Real Plaza Arequipa,0,0,0,0,0
20260303,2026-03-03,2026,3,March,12,A40002,7,Zapatilla urbana,Calzado,7,Real Plaza Arequipa,0,0,0,0,0
20260304,2026-03-04,2026,3,March,12,A40002,7,Zapatilla urbana,Calzado,7,Real Plaza Arequipa,0,0,0,0,0
20260305,2026-03-05,2026,3,March,12,A40002,7,Zapatilla urbana,Calzado,7,Real Plaza Arequipa,0,0,0,0,0
20260306,2026-03-06,2026,3,March,12,A40002,7,Zapatilla urbana,Calzado,7,Real Plaza Arequipa,0,0,0,0,0
20260307,2026-03-07,2026,3,March,12,A40002,7,Zapatilla urbana,Calzado,7,Real Plaza Arequipa,0,0,0,0,0
20260308,2026-03-08,2026,3,March,12,A40002,7,Zapatilla urbana,Calzado,7,Real Plaza Arequipa,0,0,0,0,0
20260309,2026-03-09,2026,3,March,12,A40002,7,Zapatilla urbana,Calzado,7,Real Plaza Arequipa,0,0,0,0,0
20260310,2026-03-10,2026,3,March,12,A40002,7,Zapatilla urbana,Calzado,7,Real Plaza Arequipa,0,0,0,0,0
20260311,2026-03-11,2026,3,March,12,A40002,7,Zapatilla urbana,Calzado,7,Real Plaza Arequipa,0,0,0,0,0
20260312,2026-03-12,2026,3,March,12,A40002,7,Zapatilla urbana,Calzado,7,Real Plaza Arequipa,0,0,0,0,0
20260313,2026-03-13,2026,3,March,12,A40002,7,Zapatilla urbana,Calzado,7,Real Plaza Arequipa,0,0,0,0,0
20260314,2026-03-14,2026,3,March,12,A40002,7,Zapatilla urbana,Calzado,7,Real Plaza Arequipa,0,0,0,0,0
20260315,2026-03-15,2026,3,March,12,A40002,7,Zapatilla urbana,Calzado,7,Real Plaza Arequipa,0,0,0,0,0
20260316,2026-03-16,2026,3,March,12,A40002,7,Zapatilla urbana,Calzado,7,Real Plaza Arequipa,0,0,0,0,0
20260317,2026-03-17,2026,3,March,12,A40002,7,Zapatilla urbana,Calzado,7,Real Plaza Arequipa,0,0,0,0,0
20260318,2026-03-18,2026,3,March,12,A40002,7,Zapatilla urbana,Calzado,7,Real Plaza Arequipa,0,0,0,0,0
20260319,2026-03-19,2026,3,March,12,A40002,7,Zapatilla urbana,Calzado,7,Real Plaza Arequipa,0,0,0,0,0
20260320,2026-03-20,2026,3,March,12,A40002,7,Zapatilla urbana,Calzado,7,Real Plaza Arequipa,0,0,0,0,0
20260321,2026-03-21,2026,3,March,12,A40002,7,Zapatilla urbana,Calzado,7,Real Plaza Arequipa,0,0,0,0,0
20260322,2026-03-22,2026,3,March,12,A40002,7,Zapatilla urbana,Calzado,7,Real Plaza Arequipa,0,0,0,0,0
20260323,2026-03-23,2026,3,March,12,A40002,7,Zapatilla urbana,Calzado,7,Real Plaza Arequipa,0,0,0,0,0
20260324,2026-03-24,2026,3,March,12,A40002,7,Zapatilla urbana,Calzado,7,Real Plaza Arequipa,0,0,0,0,0
20260325,2026-03-25,2026,3,March,12,A40002,7,Zapatilla urbana,Calzado,7,Real Plaza Arequipa,0,0,0,0,0
20260326,2026-03-26,2026,3,March,12,A40002,7,Zapatilla urbana,Calzado,7,Real Plaza Arequipa,0,0,0,0,0
20260327,2026-03-27,2026,3,March,12,A40002,7,Zapatilla urbana,Calzado,7,Real Plaza Arequipa,0,0,0,0,0
20260328,2026-03-28,2026,3,March,12,A40002,7,Zapatilla urbana,Calzado,7,Real Plaza Arequipa,0,0,0,0,0
20260329,2026-03-29,2026,3,March,12,A40002,7,Zapatilla urbana,Calzado,7,Real Plaza Arequipa,0,0,0,0,0
20260330,2026-03-30,2026,3,March,12,A40002,7,Zapatilla urbana,Calzado,7,Real Plaza Arequipa,0,0,0,0,0
20260331,2026-03-31,2026,3,March,12,A40002,7,Zapatilla urbana,Calzado,7,Real Plaza Arequipa,0,0,0,0,0
20260101,2026-01-01,2026,1,January,12,A40002,7,Zapatilla urbana,Calzado,8,Mall Aventura Trujillo,11,0,11,0,11
20260102,2026-01-02,2026,1,Enero,12,A40002,7,Zapatilla urbana,Calzado,8,Mall Aventura Trujillo,0,0,11,0,11
20260103,2026-01-03,2026,1,Enero,12,A40002,7,Zapatilla urbana,Calzado,8,Mall Aventura Trujillo,0,0,11,0,11
20260104,2026-01-04,2026,1,Enero,12,A40002,7,Zapatilla urbana,Calzado,8,Mall Aventura Trujillo,0,0,11,0,11
20260105,2026-01-05,2026,1,January,12,A40002,7,Zapatilla urbana,Calzado,8,Mall Aventura Trujillo,0,0,11,0,11
20260106,2026-01-06,2026,1,January,12,A40002,7,Zapatilla urbana,Calzado,8,Mall Aventura Trujillo,0,0,11,0,11
20260107,2026-01-07,2026,1,January,12,A40002,7,Zapatilla urbana,Calzado,8,Mall Aventura Trujillo,0,0,11,0,11
20260108,2026-01-08,2026,1,January,12,A40002,7,Zapatilla urbana,Calzado,8,Mall Aventura Trujillo,0,0,11,0,11
20260109,2026-01-09,2026,1,January,12,A40002,7,Zapatilla urbana,Calzado,8,Mall Aventura Trujillo,0,0,11,0,11
20260110,2026-01-10,2026,1,January,12,A40002,7,Zapatilla urbana,Calzado,8,Mall Aventura Trujillo,0,0,11,0,11
20260111,2026-01-11,2026,1,January,12,A40002,7,Zapatilla urbana,Calzado,8,Mall Aventura Trujillo,0,0,11,0,11
20260112,2026-01-12,2026,1,January,12,A40002,7,Zapatilla urbana,Calzado,8,Mall Aventura Trujillo,0,0,11,0,11
20260113,2026-01-13,2026,1,January,12,A40002,7,Zapatilla urbana,Calzado,8,Mall Aventura Trujillo,0,0,11,0,11
20260114,2026-01-14,2026,1,January,12,A40002,7,Zapatilla urbana,Calzado,8,Mall Aventura Trujillo,0,0,11,0,11
20260115,2026-01-15,2026,1,January,12,A40002,7,Zapatilla urbana,Calzado,8,Mall Aventura Trujillo,0,0,11,0,11
20260116,2026-01-16,2026,1,January,12,A40002,7,Zapatilla urbana,Calzado,8,Mall Aventura Trujillo,0,0,11,0,11
20260117,2026-01-17,2026,1,January,12,A40002,7,Zapatilla urbana,Calzado,8,Mall Aventura Trujillo,0,0,11,0,11
20260118,2026-01-18,2026,1,January,12,A40002,7,Zapatilla urbana,Calzado,8,Mall Aventura Trujillo,0,0,11,0,11
20260119,2026-01-19,2026,1,January,12,A40002,7,Zapatilla urbana,Calzado,8,Mall Aventura Trujillo,0,0,11,0,11
20260120,2026-01-20,2026,1,January,12,A40002,7,Zapatilla urbana,Calzado,8,Mall Aventura Trujillo,0,0,11,0,11
20260121,2026-01-21,2026,1,January,12,A40002,7,Zapatilla urbana,Calzado,8,Mall Aventura Trujillo,0,0,11,0,11
20260122,2026-01-22,2026,1,January,12,A40002,7,Zapatilla urbana,Calzado,8,Mall Aventura Trujillo,0,0,11,0,11
20260123,2026-01-23,2026,1,January,12,A40002,7,Zapatilla urbana,Calzado,8,Mall Aventura Trujillo,0,0,11,0,11
20260124,2026-01-24,2026,1,January,12,A40002,7,Zapatilla urbana,Calzado,8,Mall Aventura Trujillo,0,0,11,0,11
20260125,2026-01-25,2026,1,January,12,A40002,7,Zapatilla urbana,Calzado,8,Mall Aventura Trujillo,0,0,11,0,11
20260126,2026-01-26,2026,1,January,12,A40002,7,Zapatilla urbana,Calzado,8,Mall Aventura Trujillo,0,0,11,0,11
20260127,2026-01-27,2026,1,January,12,A40002,7,Zapatilla urbana,Calzado,8,Mall Aventura Trujillo,0,0,11,0,11
20260128,2026-01-28,2026,1,January,12,A40002,7,Zapatilla urbana,Calzado,8,Mall Aventura Trujillo,0,0,11,0,11
20260129,2026-01-29,2026,1,January,12,A40002,7,Zapatilla urbana,Calzado,8,Mall Aventura Trujillo,0,0,11,0,11
20260130,2026-01-30,2026,1,January,12,A40002,7,Zapatilla urbana,Calzado,8,Mall Aventura Trujillo,0,0,11,0,11
20260131,2026-01-31,2026,1,January,12,A40002,7,Zapatilla urbana,Calzado,8,Mall Aventura Trujillo,0,0,11,0,11
20260201,2026-02-01,2026,2,February,12,A40002,7,Zapatilla urbana,Calzado,8,Mall Aventura Trujillo,0,0,11,0,11
20260202,2026-02-02,2026,2,February,12,A40002,7,Zapatilla urbana,Calzado,8,Mall Aventura Trujillo,0,0,11,0,11
20260203,2026-02-03,2026,2,February,12,A40002,7,Zapatilla urbana,Calzado,8,Mall Aventura Trujillo,0,0,11,0,11
20260204,2026-02-04,2026,2,February,12,A40002,7,Zapatilla urbana,Calzado,8,Mall Aventura Trujillo,0,0,11,0,11
20260205,2026-02-05,2026,2,February,12,A40002,7,Zapatilla urbana,Calzado,8,Mall Aventura Trujillo,0,0,11,0,11
20260206,2026-02-06,2026,2,February,12,A40002,7,Zapatilla urbana,Calzado,8,Mall Aventura Trujillo,0,0,11,0,11
20260207,2026-02-07,2026,2,February,12,A40002,7,Zapatilla urbana,Calzado,8,Mall Aventura Trujillo,0,0,11,0,11
20260208,2026-02-08,2026,2,February,12,A40002,7,Zapatilla urbana,Calzado,8,Mall Aventura Trujillo,0,0,11,0,11
20260209,2026-02-09,2026,2,February,12,A40002,7,Zapatilla urbana,Calzado,8,Mall Aventura Trujillo,0,0,11,0,11
20260210,2026-02-10,2026,2,February,12,A40002,7,Zapatilla urbana,Calzado,8,Mall Aventura Trujillo,0,0,11,0,11
20260211,2026-02-11,2026,2,February,12,A40002,7,Zapatilla urbana,Calzado,8,Mall Aventura Trujillo,0,0,11,0,11
20260212,2026-02-12,2026,2,February,12,A40002,7,Zapatilla urbana,Calzado,8,Mall Aventura Trujillo,0,0,11,0,11
20260213,2026-02-13,2026,2,February,12,A40002,7,Zapatilla urbana,Calzado,8,Mall Aventura Trujillo,0,0,11,0,11
20260214,2026-02-14,2026,2,February,12,A40002,7,Zapatilla urbana,Calzado,8,Mall Aventura Trujillo,0,0,11,0,11
20260215,2026-02-15,2026,2,February,12,A40002,7,Zapatilla urbana,Calzado,8,Mall Aventura Trujillo,0,0,11,0,11
20260216,2026-02-16,2026,2,February,12,A40002,7,Zapatilla urbana,Calzado,8,Mall Aventura Trujillo,0,0,11,0,11
20260217,2026-02-17,2026,2,February,12,A40002,7,Zapatilla urbana,Calzado,8,Mall Aventura Trujillo,0,0,11,0,11
20260218,2026-02-18,2026,2,February,12,A40002,7,Zapatilla urbana,Calzado,8,Mall Aventura Trujillo,0,0,11,0,11
20260219,2026-02-19,2026,2,February,12,A40002,7,Zapatilla urbana,Calzado,8,Mall Aventura Trujillo,0,0,11,0,11
20260220,2026-02-20,2026,2,February,12,A40002,7,Zapatilla urbana,Calzado,8,Mall Aventura Trujillo,0,0,11,0,11
20260221,2026-02-21,2026,2,February,12,A40002,7,Zapatilla urbana,Calzado,8,Mall Aventura Trujillo,0,0,11,0,11
20260222,2026-02-22,2026,2,February,12,A40002,7,Zapatilla urbana,Calzado,8,Mall Aventura Trujillo,0,0,11,0,11
20260223,2026-02-23,2026,2,February,12,A40002,7,Zapatilla urbana,Calzado,8,Mall Aventura Trujillo,0,0,11,0,11
20260224,2026-02-24,2026,2,February,12,A40002,7,Zapatilla urbana,Calzado,8,Mall Aventura Trujillo,0,0,11,0,11
20260225,2026-02-25,2026,2,February,12,A40002,7,Zapatilla urbana,Calzado,8,Mall Aventura Trujillo,0,0,11,0,11
20260226,2026-02-26,2026,2,February,12,A40002,7,Zapatilla urbana,Calzado,8,Mall Aventura Trujillo,0,0,11,0,11
20260227,2026-02-27,2026,2,February,12,A40002,7,Zapatilla urbana,Calzado,8,Mall Aventura Trujillo,0,0,11,0,11
20260228,2026-02-28,2026,2,February,12,A40002,7,Zapatilla urbana,Calzado,8,Mall Aventura Trujillo,0,0,11,0,11
20260301,2026-03-01,2026,3,March,12,A40002,7,Zapatilla urbana,Calzado,8,Mall Aventura Trujillo,0,0,11,0,11
20260302,2026-03-02,2026,3,March,12,A40002,7,Zapatilla urbana,Calzado,8,Mall Aventura Trujillo,-1,0,10,0,10
20260303,2026-03-03,2026,3,March,12,A40002,7,Zapatilla urbana,Calzado,8,Mall Aventura Trujillo,0,0,10,0,10
20260304,2026-03-04,2026,3,March,12,A40002,7,Zapatilla urbana,Calzado,8,Mall Aventura Trujillo,0,0,10,0,10
20260305,2026-03-05,2026,3,March,12,A40002,7,Zapatilla urbana,Calzado,8,Mall Aventura Trujillo,0,0,10,0,10
20260306,2026-03-06,2026,3,March,12,A40002,7,Zapatilla urbana,Calzado,8,Mall Aventura Trujillo,0,0,10,0,10
20260307,2026-03-07,2026,3,March,12,A40002,7,Zapatilla urbana,Calzado,8,Mall Aventura Trujillo,0,0,10,0,10
20260308,2026-03-08,2026,3,March,12,A40002,7,Zapatilla urbana,Calzado,8,Mall Aventura Trujillo,0,0,10,0,10
20260309,2026-03-09,2026,3,March,12,A40002,7,Zapatilla urbana,Calzado,8,Mall Aventura Trujillo,0,0,10,0,10
20260310,2026-03-10,2026,3,March,12,A40002,7,Zapatilla urbana,Calzado,8,Mall Aventura Trujillo,-1,0,9,0,9
20260311,2026-03-11,2026,3,March,12,A40002,7,Zapatilla urbana,Calzado,8,Mall Aventura Trujillo,0,0,9,0,9
20260312,2026-03-12,2026,3,March,12,A40002,7,Zapatilla urbana,Calzado,8,Mall Aventura Trujillo,-2,0,7,0,7
20260313,2026-03-13,2026,3,March,12,A40002,7,Zapatilla urbana,Calzado,8,Mall Aventura Trujillo,0,0,7,0,7
20260314,2026-03-14,2026,3,March,12,A40002,7,Zapatilla urbana,Calzado,8,Mall Aventura Trujillo,0,0,7,0,7
20260315,2026-03-15,2026,3,March,12,A40002,7,Zapatilla urbana,Calzado,8,Mall Aventura Trujillo,0,0,7,0,7
20260316,2026-03-16,2026,3,March,12,A40002,7,Zapatilla urbana,Calzado,8,Mall Aventura Trujillo,0,0,7,0,7
20260317,2026-03-17,2026,3,March,12,A40002,7,Zapatilla urbana,Calzado,8,Mall Aventura Trujillo,-1,0,6,0,6
20260318,2026-03-18,2026,3,March,12,A40002,7,Zapatilla urbana,Calzado,8,Mall Aventura Trujillo,-3,0,3,0,3
20260319,2026-03-19,2026,3,March,12,A40002,7,Zapatilla urbana,Calzado,8,Mall Aventura Trujillo,3,0,6,0,6
20260320,2026-03-20,2026,3,March,12,A40002,7,Zapatilla urbana,Calzado,8,Mall Aventura Trujillo,0,0,6,0,6
20260321,2026-03-21,2026,3,March,12,A40002,7,Zapatilla urbana,Calzado,8,Mall Aventura Trujillo,0,0,6,0,6
20260322,2026-03-22,2026,3,March,12,A40002,7,Zapatilla urbana,Calzado,8,Mall Aventura Trujillo,0,0,6,0,6
20260323,2026-03-23,2026,3,March,12,A40002,7,Zapatilla urbana,Calzado,8,Mall Aventura Trujillo,0,0,6,0,6
20260324,2026-03-24,2026,3,March,12,A40002,7,Zapatilla urbana,Calzado,8,Mall Aventura Trujillo,0,0,6,0,6
20260325,2026-03-25,2026,3,March,12,A40002,7,Zapatilla urbana,Calzado,8,Mall Aventura Trujillo,0,0,6,0,6
20260326,2026-03-26,2026,3,March,12,A40002,7,Zapatilla urbana,Calzado,8,Mall Aventura Trujillo,0,0,6,0,6
20260327,2026-03-27,2026,3,March,12,A40002,7,Zapatilla urbana,Calzado,8,Mall Aventura Trujillo,0,0,6,0,6
20260328,2026-03-28,2026,3,March,12,A40002,7,Zapatilla urbana,Calzado,8,Mall Aventura Trujillo,0,0,6,0,6
20260329,2026-03-29,2026,3,March,12,A40002,7,Zapatilla urbana,Calzado,8,Mall Aventura Trujillo,0,0,6,0,6
20260330,2026-03-30,2026,3,March,12,A40002,7,Zapatilla urbana,Calzado,8,Mall Aventura Trujillo,0,0,6,0,6
20260331,2026-03-31,2026,3,March,12,A40002,7,Zapatilla urbana,Calzado,8,Mall Aventura Trujillo,0,0,6,0,6
20260101,2026-01-01,2026,1,January,13,A40003,7,Zapatilla urbana,Calzado,5,Web Nacional,0,0,0,0,0
20260102,2026-01-02,2026,1,Enero,13,A40003,7,Zapatilla urbana,Calzado,5,Web Nacional,0,0,0,0,0
20260103,2026-01-03,2026,1,Enero,13,A40003,7,Zapatilla urbana,Calzado,5,Web Nacional,0,0,0,0,0
20260104,2026-01-04,2026,1,Enero,13,A40003,7,Zapatilla urbana,Calzado,5,Web Nacional,0,0,0,0,0
20260105,2026-01-05,2026,1,January,13,A40003,7,Zapatilla urbana,Calzado,5,Web Nacional,0,0,0,0,0
20260106,2026-01-06,2026,1,January,13,A40003,7,Zapatilla urbana,Calzado,5,Web Nacional,0,0,0,0,0
20260107,2026-01-07,2026,1,January,13,A40003,7,Zapatilla urbana,Calzado,5,Web Nacional,0,0,0,0,0
20260108,2026-01-08,2026,1,January,13,A40003,7,Zapatilla urbana,Calzado,5,Web Nacional,0,0,0,0,0
20260109,2026-01-09,2026,1,January,13,A40003,7,Zapatilla urbana,Calzado,5,Web Nacional,0,0,0,0,0
20260110,2026-01-10,2026,1,January,13,A40003,7,Zapatilla urbana,Calzado,5,Web Nacional,0,0,0,0,0
20260111,2026-01-11,2026,1,January,13,A40003,7,Zapatilla urbana,Calzado,5,Web Nacional,0,0,0,0,0
20260112,2026-01-12,2026,1,January,13,A40003,7,Zapatilla urbana,Calzado,5,Web Nacional,0,0,0,0,0
20260113,2026-01-13,2026,1,January,13,A40003,7,Zapatilla urbana,Calzado,5,Web Nacional,0,0,0,0,0
20260114,2026-01-14,2026,1,January,13,A40003,7,Zapatilla urbana,Calzado,5,Web Nacional,0,0,0,0,0
20260115,2026-01-15,2026,1,January,13,A40003,7,Zapatilla urbana,Calzado,5,Web Nacional,0,0,0,0,0
20260116,2026-01-16,2026,1,January,13,A40003,7,Zapatilla urbana,Calzado,5,Web Nacional,0,0,0,0,0
20260117,2026-01-17,2026,1,January,13,A40003,7,Zapatilla urbana,Calzado,5,Web Nacional,0,0,0,0,0
20260118,2026-01-18,2026,1,January,13,A40003,7,Zapatilla urbana,Calzado,5,Web Nacional,0,0,0,0,0
20260119,2026-01-19,2026,1,January,13,A40003,7,Zapatilla urbana,Calzado,5,Web Nacional,0,0,0,0,0
20260120,2026-01-20,2026,1,January,13,A40003,7,Zapatilla urbana,Calzado,5,Web Nacional,0,0,0,0,0
20260121,2026-01-21,2026,1,January,13,A40003,7,Zapatilla urbana,Calzado,5,Web Nacional,0,0,0,0,0
20260122,2026-01-22,2026,1,January,13,A40003,7,Zapatilla urbana,Calzado,5,Web Nacional,0,0,0,0,0
20260123,2026-01-23,2026,1,January,13,A40003,7,Zapatilla urbana,Calzado,5,Web Nacional,0,0,0,0,0
20260124,2026-01-24,2026,1,January,13,A40003,7,Zapatilla urbana,Calzado,5,Web Nacional,0,0,0,0,0
20260125,2026-01-25,2026,1,January,13,A40003,7,Zapatilla urbana,Calzado,5,Web Nacional,0,0,0,0,0
20260126,2026-01-26,2026,1,January,13,A40003,7,Zapatilla urbana,Calzado,5,Web Nacional,0,0,0,0,0
20260127,2026-01-27,2026,1,January,13,A40003,7,Zapatilla urbana,Calzado,5,Web Nacional,0,0,0,0,0
20260128,2026-01-28,2026,1,January,13,A40003,7,Zapatilla urbana,Calzado,5,Web Nacional,0,0,0,0,0
20260129,2026-01-29,2026,1,January,13,A40003,7,Zapatilla urbana,Calzado,5,Web Nacional,0,0,0,0,0
20260130,2026-01-30,2026,1,January,13,A40003,7,Zapatilla urbana,Calzado,5,Web Nacional,0,0,0,0,0
20260131,2026-01-31,2026,1,January,13,A40003,7,Zapatilla urbana,Calzado,5,Web Nacional,0,0,0,0,0
20260201,2026-02-01,2026,2,February,13,A40003,7,Zapatilla urbana,Calzado,5,Web Nacional,0,0,0,0,0
20260202,2026-02-02,2026,2,February,13,A40003,7,Zapatilla urbana,Calzado,5,Web Nacional,0,0,0,0,0
20260203,2026-02-03,2026,2,February,13,A40003,7,Zapatilla urbana,Calzado,5,Web Nacional,0,0,0,0,0
20260204,2026-02-04,2026,2,February,13,A40003,7,Zapatilla urbana,Calzado,5,Web Nacional,0,0,0,0,0
20260205,2026-02-05,2026,2,February,13,A40003,7,Zapatilla urbana,Calzado,5,Web Nacional,0,0,0,0,0
20260206,2026-02-06,2026,2,February,13,A40003,7,Zapatilla urbana,Calzado,5,Web Nacional,0,0,0,0,0
20260207,2026-02-07,2026,2,February,13,A40003,7,Zapatilla urbana,Calzado,5,Web Nacional,0,0,0,0,0
20260208,2026-02-08,2026,2,February,13,A40003,7,Zapatilla urbana,Calzado,5,Web Nacional,0,0,0,0,0
20260209,2026-02-09,2026,2,February,13,A40003,7,Zapatilla urbana,Calzado,5,Web Nacional,0,0,0,0,0
20260210,2026-02-10,2026,2,February,13,A40003,7,Zapatilla urbana,Calzado,5,Web Nacional,0,0,0,0,0
20260211,2026-02-11,2026,2,February,13,A40003,7,Zapatilla urbana,Calzado,5,Web Nacional,0,0,0,0,0
20260212,2026-02-12,2026,2,February,13,A40003,7,Zapatilla urbana,Calzado,5,Web Nacional,0,0,0,0,0
20260213,2026-02-13,2026,2,February,13,A40003,7,Zapatilla urbana,Calzado,5,Web Nacional,0,0,0,0,0
20260214,2026-02-14,2026,2,February,13,A40003,7,Zapatilla urbana,Calzado,5,Web Nacional,0,0,0,0,0
20260215,2026-02-15,2026,2,February,13,A40003,7,Zapatilla urbana,Calzado,5,Web Nacional,0,0,0,0,0
20260216,2026-02-16,2026,2,February,13,A40003,7,Zapatilla urbana,Calzado,5,Web Nacional,0,0,0,0,0
20260217,2026-02-17,2026,2,February,13,A40003,7,Zapatilla urbana,Calzado,5,Web Nacional,0,0,0,0,0
20260218,2026-02-18,2026,2,February,13,A40003,7,Zapatilla urbana,Calzado,5,Web Nacional,0,0,0,0,0
20260219,2026-02-19,2026,2,February,13,A40003,7,Zapatilla urbana,Calzado,5,Web Nacional,0,0,0,0,0
20260220,2026-02-20,2026,2,February,13,A40003,7,Zapatilla urbana,Calzado,5,Web Nacional,0,0,0,0,0
20260221,2026-02-21,2026,2,February,13,A40003,7,Zapatilla urbana,Calzado,5,Web Nacional,0,0,0,0,0
20260222,2026-02-22,2026,2,February,13,A40003,7,Zapatilla urbana,Calzado,5,Web Nacional,0,0,0,0,0
20260223,2026-02-23,2026,2,February,13,A40003,7,Zapatilla urbana,Calzado,5,Web Nacional,0,0,0,0,0
20260224,2026-02-24,2026,2,February,13,A40003,7,Zapatilla urbana,Calzado,5,Web Nacional,0,0,0,0,0
20260225,2026-02-25,2026,2,February,13,A40003,7,Zapatilla urbana,Calzado,5,Web Nacional,0,0,0,0,0
20260226,2026-02-26,2026,2,February,13,A40003,7,Zapatilla urbana,Calzado,5,Web Nacional,0,0,0,0,0
20260227,2026-02-27,2026,2,February,13,A40003,7,Zapatilla urbana,Calzado,5,Web Nacional,0,0,0,0,0
20260228,2026-02-28,2026,2,February,13,A40003,7,Zapatilla urbana,Calzado,5,Web Nacional,0,0,0,0,0
20260301,2026-03-01,2026,3,March,13,A40003,7,Zapatilla urbana,Calzado,5,Web Nacional,0,0,0,0,0
20260302,2026-03-02,2026,3,March,13,A40003,7,Zapatilla urbana,Calzado,5,Web Nacional,0,0,0,0,0
20260303,2026-03-03,2026,3,March,13,A40003,7,Zapatilla urbana,Calzado,5,Web Nacional,0,0,0,0,0
20260304,2026-03-04,2026,3,March,13,A40003,7,Zapatilla urbana,Calzado,5,Web Nacional,0,0,0,0,0
20260305,2026-03-05,2026,3,March,13,A40003,7,Zapatilla urbana,Calzado,5,Web Nacional,0,0,0,0,0
20260306,2026-03-06,2026,3,March,13,A40003,7,Zapatilla urbana,Calzado,5,Web Nacional,0,0,0,0,0
20260307,2026-03-07,2026,3,March,13,A40003,7,Zapatilla urbana,Calzado,5,Web Nacional,0,0,0,0,0
20260308,2026-03-08,2026,3,March,13,A40003,7,Zapatilla urbana,Calzado,5,Web Nacional,0,0,0,0,0
20260309,2026-03-09,2026,3,March,13,A40003,7,Zapatilla urbana,Calzado,5,Web Nacional,0,0,0,0,0
20260310,2026-03-10,2026,3,March,13,A40003,7,Zapatilla urbana,Calzado,5,Web Nacional,0,0,0,0,0
20260311,2026-03-11,2026,3,March,13,A40003,7,Zapatilla urbana,Calzado,5,Web Nacional,0,0,0,0,0
20260312,2026-03-12,2026,3,March,13,A40003,7,Zapatilla urbana,Calzado,5,Web Nacional,0,0,0,0,0
20260313,2026-03-13,2026,3,March,13,A40003,7,Zapatilla urbana,Calzado,5,Web Nacional,0,0,0,0,0
20260314,2026-03-14,2026,3,March,13,A40003,7,Zapatilla urbana,Calzado,5,Web Nacional,0,0,0,0,0
20260315,2026-03-15,2026,3,March,13,A40003,7,Zapatilla urbana,Calzado,5,Web Nacional,0,0,0,0,0
20260316,2026-03-16,2026,3,March,13,A40003,7,Zapatilla urbana,Calzado,5,Web Nacional,0,0,0,0,0
20260317,2026-03-17,2026,3,March,13,A40003,7,Zapatilla urbana,Calzado,5,Web Nacional,0,0,0,0,0
20260318,2026-03-18,2026,3,March,13,A40003,7,Zapatilla urbana,Calzado,5,Web Nacional,0,0,0,0,0
20260319,2026-03-19,2026,3,March,13,A40003,7,Zapatilla urbana,Calzado,5,Web Nacional,0,0,0,0,0
20260320,2026-03-20,2026,3,March,13,A40003,7,Zapatilla urbana,Calzado,5,Web Nacional,0,0,0,0,0
20260321,2026-03-21,2026,3,March,13,A40003,7,Zapatilla urbana,Calzado,5,Web Nacional,0,0,0,0,0
20260322,2026-03-22,2026,3,March,13,A40003,7,Zapatilla urbana,Calzado,5,Web Nacional,0,0,0,0,0
20260323,2026-03-23,2026,3,March,13,A40003,7,Zapatilla urbana,Calzado,5,Web Nacional,0,0,0,0,0
20260324,2026-03-24,2026,3,March,13,A40003,7,Zapatilla urbana,Calzado,5,Web Nacional,0,0,0,0,0
20260325,2026-03-25,2026,3,March,13,A40003,7,Zapatilla urbana,Calzado,5,Web Nacional,0,0,0,0,0
20260326,2026-03-26,2026,3,March,13,A40003,7,Zapatilla urbana,Calzado,5,Web Nacional,0,0,0,0,0
20260327,2026-03-27,2026,3,March,13,A40003,7,Zapatilla urbana,Calzado,5,Web Nacional,0,0,0,0,0
20260328,2026-03-28,2026,3,March,13,A40003,7,Zapatilla urbana,Calzado,5,Web Nacional,0,0,0,0,0
20260329,2026-03-29,2026,3,March,13,A40003,7,Zapatilla urbana,Calzado,5,Web Nacional,0,0,0,0,0
20260330,2026-03-30,2026,3,March,13,A40003,7,Zapatilla urbana,Calzado,5,Web Nacional,0,0,0,0,0
20260331,2026-03-31,2026,3,March,13,A40003,7,Zapatilla urbana,Calzado,5,Web Nacional,0,0,0,0,0
20260101,2026-01-01,2026,1,January,13,A40003,7,Zapatilla urbana,Calzado,6,Jockey Plaza,3,0,3,0,3
20260102,2026-01-02,2026,1,Enero,13,A40003,7,Zapatilla urbana,Calzado,6,Jockey Plaza,0,0,3,0,3
20260103,2026-01-03,2026,1,Enero,13,A40003,7,Zapatilla urbana,Calzado,6,Jockey Plaza,0,0,3,0,3
20260104,2026-01-04,2026,1,Enero,13,A40003,7,Zapatilla urbana,Calzado,6,Jockey Plaza,0,0,3,0,3
20260105,2026-01-05,2026,1,January,13,A40003,7,Zapatilla urbana,Calzado,6,Jockey Plaza,0,0,3,0,3
20260106,2026-01-06,2026,1,January,13,A40003,7,Zapatilla urbana,Calzado,6,Jockey Plaza,0,0,3,0,3
20260107,2026-01-07,2026,1,January,13,A40003,7,Zapatilla urbana,Calzado,6,Jockey Plaza,0,0,3,0,3
20260108,2026-01-08,2026,1,January,13,A40003,7,Zapatilla urbana,Calzado,6,Jockey Plaza,0,0,3,0,3
20260109,2026-01-09,2026,1,January,13,A40003,7,Zapatilla urbana,Calzado,6,Jockey Plaza,0,0,3,0,3
20260110,2026-01-10,2026,1,January,13,A40003,7,Zapatilla urbana,Calzado,6,Jockey Plaza,0,0,3,0,3
20260111,2026-01-11,2026,1,January,13,A40003,7,Zapatilla urbana,Calzado,6,Jockey Plaza,0,0,3,0,3
20260112,2026-01-12,2026,1,January,13,A40003,7,Zapatilla urbana,Calzado,6,Jockey Plaza,0,0,3,0,3
20260113,2026-01-13,2026,1,January,13,A40003,7,Zapatilla urbana,Calzado,6,Jockey Plaza,0,0,3,0,3
20260114,2026-01-14,2026,1,January,13,A40003,7,Zapatilla urbana,Calzado,6,Jockey Plaza,0,0,3,0,3
20260115,2026-01-15,2026,1,January,13,A40003,7,Zapatilla urbana,Calzado,6,Jockey Plaza,0,0,3,0,3
20260116,2026-01-16,2026,1,January,13,A40003,7,Zapatilla urbana,Calzado,6,Jockey Plaza,0,0,3,0,3
20260117,2026-01-17,2026,1,January,13,A40003,7,Zapatilla urbana,Calzado,6,Jockey Plaza,0,0,3,0,3
20260118,2026-01-18,2026,1,January,13,A40003,7,Zapatilla urbana,Calzado,6,Jockey Plaza,0,0,3,0,3
20260119,2026-01-19,2026,1,January,13,A40003,7,Zapatilla urbana,Calzado,6,Jockey Plaza,0,0,3,0,3
20260120,2026-01-20,2026,1,January,13,A40003,7,Zapatilla urbana,Calzado,6,Jockey Plaza,0,0,3,0,3
20260121,2026-01-21,2026,1,January,13,A40003,7,Zapatilla urbana,Calzado,6,Jockey Plaza,0,0,3,0,3
20260122,2026-01-22,2026,1,January,13,A40003,7,Zapatilla urbana,Calzado,6,Jockey Plaza,0,0,3,0,3
20260123,2026-01-23,2026,1,January,13,A40003,7,Zapatilla urbana,Calzado,6,Jockey Plaza,0,0,3,0,3
20260124,2026-01-24,2026,1,January,13,A40003,7,Zapatilla urbana,Calzado,6,Jockey Plaza,0,0,3,0,3
20260125,2026-01-25,2026,1,January,13,A40003,7,Zapatilla urbana,Calzado,6,Jockey Plaza,0,0,3,0,3
20260126,2026-01-26,2026,1,January,13,A40003,7,Zapatilla urbana,Calzado,6,Jockey Plaza,0,0,3,0,3
20260127,2026-01-27,2026,1,January,13,A40003,7,Zapatilla urbana,Calzado,6,Jockey Plaza,0,0,3,0,3
20260128,2026-01-28,2026,1,January,13,A40003,7,Zapatilla urbana,Calzado,6,Jockey Plaza,0,0,3,0,3
20260129,2026-01-29,2026,1,January,13,A40003,7,Zapatilla urbana,Calzado,6,Jockey Plaza,0,0,3,0,3
20260130,2026-01-30,2026,1,January,13,A40003,7,Zapatilla urbana,Calzado,6,Jockey Plaza,0,0,3,0,3
20260131,2026-01-31,2026,1,January,13,A40003,7,Zapatilla urbana,Calzado,6,Jockey Plaza,0,0,3,0,3
20260201,2026-02-01,2026,2,February,13,A40003,7,Zapatilla urbana,Calzado,6,Jockey Plaza,0,0,3,0,3
20260202,2026-02-02,2026,2,February,13,A40003,7,Zapatilla urbana,Calzado,6,Jockey Plaza,0,0,3,0,3
20260203,2026-02-03,2026,2,February,13,A40003,7,Zapatilla urbana,Calzado,6,Jockey Plaza,0,0,3,0,3
20260204,2026-02-04,2026,2,February,13,A40003,7,Zapatilla urbana,Calzado,6,Jockey Plaza,0,0,3,0,3
20260205,2026-02-05,2026,2,February,13,A40003,7,Zapatilla urbana,Calzado,6,Jockey Plaza,0,0,3,0,3
20260206,2026-02-06,2026,2,February,13,A40003,7,Zapatilla urbana,Calzado,6,Jockey Plaza,0,0,3,0,3
20260207,2026-02-07,2026,2,February,13,A40003,7,Zapatilla urbana,Calzado,6,Jockey Plaza,0,0,3,0,3
20260208,2026-02-08,2026,2,February,13,A40003,7,Zapatilla urbana,Calzado,6,Jockey Plaza,0,0,3,0,3
20260209,2026-02-09,2026,2,February,13,A40003,7,Zapatilla urbana,Calzado,6,Jockey Plaza,0,0,3,0,3
20260210,2026-02-10,2026,2,February,13,A40003,7,Zapatilla urbana,Calzado,6,Jockey Plaza,0,0,3,0,3
20260211,2026-02-11,2026,2,February,13,A40003,7,Zapatilla urbana,Calzado,6,Jockey Plaza,0,0,3,0,3
20260212,2026-02-12,2026,2,February,13,A40003,7,Zapatilla urbana,Calzado,6,Jockey Plaza,0,0,3,0,3
20260213,2026-02-13,2026,2,February,13,A40003,7,Zapatilla urbana,Calzado,6,Jockey Plaza,0,0,3,0,3
20260214,2026-02-14,2026,2,February,13,A40003,7,Zapatilla urbana,Calzado,6,Jockey Plaza,0,0,3,0,3
20260215,2026-02-15,2026,2,February,13,A40003,7,Zapatilla urbana,Calzado,6,Jockey Plaza,0,0,3,0,3
20260216,2026-02-16,2026,2,February,13,A40003,7,Zapatilla urbana,Calzado,6,Jockey Plaza,0,0,3,0,3
20260217,2026-02-17,2026,2,February,13,A40003,7,Zapatilla urbana,Calzado,6,Jockey Plaza,0,0,3,0,3
20260218,2026-02-18,2026,2,February,13,A40003,7,Zapatilla urbana,Calzado,6,Jockey Plaza,0,0,3,0,3
20260219,2026-02-19,2026,2,February,13,A40003,7,Zapatilla urbana,Calzado,6,Jockey Plaza,0,0,3,0,3
20260220,2026-02-20,2026,2,February,13,A40003,7,Zapatilla urbana,Calzado,6,Jockey Plaza,0,0,3,0,3
20260221,2026-02-21,2026,2,February,13,A40003,7,Zapatilla urbana,Calzado,6,Jockey Plaza,0,0,3,0,3
20260222,2026-02-22,2026,2,February,13,A40003,7,Zapatilla urbana,Calzado,6,Jockey Plaza,0,0,3,0,3
20260223,2026-02-23,2026,2,February,13,A40003,7,Zapatilla urbana,Calzado,6,Jockey Plaza,0,0,3,0,3
20260224,2026-02-24,2026,2,February,13,A40003,7,Zapatilla urbana,Calzado,6,Jockey Plaza,0,0,3,0,3
20260225,2026-02-25,2026,2,February,13,A40003,7,Zapatilla urbana,Calzado,6,Jockey Plaza,0,0,3,0,3
20260226,2026-02-26,2026,2,February,13,A40003,7,Zapatilla urbana,Calzado,6,Jockey Plaza,0,0,3,0,3
20260227,2026-02-27,2026,2,February,13,A40003,7,Zapatilla urbana,Calzado,6,Jockey Plaza,0,0,3,0,3
20260228,2026-02-28,2026,2,February,13,A40003,7,Zapatilla urbana,Calzado,6,Jockey Plaza,0,0,3,0,3
20260301,2026-03-01,2026,3,March,13,A40003,7,Zapatilla urbana,Calzado,6,Jockey Plaza,0,0,3,0,3
20260302,2026-03-02,2026,3,March,13,A40003,7,Zapatilla urbana,Calzado,6,Jockey Plaza,0,0,3,0,3
20260303,2026-03-03,2026,3,March,13,A40003,7,Zapatilla urbana,Calzado,6,Jockey Plaza,0,0,3,0,3
20260304,2026-03-04,2026,3,March,13,A40003,7,Zapatilla urbana,Calzado,6,Jockey Plaza,0,0,3,0,3
20260305,2026-03-05,2026,3,March,13,A40003,7,Zapatilla urbana,Calzado,6,Jockey Plaza,0,0,3,0,3
20260306,2026-03-06,2026,3,March,13,A40003,7,Zapatilla urbana,Calzado,6,Jockey Plaza,0,0,3,0,3
20260307,2026-03-07,2026,3,March,13,A40003,7,Zapatilla urbana,Calzado,6,Jockey Plaza,0,0,3,0,3
20260308,2026-03-08,2026,3,March,13,A40003,7,Zapatilla urbana,Calzado,6,Jockey Plaza,0,0,3,0,3
20260309,2026-03-09,2026,3,March,13,A40003,7,Zapatilla urbana,Calzado,6,Jockey Plaza,0,0,3,0,3
20260310,2026-03-10,2026,3,March,13,A40003,7,Zapatilla urbana,Calzado,6,Jockey Plaza,0,0,3,0,3
20260311,2026-03-11,2026,3,March,13,A40003,7,Zapatilla urbana,Calzado,6,Jockey Plaza,0,0,3,0,3
20260312,2026-03-12,2026,3,March,13,A40003,7,Zapatilla urbana,Calzado,6,Jockey Plaza,0,0,3,0,3
20260313,2026-03-13,2026,3,March,13,A40003,7,Zapatilla urbana,Calzado,6,Jockey Plaza,0,0,3,0,3
20260314,2026-03-14,2026,3,March,13,A40003,7,Zapatilla urbana,Calzado,6,Jockey Plaza,0,0,3,0,3
20260315,2026-03-15,2026,3,March,13,A40003,7,Zapatilla urbana,Calzado,6,Jockey Plaza,0,0,3,0,3
20260316,2026-03-16,2026,3,March,13,A40003,7,Zapatilla urbana,Calzado,6,Jockey Plaza,0,0,3,0,3
20260317,2026-03-17,2026,3,March,13,A40003,7,Zapatilla urbana,Calzado,6,Jockey Plaza,0,0,3,0,3
20260318,2026-03-18,2026,3,March,13,A40003,7,Zapatilla urbana,Calzado,6,Jockey Plaza,0,0,3,0,3
20260319,2026-03-19,2026,3,March,13,A40003,7,Zapatilla urbana,Calzado,6,Jockey Plaza,0,0,3,0,3
20260320,2026-03-20,2026,3,March,13,A40003,7,Zapatilla urbana,Calzado,6,Jockey Plaza,0,0,3,0,3
20260321,2026-03-21,2026,3,March,13,A40003,7,Zapatilla urbana,Calzado,6,Jockey Plaza,0,0,3,0,3
20260322,2026-03-22,2026,3,March,13,A40003,7,Zapatilla urbana,Calzado,6,Jockey Plaza,0,0,3,0,3
20260323,2026-03-23,2026,3,March,13,A40003,7,Zapatilla urbana,Calzado,6,Jockey Plaza,0,0,3,0,3
20260324,2026-03-24,2026,3,March,13,A40003,7,Zapatilla urbana,Calzado,6,Jockey Plaza,0,0,3,0,3
20260325,2026-03-25,2026,3,March,13,A40003,7,Zapatilla urbana,Calzado,6,Jockey Plaza,0,0,3,0,3
20260326,2026-03-26,2026,3,March,13,A40003,7,Zapatilla urbana,Calzado,6,Jockey Plaza,0,0,3,0,3
20260327,2026-03-27,2026,3,March,13,A40003,7,Zapatilla urbana,Calzado,6,Jockey Plaza,0,0,3,0,3
20260328,2026-03-28,2026,3,March,13,A40003,7,Zapatilla urbana,Calzado,6,Jockey Plaza,0,0,3,0,3
20260329,2026-03-29,2026,3,March,13,A40003,7,Zapatilla urbana,Calzado,6,Jockey Plaza,0,0,3,0,3
20260330,2026-03-30,2026,3,March,13,A40003,7,Zapatilla urbana,Calzado,6,Jockey Plaza,0,0,3,0,3
20260331,2026-03-31,2026,3,March,13,A40003,7,Zapatilla urbana,Calzado,6,Jockey Plaza,0,0,3,0,3
20260101,2026-01-01,2026,1,January,13,A40003,7,Zapatilla urbana,Calzado,7,Real Plaza Arequipa,0,0,0,0,0
20260102,2026-01-02,2026,1,Enero,13,A40003,7,Zapatilla urbana,Calzado,7,Real Plaza Arequipa,0,0,0,0,0
20260103,2026-01-03,2026,1,Enero,13,A40003,7,Zapatilla urbana,Calzado,7,Real Plaza Arequipa,0,0,0,0,0
20260104,2026-01-04,2026,1,Enero,13,A40003,7,Zapatilla urbana,Calzado,7,Real Plaza Arequipa,0,0,0,0,0
20260105,2026-01-05,2026,1,January,13,A40003,7,Zapatilla urbana,Calzado,7,Real Plaza Arequipa,0,0,0,0,0
20260106,2026-01-06,2026,1,January,13,A40003,7,Zapatilla urbana,Calzado,7,Real Plaza Arequipa,0,0,0,0,0
20260107,2026-01-07,2026,1,January,13,A40003,7,Zapatilla urbana,Calzado,7,Real Plaza Arequipa,0,0,0,0,0
20260108,2026-01-08,2026,1,January,13,A40003,7,Zapatilla urbana,Calzado,7,Real Plaza Arequipa,0,0,0,0,0
20260109,2026-01-09,2026,1,January,13,A40003,7,Zapatilla urbana,Calzado,7,Real Plaza Arequipa,0,0,0,0,0
20260110,2026-01-10,2026,1,January,13,A40003,7,Zapatilla urbana,Calzado,7,Real Plaza Arequipa,0,0,0,0,0
20260111,2026-01-11,2026,1,January,13,A40003,7,Zapatilla urbana,Calzado,7,Real Plaza Arequipa,0,0,0,0,0
20260112,2026-01-12,2026,1,January,13,A40003,7,Zapatilla urbana,Calzado,7,Real Plaza Arequipa,0,0,0,0,0
20260113,2026-01-13,2026,1,January,13,A40003,7,Zapatilla urbana,Calzado,7,Real Plaza Arequipa,0,0,0,0,0
20260114,2026-01-14,2026,1,January,13,A40003,7,Zapatilla urbana,Calzado,7,Real Plaza Arequipa,0,0,0,0,0
20260115,2026-01-15,2026,1,January,13,A40003,7,Zapatilla urbana,Calzado,7,Real Plaza Arequipa,0,0,0,0,0
20260116,2026-01-16,2026,1,January,13,A40003,7,Zapatilla urbana,Calzado,7,Real Plaza Arequipa,0,0,0,0,0
20260117,2026-01-17,2026,1,January,13,A40003,7,Zapatilla urbana,Calzado,7,Real Plaza Arequipa,0,0,0,0,0
20260118,2026-01-18,2026,1,January,13,A40003,7,Zapatilla urbana,Calzado,7,Real Plaza Arequipa,0,0,0,0,0
20260119,2026-01-19,2026,1,January,13,A40003,7,Zapatilla urbana,Calzado,7,Real Plaza Arequipa,0,0,0,0,0
20260120,2026-01-20,2026,1,January,13,A40003,7,Zapatilla urbana,Calzado,7,Real Plaza Arequipa,0,0,0,0,0
20260121,2026-01-21,2026,1,January,13,A40003,7,Zapatilla urbana,Calzado,7,Real Plaza Arequipa,0,0,0,0,0
20260122,2026-01-22,2026,1,January,13,A40003,7,Zapatilla urbana,Calzado,7,Real Plaza Arequipa,0,0,0,0,0
20260123,2026-01-23,2026,1,January,13,A40003,7,Zapatilla urbana,Calzado,7,Real Plaza Arequipa,0,0,0,0,0
20260124,2026-01-24,2026,1,January,13,A40003,7,Zapatilla urbana,Calzado,7,Real Plaza Arequipa,0,0,0,0,0
20260125,2026-01-25,2026,1,January,13,A40003,7,Zapatilla urbana,Calzado,7,Real Plaza Arequipa,0,0,0,0,0
20260126,2026-01-26,2026,1,January,13,A40003,7,Zapatilla urbana,Calzado,7,Real Plaza Arequipa,0,0,0,0,0
20260127,2026-01-27,2026,1,January,13,A40003,7,Zapatilla urbana,Calzado,7,Real Plaza Arequipa,0,0,0,0,0
20260128,2026-01-28,2026,1,January,13,A40003,7,Zapatilla urbana,Calzado,7,Real Plaza Arequipa,0,0,0,0,0
20260129,2026-01-29,2026,1,January,13,A40003,7,Zapatilla urbana,Calzado,7,Real Plaza Arequipa,0,0,0,0,0
20260130,2026-01-30,2026,1,January,13,A40003,7,Zapatilla urbana,Calzado,7,Real Plaza Arequipa,0,0,0,0,0
20260131,2026-01-31,2026,1,January,13,A40003,7,Zapatilla urbana,Calzado,7,Real Plaza Arequipa,0,0,0,0,0
20260201,2026-02-01,2026,2,February,13,A40003,7,Zapatilla urbana,Calzado,7,Real Plaza Arequipa,0,0,0,0,0
20260202,2026-02-02,2026,2,February,13,A40003,7,Zapatilla urbana,Calzado,7,Real Plaza Arequipa,0,0,0,0,0
20260203,2026-02-03,2026,2,February,13,A40003,7,Zapatilla urbana,Calzado,7,Real Plaza Arequipa,0,0,0,0,0
20260204,2026-02-04,2026,2,February,13,A40003,7,Zapatilla urbana,Calzado,7,Real Plaza Arequipa,0,0,0,0,0
20260205,2026-02-05,2026,2,February,13,A40003,7,Zapatilla urbana,Calzado,7,Real Plaza Arequipa,0,0,0,0,0
20260206,2026-02-06,2026,2,February,13,A40003,7,Zapatilla urbana,Calzado,7,Real Plaza Arequipa,0,0,0,0,0
20260207,2026-02-07,2026,2,February,13,A40003,7,Zapatilla urbana,Calzado,7,Real Plaza Arequipa,0,0,0,0,0
20260208,2026-02-08,2026,2,February,13,A40003,7,Zapatilla urbana,Calzado,7,Real Plaza Arequipa,0,0,0,0,0
20260209,2026-02-09,2026,2,February,13,A40003,7,Zapatilla urbana,Calzado,7,Real Plaza Arequipa,0,0,0,0,0
20260210,2026-02-10,2026,2,February,13,A40003,7,Zapatilla urbana,Calzado,7,Real Plaza Arequipa,0,0,0,0,0
20260211,2026-02-11,2026,2,February,13,A40003,7,Zapatilla urbana,Calzado,7,Real Plaza Arequipa,0,0,0,0,0
20260212,2026-02-12,2026,2,February,13,A40003,7,Zapatilla urbana,Calzado,7,Real Plaza Arequipa,0,0,0,0,0
20260213,2026-02-13,2026,2,February,13,A40003,7,Zapatilla urbana,Calzado,7,Real Plaza Arequipa,0,0,0,0,0
20260214,2026-02-14,2026,2,February,13,A40003,7,Zapatilla urbana,Calzado,7,Real Plaza Arequipa,0,0,0,0,0
20260215,2026-02-15,2026,2,February,13,A40003,7,Zapatilla urbana,Calzado,7,Real Plaza Arequipa,0,0,0,0,0
20260216,2026-02-16,2026,2,February,13,A40003,7,Zapatilla urbana,Calzado,7,Real Plaza Arequipa,0,0,0,0,0
20260217,2026-02-17,2026,2,February,13,A40003,7,Zapatilla urbana,Calzado,7,Real Plaza Arequipa,0,0,0,0,0
20260218,2026-02-18,2026,2,February,13,A40003,7,Zapatilla urbana,Calzado,7,Real Plaza Arequipa,0,0,0,0,0
20260219,2026-02-19,2026,2,February,13,A40003,7,Zapatilla urbana,Calzado,7,Real Plaza Arequipa,0,0,0,0,0
20260220,2026-02-20,2026,2,February,13,A40003,7,Zapatilla urbana,Calzado,7,Real Plaza Arequipa,0,0,0,0,0
20260221,2026-02-21,2026,2,February,13,A40003,7,Zapatilla urbana,Calzado,7,Real Plaza Arequipa,0,0,0,0,0
20260222,2026-02-22,2026,2,February,13,A40003,7,Zapatilla urbana,Calzado,7,Real Plaza Arequipa,0,0,0,0,0
20260223,2026-02-23,2026,2,February,13,A40003,7,Zapatilla urbana,Calzado,7,Real Plaza Arequipa,0,0,0,0,0
20260224,2026-02-24,2026,2,February,13,A40003,7,Zapatilla urbana,Calzado,7,Real Plaza Arequipa,0,0,0,0,0
20260225,2026-02-25,2026,2,February,13,A40003,7,Zapatilla urbana,Calzado,7,Real Plaza Arequipa,0,0,0,0,0
20260226,2026-02-26,2026,2,February,13,A40003,7,Zapatilla urbana,Calzado,7,Real Plaza Arequipa,0,0,0,0,0
20260227,2026-02-27,2026,2,February,13,A40003,7,Zapatilla urbana,Calzado,7,Real Plaza Arequipa,0,0,0,0,0
20260228,2026-02-28,2026,2,February,13,A40003,7,Zapatilla urbana,Calzado,7,Real Plaza Arequipa,0,0,0,0,0
20260301,2026-03-01,2026,3,March,13,A40003,7,Zapatilla urbana,Calzado,7,Real Plaza Arequipa,0,0,0,0,0
20260302,2026-03-02,2026,3,March,13,A40003,7,Zapatilla urbana,Calzado,7,Real Plaza Arequipa,0,0,0,0,0
20260303,2026-03-03,2026,3,March,13,A40003,7,Zapatilla urbana,Calzado,7,Real Plaza Arequipa,0,0,0,0,0
20260304,2026-03-04,2026,3,March,13,A40003,7,Zapatilla urbana,Calzado,7,Real Plaza Arequipa,0,0,0,0,0
20260305,2026-03-05,2026,3,March,13,A40003,7,Zapatilla urbana,Calzado,7,Real Plaza Arequipa,0,0,0,0,0
20260306,2026-03-06,2026,3,March,13,A40003,7,Zapatilla urbana,Calzado,7,Real Plaza Arequipa,0,0,0,0,0
20260307,2026-03-07,2026,3,March,13,A40003,7,Zapatilla urbana,Calzado,7,Real Plaza Arequipa,0,0,0,0,0
20260308,2026-03-08,2026,3,March,13,A40003,7,Zapatilla urbana,Calzado,7,Real Plaza Arequipa,0,0,0,0,0
20260309,2026-03-09,2026,3,March,13,A40003,7,Zapatilla urbana,Calzado,7,Real Plaza Arequipa,0,0,0,0,0
20260310,2026-03-10,2026,3,March,13,A40003,7,Zapatilla urbana,Calzado,7,Real Plaza Arequipa,0,0,0,0,0
20260311,2026-03-11,2026,3,March,13,A40003,7,Zapatilla urbana,Calzado,7,Real Plaza Arequipa,0,0,0,0,0
20260312,2026-03-12,2026,3,March,13,A40003,7,Zapatilla urbana,Calzado,7,Real Plaza Arequipa,0,0,0,0,0
20260313,2026-03-13,2026,3,March,13,A40003,7,Zapatilla urbana,Calzado,7,Real Plaza Arequipa,0,0,0,0,0
20260314,2026-03-14,2026,3,March,13,A40003,7,Zapatilla urbana,Calzado,7,Real Plaza Arequipa,0,0,0,0,0
20260315,2026-03-15,2026,3,March,13,A40003,7,Zapatilla urbana,Calzado,7,Real Plaza Arequipa,0,0,0,0,0
20260316,2026-03-16,2026,3,March,13,A40003,7,Zapatilla urbana,Calzado,7,Real Plaza Arequipa,0,0,0,0,0
20260317,2026-03-17,2026,3,March,13,A40003,7,Zapatilla urbana,Calzado,7,Real Plaza Arequipa,0,0,0,0,0
20260318,2026-03-18,2026,3,March,13,A40003,7,Zapatilla urbana,Calzado,7,Real Plaza Arequipa,0,0,0,0,0
20260319,2026-03-19,2026,3,March,13,A40003,7,Zapatilla urbana,Calzado,7,Real Plaza Arequipa,0,0,0,0,0
20260320,2026-03-20,2026,3,March,13,A40003,7,Zapatilla urbana,Calzado,7,Real Plaza Arequipa,0,0,0,0,0
20260321,2026-03-21,2026,3,March,13,A40003,7,Zapatilla urbana,Calzado,7,Real Plaza Arequipa,0,0,0,0,0
20260322,2026-03-22,2026,3,March,13,A40003,7,Zapatilla urbana,Calzado,7,Real Plaza Arequipa,0,0,0,0,0
20260323,2026-03-23,2026,3,March,13,A40003,7,Zapatilla urbana,Calzado,7,Real Plaza Arequipa,0,0,0,0,0
20260324,2026-03-24,2026,3,March,13,A40003,7,Zapatilla urbana,Calzado,7,Real Plaza Arequipa,0,0,0,0,0
20260325,2026-03-25,2026,3,March,13,A40003,7,Zapatilla urbana,Calzado,7,Real Plaza Arequipa,0,0,0,0,0
20260326,2026-03-26,2026,3,March,13,A40003,7,Zapatilla urbana,Calzado,7,Real Plaza Arequipa,0,0,0,0,0
20260327,2026-03-27,2026,3,March,13,A40003,7,Zapatilla urbana,Calzado,7,Real Plaza Arequipa,0,0,0,0,0
20260328,2026-03-28,2026,3,March,13,A40003,7,Zapatilla urbana,Calzado,7,Real Plaza Arequipa,0,0,0,0,0
20260329,2026-03-29,2026,3,March,13,A40003,7,Zapatilla urbana,Calzado,7,Real Plaza Arequipa,0,0,0,0,0
20260330,2026-03-30,2026,3,March,13,A40003,7,Zapatilla urbana,Calzado,7,Real Plaza Arequipa,0,0,0,0,0
20260331,2026-03-31,2026,3,March,13,A40003,7,Zapatilla urbana,Calzado,7,Real Plaza Arequipa,0,0,0,0,0
20260101,2026-01-01,2026,1,January,13,A40003,7,Zapatilla urbana,Calzado,8,Mall Aventura Trujillo,0,0,0,0,0
20260102,2026-01-02,2026,1,Enero,13,A40003,7,Zapatilla urbana,Calzado,8,Mall Aventura Trujillo,0,0,0,0,0
20260103,2026-01-03,2026,1,Enero,13,A40003,7,Zapatilla urbana,Calzado,8,Mall Aventura Trujillo,0,0,0,0,0
20260104,2026-01-04,2026,1,Enero,13,A40003,7,Zapatilla urbana,Calzado,8,Mall Aventura Trujillo,0,0,0,0,0
20260105,2026-01-05,2026,1,January,13,A40003,7,Zapatilla urbana,Calzado,8,Mall Aventura Trujillo,0,0,0,0,0
20260106,2026-01-06,2026,1,January,13,A40003,7,Zapatilla urbana,Calzado,8,Mall Aventura Trujillo,0,0,0,0,0
20260107,2026-01-07,2026,1,January,13,A40003,7,Zapatilla urbana,Calzado,8,Mall Aventura Trujillo,0,0,0,0,0
20260108,2026-01-08,2026,1,January,13,A40003,7,Zapatilla urbana,Calzado,8,Mall Aventura Trujillo,0,0,0,0,0
20260109,2026-01-09,2026,1,January,13,A40003,7,Zapatilla urbana,Calzado,8,Mall Aventura Trujillo,0,0,0,0,0
20260110,2026-01-10,2026,1,January,13,A40003,7,Zapatilla urbana,Calzado,8,Mall Aventura Trujillo,0,0,0,0,0
20260111,2026-01-11,2026,1,January,13,A40003,7,Zapatilla urbana,Calzado,8,Mall Aventura Trujillo,0,0,0,0,0
20260112,2026-01-12,2026,1,January,13,A40003,7,Zapatilla urbana,Calzado,8,Mall Aventura Trujillo,0,0,0,0,0
20260113,2026-01-13,2026,1,January,13,A40003,7,Zapatilla urbana,Calzado,8,Mall Aventura Trujillo,0,0,0,0,0
20260114,2026-01-14,2026,1,January,13,A40003,7,Zapatilla urbana,Calzado,8,Mall Aventura Trujillo,0,0,0,0,0
20260115,2026-01-15,2026,1,January,13,A40003,7,Zapatilla urbana,Calzado,8,Mall Aventura Trujillo,0,0,0,0,0
20260116,2026-01-16,2026,1,January,13,A40003,7,Zapatilla urbana,Calzado,8,Mall Aventura Trujillo,0,0,0,0,0
20260117,2026-01-17,2026,1,January,13,A40003,7,Zapatilla urbana,Calzado,8,Mall Aventura Trujillo,0,0,0,0,0
20260118,2026-01-18,2026,1,January,13,A40003,7,Zapatilla urbana,Calzado,8,Mall Aventura Trujillo,0,0,0,0,0
20260119,2026-01-19,2026,1,January,13,A40003,7,Zapatilla urbana,Calzado,8,Mall Aventura Trujillo,0,0,0,0,0
20260120,2026-01-20,2026,1,January,13,A40003,7,Zapatilla urbana,Calzado,8,Mall Aventura Trujillo,0,0,0,0,0
20260121,2026-01-21,2026,1,January,13,A40003,7,Zapatilla urbana,Calzado,8,Mall Aventura Trujillo,0,0,0,0,0
20260122,2026-01-22,2026,1,January,13,A40003,7,Zapatilla urbana,Calzado,8,Mall Aventura Trujillo,0,0,0,0,0
20260123,2026-01-23,2026,1,January,13,A40003,7,Zapatilla urbana,Calzado,8,Mall Aventura Trujillo,0,0,0,0,0
20260124,2026-01-24,2026,1,January,13,A40003,7,Zapatilla urbana,Calzado,8,Mall Aventura Trujillo,0,0,0,0,0
20260125,2026-01-25,2026,1,January,13,A40003,7,Zapatilla urbana,Calzado,8,Mall Aventura Trujillo,0,0,0,0,0
20260126,2026-01-26,2026,1,January,13,A40003,7,Zapatilla urbana,Calzado,8,Mall Aventura Trujillo,0,0,0,0,0
20260127,2026-01-27,2026,1,January,13,A40003,7,Zapatilla urbana,Calzado,8,Mall Aventura Trujillo,0,0,0,0,0
20260128,2026-01-28,2026,1,January,13,A40003,7,Zapatilla urbana,Calzado,8,Mall Aventura Trujillo,0,0,0,0,0
20260129,2026-01-29,2026,1,January,13,A40003,7,Zapatilla urbana,Calzado,8,Mall Aventura Trujillo,0,0,0,0,0
20260130,2026-01-30,2026,1,January,13,A40003,7,Zapatilla urbana,Calzado,8,Mall Aventura Trujillo,0,0,0,0,0
20260131,2026-01-31,2026,1,January,13,A40003,7,Zapatilla urbana,Calzado,8,Mall Aventura Trujillo,0,0,0,0,0
20260201,2026-02-01,2026,2,February,13,A40003,7,Zapatilla urbana,Calzado,8,Mall Aventura Trujillo,0,0,0,0,0
20260202,2026-02-02,2026,2,February,13,A40003,7,Zapatilla urbana,Calzado,8,Mall Aventura Trujillo,0,0,0,0,0
20260203,2026-02-03,2026,2,February,13,A40003,7,Zapatilla urbana,Calzado,8,Mall Aventura Trujillo,0,0,0,0,0
20260204,2026-02-04,2026,2,February,13,A40003,7,Zapatilla urbana,Calzado,8,Mall Aventura Trujillo,0,0,0,0,0
20260205,2026-02-05,2026,2,February,13,A40003,7,Zapatilla urbana,Calzado,8,Mall Aventura Trujillo,0,0,0,0,0
20260206,2026-02-06,2026,2,February,13,A40003,7,Zapatilla urbana,Calzado,8,Mall Aventura Trujillo,0,0,0,0,0
20260207,2026-02-07,2026,2,February,13,A40003,7,Zapatilla urbana,Calzado,8,Mall Aventura Trujillo,0,0,0,0,0
20260208,2026-02-08,2026,2,February,13,A40003,7,Zapatilla urbana,Calzado,8,Mall Aventura Trujillo,0,0,0,0,0
20260209,2026-02-09,2026,2,February,13,A40003,7,Zapatilla urbana,Calzado,8,Mall Aventura Trujillo,0,0,0,0,0
20260210,2026-02-10,2026,2,February,13,A40003,7,Zapatilla urbana,Calzado,8,Mall Aventura Trujillo,0,0,0,0,0
20260211,2026-02-11,2026,2,February,13,A40003,7,Zapatilla urbana,Calzado,8,Mall Aventura Trujillo,0,0,0,0,0
20260212,2026-02-12,2026,2,February,13,A40003,7,Zapatilla urbana,Calzado,8,Mall Aventura Trujillo,0,0,0,0,0
20260213,2026-02-13,2026,2,February,13,A40003,7,Zapatilla urbana,Calzado,8,Mall Aventura Trujillo,0,0,0,0,0
20260214,2026-02-14,2026,2,February,13,A40003,7,Zapatilla urbana,Calzado,8,Mall Aventura Trujillo,0,0,0,0,0
20260215,2026-02-15,2026,2,February,13,A40003,7,Zapatilla urbana,Calzado,8,Mall Aventura Trujillo,0,0,0,0,0
20260216,2026-02-16,2026,2,February,13,A40003,7,Zapatilla urbana,Calzado,8,Mall Aventura Trujillo,0,0,0,0,0
20260217,2026-02-17,2026,2,February,13,A40003,7,Zapatilla urbana,Calzado,8,Mall Aventura Trujillo,0,0,0,0,0
20260218,2026-02-18,2026,2,February,13,A40003,7,Zapatilla urbana,Calzado,8,Mall Aventura Trujillo,0,0,0,0,0
20260219,2026-02-19,2026,2,February,13,A40003,7,Zapatilla urbana,Calzado,8,Mall Aventura Trujillo,0,0,0,0,0
20260220,2026-02-20,2026,2,February,13,A40003,7,Zapatilla urbana,Calzado,8,Mall Aventura Trujillo,0,0,0,0,0
20260221,2026-02-21,2026,2,February,13,A40003,7,Zapatilla urbana,Calzado,8,Mall Aventura Trujillo,0,0,0,0,0
20260222,2026-02-22,2026,2,February,13,A40003,7,Zapatilla urbana,Calzado,8,Mall Aventura Trujillo,0,0,0,0,0
20260223,2026-02-23,2026,2,February,13,A40003,7,Zapatilla urbana,Calzado,8,Mall Aventura Trujillo,0,0,0,0,0
20260224,2026-02-24,2026,2,February,13,A40003,7,Zapatilla urbana,Calzado,8,Mall Aventura Trujillo,0,0,0,0,0
20260225,2026-02-25,2026,2,February,13,A40003,7,Zapatilla urbana,Calzado,8,Mall Aventura Trujillo,0,0,0,0,0
20260226,2026-02-26,2026,2,February,13,A40003,7,Zapatilla urbana,Calzado,8,Mall Aventura Trujillo,0,0,0,0,0
20260227,2026-02-27,2026,2,February,13,A40003,7,Zapatilla urbana,Calzado,8,Mall Aventura Trujillo,0,0,0,0,0
20260228,2026-02-28,2026,2,February,13,A40003,7,Zapatilla urbana,Calzado,8,Mall Aventura Trujillo,0,0,0,0,0
20260301,2026-03-01,2026,3,March,13,A40003,7,Zapatilla urbana,Calzado,8,Mall Aventura Trujillo,0,0,0,0,0
20260302,2026-03-02,2026,3,March,13,A40003,7,Zapatilla urbana,Calzado,8,Mall Aventura Trujillo,0,0,0,0,0
20260303,2026-03-03,2026,3,March,13,A40003,7,Zapatilla urbana,Calzado,8,Mall Aventura Trujillo,0,0,0,0,0
20260304,2026-03-04,2026,3,March,13,A40003,7,Zapatilla urbana,Calzado,8,Mall Aventura Trujillo,0,0,0,0,0
20260305,2026-03-05,2026,3,March,13,A40003,7,Zapatilla urbana,Calzado,8,Mall Aventura Trujillo,0,0,0,0,0
20260306,2026-03-06,2026,3,March,13,A40003,7,Zapatilla urbana,Calzado,8,Mall Aventura Trujillo,0,0,0,0,0
20260307,2026-03-07,2026,3,March,13,A40003,7,Zapatilla urbana,Calzado,8,Mall Aventura Trujillo,0,0,0,0,0
20260308,2026-03-08,2026,3,March,13,A40003,7,Zapatilla urbana,Calzado,8,Mall Aventura Trujillo,0,0,0,0,0
20260309,2026-03-09,2026,3,March,13,A40003,7,Zapatilla urbana,Calzado,8,Mall Aventura Trujillo,0,0,0,0,0
20260310,2026-03-10,2026,3,March,13,A40003,7,Zapatilla urbana,Calzado,8,Mall Aventura Trujillo,0,0,0,0,0
20260311,2026-03-11,2026,3,March,13,A40003,7,Zapatilla urbana,Calzado,8,Mall Aventura Trujillo,0,0,0,0,0
20260312,2026-03-12,2026,3,March,13,A40003,7,Zapatilla urbana,Calzado,8,Mall Aventura Trujillo,0,0,0,0,0
20260313,2026-03-13,2026,3,March,13,A40003,7,Zapatilla urbana,Calzado,8,Mall Aventura Trujillo,0,0,0,0,0
20260314,2026-03-14,2026,3,March,13,A40003,7,Zapatilla urbana,Calzado,8,Mall Aventura Trujillo,0,0,0,0,0
20260315,2026-03-15,2026,3,March,13,A40003,7,Zapatilla urbana,Calzado,8,Mall Aventura Trujillo,0,0,0,0,0
20260316,2026-03-16,2026,3,March,13,A40003,7,Zapatilla urbana,Calzado,8,Mall Aventura Trujillo,0,0,0,0,0
20260317,2026-03-17,2026,3,March,13,A40003,7,Zapatilla urbana,Calzado,8,Mall Aventura Trujillo,0,0,0,0,0
20260318,2026-03-18,2026,3,March,13,A40003,7,Zapatilla urbana,Calzado,8,Mall Aventura Trujillo,0,0,0,0,0
20260319,2026-03-19,2026,3,March,13,A40003,7,Zapatilla urbana,Calzado,8,Mall Aventura Trujillo,0,0,0,0,0
20260320,2026-03-20,2026,3,March,13,A40003,7,Zapatilla urbana,Calzado,8,Mall Aventura Trujillo,0,0,0,0,0
20260321,2026-03-21,2026,3,March,13,A40003,7,Zapatilla urbana,Calzado,8,Mall Aventura Trujillo,0,0,0,0,0
20260322,2026-03-22,2026,3,March,13,A40003,7,Zapatilla urbana,Calzado,8,Mall Aventura Trujillo,0,0,0,0,0
20260323,2026-03-23,2026,3,March,13,A40003,7,Zapatilla urbana,Calzado,8,Mall Aventura Trujillo,0,0,0,0,0
20260324,2026-03-24,2026,3,March,13,A40003,7,Zapatilla urbana,Calzado,8,Mall Aventura Trujillo,0,0,0,0,0
20260325,2026-03-25,2026,3,March,13,A40003,7,Zapatilla urbana,Calzado,8,Mall Aventura Trujillo,0,0,0,0,0
20260326,2026-03-26,2026,3,March,13,A40003,7,Zapatilla urbana,Calzado,8,Mall Aventura Trujillo,0,0,0,0,0
20260327,2026-03-27,2026,3,March,13,A40003,7,Zapatilla urbana,Calzado,8,Mall Aventura Trujillo,0,0,0,0,0
20260328,2026-03-28,2026,3,March,13,A40003,7,Zapatilla urbana,Calzado,8,Mall Aventura Trujillo,0,0,0,0,0
20260329,2026-03-29,2026,3,March,13,A40003,7,Zapatilla urbana,Calzado,8,Mall Aventura Trujillo,0,0,0,0,0
20260330,2026-03-30,2026,3,March,13,A40003,7,Zapatilla urbana,Calzado,8,Mall Aventura Trujillo,0,0,0,0,0
20260331,2026-03-31,2026,3,March,13,A40003,7,Zapatilla urbana,Calzado,8,Mall Aventura Trujillo,0,0,0,0,0
20260101,2026-01-01,2026,1,January,14,A50001,8,Mochila urbana,Accesorios,5,Web Nacional,0,0,0,0,0
20260102,2026-01-02,2026,1,Enero,14,A50001,8,Mochila urbana,Accesorios,5,Web Nacional,0,0,0,0,0
20260103,2026-01-03,2026,1,Enero,14,A50001,8,Mochila urbana,Accesorios,5,Web Nacional,0,0,0,0,0
20260104,2026-01-04,2026,1,Enero,14,A50001,8,Mochila urbana,Accesorios,5,Web Nacional,0,0,0,0,0
20260105,2026-01-05,2026,1,January,14,A50001,8,Mochila urbana,Accesorios,5,Web Nacional,0,0,0,0,0
20260106,2026-01-06,2026,1,January,14,A50001,8,Mochila urbana,Accesorios,5,Web Nacional,0,0,0,0,0
20260107,2026-01-07,2026,1,January,14,A50001,8,Mochila urbana,Accesorios,5,Web Nacional,0,0,0,0,0
20260108,2026-01-08,2026,1,January,14,A50001,8,Mochila urbana,Accesorios,5,Web Nacional,0,0,0,0,0
20260109,2026-01-09,2026,1,January,14,A50001,8,Mochila urbana,Accesorios,5,Web Nacional,0,0,0,0,0
20260110,2026-01-10,2026,1,January,14,A50001,8,Mochila urbana,Accesorios,5,Web Nacional,0,0,0,0,0
20260111,2026-01-11,2026,1,January,14,A50001,8,Mochila urbana,Accesorios,5,Web Nacional,0,0,0,0,0
20260112,2026-01-12,2026,1,January,14,A50001,8,Mochila urbana,Accesorios,5,Web Nacional,0,0,0,0,0
20260113,2026-01-13,2026,1,January,14,A50001,8,Mochila urbana,Accesorios,5,Web Nacional,0,0,0,0,0
20260114,2026-01-14,2026,1,January,14,A50001,8,Mochila urbana,Accesorios,5,Web Nacional,0,0,0,0,0
20260115,2026-01-15,2026,1,January,14,A50001,8,Mochila urbana,Accesorios,5,Web Nacional,0,0,0,0,0
20260116,2026-01-16,2026,1,January,14,A50001,8,Mochila urbana,Accesorios,5,Web Nacional,0,0,0,0,0
20260117,2026-01-17,2026,1,January,14,A50001,8,Mochila urbana,Accesorios,5,Web Nacional,0,0,0,0,0
20260118,2026-01-18,2026,1,January,14,A50001,8,Mochila urbana,Accesorios,5,Web Nacional,0,0,0,0,0
20260119,2026-01-19,2026,1,January,14,A50001,8,Mochila urbana,Accesorios,5,Web Nacional,0,0,0,0,0
20260120,2026-01-20,2026,1,January,14,A50001,8,Mochila urbana,Accesorios,5,Web Nacional,0,0,0,0,0
20260121,2026-01-21,2026,1,January,14,A50001,8,Mochila urbana,Accesorios,5,Web Nacional,0,0,0,0,0
20260122,2026-01-22,2026,1,January,14,A50001,8,Mochila urbana,Accesorios,5,Web Nacional,0,0,0,0,0
20260123,2026-01-23,2026,1,January,14,A50001,8,Mochila urbana,Accesorios,5,Web Nacional,0,0,0,0,0
20260124,2026-01-24,2026,1,January,14,A50001,8,Mochila urbana,Accesorios,5,Web Nacional,0,0,0,0,0
20260125,2026-01-25,2026,1,January,14,A50001,8,Mochila urbana,Accesorios,5,Web Nacional,0,0,0,0,0
20260126,2026-01-26,2026,1,January,14,A50001,8,Mochila urbana,Accesorios,5,Web Nacional,0,0,0,0,0
20260127,2026-01-27,2026,1,January,14,A50001,8,Mochila urbana,Accesorios,5,Web Nacional,0,0,0,0,0
20260128,2026-01-28,2026,1,January,14,A50001,8,Mochila urbana,Accesorios,5,Web Nacional,0,0,0,0,0
20260129,2026-01-29,2026,1,January,14,A50001,8,Mochila urbana,Accesorios,5,Web Nacional,0,0,0,0,0
20260130,2026-01-30,2026,1,January,14,A50001,8,Mochila urbana,Accesorios,5,Web Nacional,0,0,0,0,0
20260131,2026-01-31,2026,1,January,14,A50001,8,Mochila urbana,Accesorios,5,Web Nacional,0,0,0,0,0
20260201,2026-02-01,2026,2,February,14,A50001,8,Mochila urbana,Accesorios,5,Web Nacional,0,0,0,0,0
20260202,2026-02-02,2026,2,February,14,A50001,8,Mochila urbana,Accesorios,5,Web Nacional,0,0,0,0,0
20260203,2026-02-03,2026,2,February,14,A50001,8,Mochila urbana,Accesorios,5,Web Nacional,0,0,0,0,0
20260204,2026-02-04,2026,2,February,14,A50001,8,Mochila urbana,Accesorios,5,Web Nacional,0,0,0,0,0
20260205,2026-02-05,2026,2,February,14,A50001,8,Mochila urbana,Accesorios,5,Web Nacional,0,0,0,0,0
20260206,2026-02-06,2026,2,February,14,A50001,8,Mochila urbana,Accesorios,5,Web Nacional,0,0,0,0,0
20260207,2026-02-07,2026,2,February,14,A50001,8,Mochila urbana,Accesorios,5,Web Nacional,0,0,0,0,0
20260208,2026-02-08,2026,2,February,14,A50001,8,Mochila urbana,Accesorios,5,Web Nacional,0,0,0,0,0
20260209,2026-02-09,2026,2,February,14,A50001,8,Mochila urbana,Accesorios,5,Web Nacional,0,0,0,0,0
20260210,2026-02-10,2026,2,February,14,A50001,8,Mochila urbana,Accesorios,5,Web Nacional,0,0,0,0,0
20260211,2026-02-11,2026,2,February,14,A50001,8,Mochila urbana,Accesorios,5,Web Nacional,0,0,0,0,0
20260212,2026-02-12,2026,2,February,14,A50001,8,Mochila urbana,Accesorios,5,Web Nacional,0,0,0,0,0
20260213,2026-02-13,2026,2,February,14,A50001,8,Mochila urbana,Accesorios,5,Web Nacional,0,0,0,0,0
20260214,2026-02-14,2026,2,February,14,A50001,8,Mochila urbana,Accesorios,5,Web Nacional,0,0,0,0,0
20260215,2026-02-15,2026,2,February,14,A50001,8,Mochila urbana,Accesorios,5,Web Nacional,0,0,0,0,0
20260216,2026-02-16,2026,2,February,14,A50001,8,Mochila urbana,Accesorios,5,Web Nacional,0,0,0,0,0
20260217,2026-02-17,2026,2,February,14,A50001,8,Mochila urbana,Accesorios,5,Web Nacional,0,0,0,0,0
20260218,2026-02-18,2026,2,February,14,A50001,8,Mochila urbana,Accesorios,5,Web Nacional,0,0,0,0,0
20260219,2026-02-19,2026,2,February,14,A50001,8,Mochila urbana,Accesorios,5,Web Nacional,0,0,0,0,0
20260220,2026-02-20,2026,2,February,14,A50001,8,Mochila urbana,Accesorios,5,Web Nacional,0,0,0,0,0
20260221,2026-02-21,2026,2,February,14,A50001,8,Mochila urbana,Accesorios,5,Web Nacional,0,0,0,0,0
20260222,2026-02-22,2026,2,February,14,A50001,8,Mochila urbana,Accesorios,5,Web Nacional,0,0,0,0,0
20260223,2026-02-23,2026,2,February,14,A50001,8,Mochila urbana,Accesorios,5,Web Nacional,0,0,0,0,0
20260224,2026-02-24,2026,2,February,14,A50001,8,Mochila urbana,Accesorios,5,Web Nacional,0,0,0,0,0
20260225,2026-02-25,2026,2,February,14,A50001,8,Mochila urbana,Accesorios,5,Web Nacional,0,0,0,0,0
20260226,2026-02-26,2026,2,February,14,A50001,8,Mochila urbana,Accesorios,5,Web Nacional,0,0,0,0,0
20260227,2026-02-27,2026,2,February,14,A50001,8,Mochila urbana,Accesorios,5,Web Nacional,0,0,0,0,0
20260228,2026-02-28,2026,2,February,14,A50001,8,Mochila urbana,Accesorios,5,Web Nacional,0,0,0,0,0
20260301,2026-03-01,2026,3,March,14,A50001,8,Mochila urbana,Accesorios,5,Web Nacional,0,0,0,0,0
20260302,2026-03-02,2026,3,March,14,A50001,8,Mochila urbana,Accesorios,5,Web Nacional,0,0,0,0,0
20260303,2026-03-03,2026,3,March,14,A50001,8,Mochila urbana,Accesorios,5,Web Nacional,0,0,0,0,0
20260304,2026-03-04,2026,3,March,14,A50001,8,Mochila urbana,Accesorios,5,Web Nacional,0,0,0,0,0
20260305,2026-03-05,2026,3,March,14,A50001,8,Mochila urbana,Accesorios,5,Web Nacional,0,0,0,0,0
20260306,2026-03-06,2026,3,March,14,A50001,8,Mochila urbana,Accesorios,5,Web Nacional,0,0,0,0,0
20260307,2026-03-07,2026,3,March,14,A50001,8,Mochila urbana,Accesorios,5,Web Nacional,0,0,0,0,0
20260308,2026-03-08,2026,3,March,14,A50001,8,Mochila urbana,Accesorios,5,Web Nacional,0,0,0,0,0
20260309,2026-03-09,2026,3,March,14,A50001,8,Mochila urbana,Accesorios,5,Web Nacional,0,0,0,0,0
20260310,2026-03-10,2026,3,March,14,A50001,8,Mochila urbana,Accesorios,5,Web Nacional,0,0,0,0,0
20260311,2026-03-11,2026,3,March,14,A50001,8,Mochila urbana,Accesorios,5,Web Nacional,0,0,0,0,0
20260312,2026-03-12,2026,3,March,14,A50001,8,Mochila urbana,Accesorios,5,Web Nacional,0,0,0,0,0
20260313,2026-03-13,2026,3,March,14,A50001,8,Mochila urbana,Accesorios,5,Web Nacional,0,0,0,0,0
20260314,2026-03-14,2026,3,March,14,A50001,8,Mochila urbana,Accesorios,5,Web Nacional,0,0,0,0,0
20260315,2026-03-15,2026,3,March,14,A50001,8,Mochila urbana,Accesorios,5,Web Nacional,0,0,0,0,0
20260316,2026-03-16,2026,3,March,14,A50001,8,Mochila urbana,Accesorios,5,Web Nacional,0,0,0,0,0
20260317,2026-03-17,2026,3,March,14,A50001,8,Mochila urbana,Accesorios,5,Web Nacional,0,0,0,0,0
20260318,2026-03-18,2026,3,March,14,A50001,8,Mochila urbana,Accesorios,5,Web Nacional,0,0,0,0,0
20260319,2026-03-19,2026,3,March,14,A50001,8,Mochila urbana,Accesorios,5,Web Nacional,0,0,0,0,0
20260320,2026-03-20,2026,3,March,14,A50001,8,Mochila urbana,Accesorios,5,Web Nacional,0,0,0,0,0
20260321,2026-03-21,2026,3,March,14,A50001,8,Mochila urbana,Accesorios,5,Web Nacional,0,0,0,0,0
20260322,2026-03-22,2026,3,March,14,A50001,8,Mochila urbana,Accesorios,5,Web Nacional,0,0,0,0,0
20260323,2026-03-23,2026,3,March,14,A50001,8,Mochila urbana,Accesorios,5,Web Nacional,0,0,0,0,0
20260324,2026-03-24,2026,3,March,14,A50001,8,Mochila urbana,Accesorios,5,Web Nacional,0,0,0,0,0
20260325,2026-03-25,2026,3,March,14,A50001,8,Mochila urbana,Accesorios,5,Web Nacional,0,0,0,0,0
20260326,2026-03-26,2026,3,March,14,A50001,8,Mochila urbana,Accesorios,5,Web Nacional,0,0,0,0,0
20260327,2026-03-27,2026,3,March,14,A50001,8,Mochila urbana,Accesorios,5,Web Nacional,0,0,0,0,0
20260328,2026-03-28,2026,3,March,14,A50001,8,Mochila urbana,Accesorios,5,Web Nacional,0,0,0,0,0
20260329,2026-03-29,2026,3,March,14,A50001,8,Mochila urbana,Accesorios,5,Web Nacional,0,0,0,0,0
20260330,2026-03-30,2026,3,March,14,A50001,8,Mochila urbana,Accesorios,5,Web Nacional,0,0,0,0,0
20260331,2026-03-31,2026,3,March,14,A50001,8,Mochila urbana,Accesorios,5,Web Nacional,0,0,0,0,0
20260101,2026-01-01,2026,1,January,14,A50001,8,Mochila urbana,Accesorios,6,Jockey Plaza,0,0,0,0,0
20260102,2026-01-02,2026,1,Enero,14,A50001,8,Mochila urbana,Accesorios,6,Jockey Plaza,0,0,0,0,0
20260103,2026-01-03,2026,1,Enero,14,A50001,8,Mochila urbana,Accesorios,6,Jockey Plaza,0,0,0,0,0
20260104,2026-01-04,2026,1,Enero,14,A50001,8,Mochila urbana,Accesorios,6,Jockey Plaza,0,0,0,0,0
20260105,2026-01-05,2026,1,January,14,A50001,8,Mochila urbana,Accesorios,6,Jockey Plaza,0,0,0,0,0
20260106,2026-01-06,2026,1,January,14,A50001,8,Mochila urbana,Accesorios,6,Jockey Plaza,0,0,0,0,0
20260107,2026-01-07,2026,1,January,14,A50001,8,Mochila urbana,Accesorios,6,Jockey Plaza,0,0,0,0,0
20260108,2026-01-08,2026,1,January,14,A50001,8,Mochila urbana,Accesorios,6,Jockey Plaza,0,0,0,0,0
20260109,2026-01-09,2026,1,January,14,A50001,8,Mochila urbana,Accesorios,6,Jockey Plaza,0,0,0,0,0
20260110,2026-01-10,2026,1,January,14,A50001,8,Mochila urbana,Accesorios,6,Jockey Plaza,0,0,0,0,0
20260111,2026-01-11,2026,1,January,14,A50001,8,Mochila urbana,Accesorios,6,Jockey Plaza,0,0,0,0,0
20260112,2026-01-12,2026,1,January,14,A50001,8,Mochila urbana,Accesorios,6,Jockey Plaza,0,0,0,0,0
20260113,2026-01-13,2026,1,January,14,A50001,8,Mochila urbana,Accesorios,6,Jockey Plaza,0,0,0,0,0
20260114,2026-01-14,2026,1,January,14,A50001,8,Mochila urbana,Accesorios,6,Jockey Plaza,0,0,0,0,0
20260115,2026-01-15,2026,1,January,14,A50001,8,Mochila urbana,Accesorios,6,Jockey Plaza,0,0,0,0,0
20260116,2026-01-16,2026,1,January,14,A50001,8,Mochila urbana,Accesorios,6,Jockey Plaza,0,0,0,0,0
20260117,2026-01-17,2026,1,January,14,A50001,8,Mochila urbana,Accesorios,6,Jockey Plaza,0,0,0,0,0
20260118,2026-01-18,2026,1,January,14,A50001,8,Mochila urbana,Accesorios,6,Jockey Plaza,0,0,0,0,0
20260119,2026-01-19,2026,1,January,14,A50001,8,Mochila urbana,Accesorios,6,Jockey Plaza,0,0,0,0,0
20260120,2026-01-20,2026,1,January,14,A50001,8,Mochila urbana,Accesorios,6,Jockey Plaza,0,0,0,0,0
20260121,2026-01-21,2026,1,January,14,A50001,8,Mochila urbana,Accesorios,6,Jockey Plaza,0,0,0,0,0
20260122,2026-01-22,2026,1,January,14,A50001,8,Mochila urbana,Accesorios,6,Jockey Plaza,0,0,0,0,0
20260123,2026-01-23,2026,1,January,14,A50001,8,Mochila urbana,Accesorios,6,Jockey Plaza,0,0,0,0,0
20260124,2026-01-24,2026,1,January,14,A50001,8,Mochila urbana,Accesorios,6,Jockey Plaza,0,0,0,0,0
20260125,2026-01-25,2026,1,January,14,A50001,8,Mochila urbana,Accesorios,6,Jockey Plaza,0,0,0,0,0
20260126,2026-01-26,2026,1,January,14,A50001,8,Mochila urbana,Accesorios,6,Jockey Plaza,0,0,0,0,0
20260127,2026-01-27,2026,1,January,14,A50001,8,Mochila urbana,Accesorios,6,Jockey Plaza,0,0,0,0,0
20260128,2026-01-28,2026,1,January,14,A50001,8,Mochila urbana,Accesorios,6,Jockey Plaza,0,0,0,0,0
20260129,2026-01-29,2026,1,January,14,A50001,8,Mochila urbana,Accesorios,6,Jockey Plaza,0,0,0,0,0
20260130,2026-01-30,2026,1,January,14,A50001,8,Mochila urbana,Accesorios,6,Jockey Plaza,0,0,0,0,0
20260131,2026-01-31,2026,1,January,14,A50001,8,Mochila urbana,Accesorios,6,Jockey Plaza,0,0,0,0,0
20260201,2026-02-01,2026,2,February,14,A50001,8,Mochila urbana,Accesorios,6,Jockey Plaza,0,0,0,0,0
20260202,2026-02-02,2026,2,February,14,A50001,8,Mochila urbana,Accesorios,6,Jockey Plaza,0,0,0,0,0
20260203,2026-02-03,2026,2,February,14,A50001,8,Mochila urbana,Accesorios,6,Jockey Plaza,0,0,0,0,0
20260204,2026-02-04,2026,2,February,14,A50001,8,Mochila urbana,Accesorios,6,Jockey Plaza,0,0,0,0,0
20260205,2026-02-05,2026,2,February,14,A50001,8,Mochila urbana,Accesorios,6,Jockey Plaza,0,0,0,0,0
20260206,2026-02-06,2026,2,February,14,A50001,8,Mochila urbana,Accesorios,6,Jockey Plaza,0,0,0,0,0
20260207,2026-02-07,2026,2,February,14,A50001,8,Mochila urbana,Accesorios,6,Jockey Plaza,0,0,0,0,0
20260208,2026-02-08,2026,2,February,14,A50001,8,Mochila urbana,Accesorios,6,Jockey Plaza,0,0,0,0,0
20260209,2026-02-09,2026,2,February,14,A50001,8,Mochila urbana,Accesorios,6,Jockey Plaza,0,0,0,0,0
20260210,2026-02-10,2026,2,February,14,A50001,8,Mochila urbana,Accesorios,6,Jockey Plaza,0,0,0,0,0
20260211,2026-02-11,2026,2,February,14,A50001,8,Mochila urbana,Accesorios,6,Jockey Plaza,0,0,0,0,0
20260212,2026-02-12,2026,2,February,14,A50001,8,Mochila urbana,Accesorios,6,Jockey Plaza,0,0,0,0,0
20260213,2026-02-13,2026,2,February,14,A50001,8,Mochila urbana,Accesorios,6,Jockey Plaza,0,0,0,0,0
20260214,2026-02-14,2026,2,February,14,A50001,8,Mochila urbana,Accesorios,6,Jockey Plaza,0,0,0,0,0
20260215,2026-02-15,2026,2,February,14,A50001,8,Mochila urbana,Accesorios,6,Jockey Plaza,0,0,0,0,0
20260216,2026-02-16,2026,2,February,14,A50001,8,Mochila urbana,Accesorios,6,Jockey Plaza,0,0,0,0,0
20260217,2026-02-17,2026,2,February,14,A50001,8,Mochila urbana,Accesorios,6,Jockey Plaza,0,0,0,0,0
20260218,2026-02-18,2026,2,February,14,A50001,8,Mochila urbana,Accesorios,6,Jockey Plaza,0,0,0,0,0
20260219,2026-02-19,2026,2,February,14,A50001,8,Mochila urbana,Accesorios,6,Jockey Plaza,0,0,0,0,0
20260220,2026-02-20,2026,2,February,14,A50001,8,Mochila urbana,Accesorios,6,Jockey Plaza,0,0,0,0,0
20260221,2026-02-21,2026,2,February,14,A50001,8,Mochila urbana,Accesorios,6,Jockey Plaza,0,0,0,0,0
20260222,2026-02-22,2026,2,February,14,A50001,8,Mochila urbana,Accesorios,6,Jockey Plaza,0,0,0,0,0
20260223,2026-02-23,2026,2,February,14,A50001,8,Mochila urbana,Accesorios,6,Jockey Plaza,0,0,0,0,0
20260224,2026-02-24,2026,2,February,14,A50001,8,Mochila urbana,Accesorios,6,Jockey Plaza,0,0,0,0,0
20260225,2026-02-25,2026,2,February,14,A50001,8,Mochila urbana,Accesorios,6,Jockey Plaza,0,0,0,0,0
20260226,2026-02-26,2026,2,February,14,A50001,8,Mochila urbana,Accesorios,6,Jockey Plaza,0,0,0,0,0
20260227,2026-02-27,2026,2,February,14,A50001,8,Mochila urbana,Accesorios,6,Jockey Plaza,0,0,0,0,0
20260228,2026-02-28,2026,2,February,14,A50001,8,Mochila urbana,Accesorios,6,Jockey Plaza,0,0,0,0,0
20260301,2026-03-01,2026,3,March,14,A50001,8,Mochila urbana,Accesorios,6,Jockey Plaza,0,0,0,0,0
20260302,2026-03-02,2026,3,March,14,A50001,8,Mochila urbana,Accesorios,6,Jockey Plaza,0,0,0,0,0
20260303,2026-03-03,2026,3,March,14,A50001,8,Mochila urbana,Accesorios,6,Jockey Plaza,0,0,0,0,0
20260304,2026-03-04,2026,3,March,14,A50001,8,Mochila urbana,Accesorios,6,Jockey Plaza,0,0,0,0,0
20260305,2026-03-05,2026,3,March,14,A50001,8,Mochila urbana,Accesorios,6,Jockey Plaza,0,0,0,0,0
20260306,2026-03-06,2026,3,March,14,A50001,8,Mochila urbana,Accesorios,6,Jockey Plaza,0,0,0,0,0
20260307,2026-03-07,2026,3,March,14,A50001,8,Mochila urbana,Accesorios,6,Jockey Plaza,0,0,0,0,0
20260308,2026-03-08,2026,3,March,14,A50001,8,Mochila urbana,Accesorios,6,Jockey Plaza,0,0,0,0,0
20260309,2026-03-09,2026,3,March,14,A50001,8,Mochila urbana,Accesorios,6,Jockey Plaza,0,0,0,0,0
20260310,2026-03-10,2026,3,March,14,A50001,8,Mochila urbana,Accesorios,6,Jockey Plaza,0,0,0,0,0
20260311,2026-03-11,2026,3,March,14,A50001,8,Mochila urbana,Accesorios,6,Jockey Plaza,0,0,0,0,0
20260312,2026-03-12,2026,3,March,14,A50001,8,Mochila urbana,Accesorios,6,Jockey Plaza,0,0,0,0,0
20260313,2026-03-13,2026,3,March,14,A50001,8,Mochila urbana,Accesorios,6,Jockey Plaza,0,0,0,0,0
20260314,2026-03-14,2026,3,March,14,A50001,8,Mochila urbana,Accesorios,6,Jockey Plaza,0,0,0,0,0
20260315,2026-03-15,2026,3,March,14,A50001,8,Mochila urbana,Accesorios,6,Jockey Plaza,0,0,0,0,0
20260316,2026-03-16,2026,3,March,14,A50001,8,Mochila urbana,Accesorios,6,Jockey Plaza,0,0,0,0,0
20260317,2026-03-17,2026,3,March,14,A50001,8,Mochila urbana,Accesorios,6,Jockey Plaza,0,0,0,0,0
20260318,2026-03-18,2026,3,March,14,A50001,8,Mochila urbana,Accesorios,6,Jockey Plaza,0,0,0,0,0
20260319,2026-03-19,2026,3,March,14,A50001,8,Mochila urbana,Accesorios,6,Jockey Plaza,0,0,0,0,0
20260320,2026-03-20,2026,3,March,14,A50001,8,Mochila urbana,Accesorios,6,Jockey Plaza,0,0,0,0,0
20260321,2026-03-21,2026,3,March,14,A50001,8,Mochila urbana,Accesorios,6,Jockey Plaza,0,0,0,0,0
20260322,2026-03-22,2026,3,March,14,A50001,8,Mochila urbana,Accesorios,6,Jockey Plaza,0,0,0,0,0
20260323,2026-03-23,2026,3,March,14,A50001,8,Mochila urbana,Accesorios,6,Jockey Plaza,0,0,0,0,0
20260324,2026-03-24,2026,3,March,14,A50001,8,Mochila urbana,Accesorios,6,Jockey Plaza,0,0,0,0,0
20260325,2026-03-25,2026,3,March,14,A50001,8,Mochila urbana,Accesorios,6,Jockey Plaza,0,0,0,0,0
20260326,2026-03-26,2026,3,March,14,A50001,8,Mochila urbana,Accesorios,6,Jockey Plaza,0,0,0,0,0
20260327,2026-03-27,2026,3,March,14,A50001,8,Mochila urbana,Accesorios,6,Jockey Plaza,0,0,0,0,0
20260328,2026-03-28,2026,3,March,14,A50001,8,Mochila urbana,Accesorios,6,Jockey Plaza,0,0,0,0,0
20260329,2026-03-29,2026,3,March,14,A50001,8,Mochila urbana,Accesorios,6,Jockey Plaza,0,0,0,0,0
20260330,2026-03-30,2026,3,March,14,A50001,8,Mochila urbana,Accesorios,6,Jockey Plaza,0,0,0,0,0
20260331,2026-03-31,2026,3,March,14,A50001,8,Mochila urbana,Accesorios,6,Jockey Plaza,0,0,0,0,0
20260101,2026-01-01,2026,1,January,14,A50001,8,Mochila urbana,Accesorios,7,Real Plaza Arequipa,8,0,8,0,8
20260102,2026-01-02,2026,1,Enero,14,A50001,8,Mochila urbana,Accesorios,7,Real Plaza Arequipa,0,0,8,0,8
20260103,2026-01-03,2026,1,Enero,14,A50001,8,Mochila urbana,Accesorios,7,Real Plaza Arequipa,0,0,8,0,8
20260104,2026-01-04,2026,1,Enero,14,A50001,8,Mochila urbana,Accesorios,7,Real Plaza Arequipa,0,0,8,0,8
20260105,2026-01-05,2026,1,January,14,A50001,8,Mochila urbana,Accesorios,7,Real Plaza Arequipa,0,0,8,0,8
20260106,2026-01-06,2026,1,January,14,A50001,8,Mochila urbana,Accesorios,7,Real Plaza Arequipa,0,0,8,0,8
20260107,2026-01-07,2026,1,January,14,A50001,8,Mochila urbana,Accesorios,7,Real Plaza Arequipa,0,0,8,0,8
20260108,2026-01-08,2026,1,January,14,A50001,8,Mochila urbana,Accesorios,7,Real Plaza Arequipa,0,0,8,0,8
20260109,2026-01-09,2026,1,January,14,A50001,8,Mochila urbana,Accesorios,7,Real Plaza Arequipa,0,0,8,0,8
20260110,2026-01-10,2026,1,January,14,A50001,8,Mochila urbana,Accesorios,7,Real Plaza Arequipa,0,0,8,0,8
20260111,2026-01-11,2026,1,January,14,A50001,8,Mochila urbana,Accesorios,7,Real Plaza Arequipa,0,0,8,0,8
20260112,2026-01-12,2026,1,January,14,A50001,8,Mochila urbana,Accesorios,7,Real Plaza Arequipa,0,0,8,0,8
20260113,2026-01-13,2026,1,January,14,A50001,8,Mochila urbana,Accesorios,7,Real Plaza Arequipa,0,0,8,0,8
20260114,2026-01-14,2026,1,January,14,A50001,8,Mochila urbana,Accesorios,7,Real Plaza Arequipa,0,0,8,0,8
20260115,2026-01-15,2026,1,January,14,A50001,8,Mochila urbana,Accesorios,7,Real Plaza Arequipa,0,0,8,0,8
20260116,2026-01-16,2026,1,January,14,A50001,8,Mochila urbana,Accesorios,7,Real Plaza Arequipa,0,0,8,0,8
20260117,2026-01-17,2026,1,January,14,A50001,8,Mochila urbana,Accesorios,7,Real Plaza Arequipa,0,0,8,0,8
20260118,2026-01-18,2026,1,January,14,A50001,8,Mochila urbana,Accesorios,7,Real Plaza Arequipa,0,0,8,0,8
20260119,2026-01-19,2026,1,January,14,A50001,8,Mochila urbana,Accesorios,7,Real Plaza Arequipa,0,0,8,0,8
20260120,2026-01-20,2026,1,January,14,A50001,8,Mochila urbana,Accesorios,7,Real Plaza Arequipa,0,0,8,0,8
20260121,2026-01-21,2026,1,January,14,A50001,8,Mochila urbana,Accesorios,7,Real Plaza Arequipa,0,0,8,0,8
20260122,2026-01-22,2026,1,January,14,A50001,8,Mochila urbana,Accesorios,7,Real Plaza Arequipa,0,0,8,0,8
20260123,2026-01-23,2026,1,January,14,A50001,8,Mochila urbana,Accesorios,7,Real Plaza Arequipa,0,0,8,0,8
20260124,2026-01-24,2026,1,January,14,A50001,8,Mochila urbana,Accesorios,7,Real Plaza Arequipa,0,0,8,0,8
20260125,2026-01-25,2026,1,January,14,A50001,8,Mochila urbana,Accesorios,7,Real Plaza Arequipa,0,0,8,0,8
20260126,2026-01-26,2026,1,January,14,A50001,8,Mochila urbana,Accesorios,7,Real Plaza Arequipa,-2,0,6,0,6
20260127,2026-01-27,2026,1,January,14,A50001,8,Mochila urbana,Accesorios,7,Real Plaza Arequipa,0,0,6,0,6
20260128,2026-01-28,2026,1,January,14,A50001,8,Mochila urbana,Accesorios,7,Real Plaza Arequipa,0,0,6,0,6
20260129,2026-01-29,2026,1,January,14,A50001,8,Mochila urbana,Accesorios,7,Real Plaza Arequipa,0,0,6,0,6
20260130,2026-01-30,2026,1,January,14,A50001,8,Mochila urbana,Accesorios,7,Real Plaza Arequipa,0,0,6,0,6
20260131,2026-01-31,2026,1,January,14,A50001,8,Mochila urbana,Accesorios,7,Real Plaza Arequipa,0,0,6,0,6
20260201,2026-02-01,2026,2,February,14,A50001,8,Mochila urbana,Accesorios,7,Real Plaza Arequipa,0,0,6,0,6
20260202,2026-02-02,2026,2,February,14,A50001,8,Mochila urbana,Accesorios,7,Real Plaza Arequipa,0,0,6,0,6
20260203,2026-02-03,2026,2,February,14,A50001,8,Mochila urbana,Accesorios,7,Real Plaza Arequipa,0,0,6,0,6
20260204,2026-02-04,2026,2,February,14,A50001,8,Mochila urbana,Accesorios,7,Real Plaza Arequipa,0,1,6,1,5
20260205,2026-02-05,2026,2,February,14,A50001,8,Mochila urbana,Accesorios,7,Real Plaza Arequipa,0,-1,6,0,6
20260206,2026-02-06,2026,2,February,14,A50001,8,Mochila urbana,Accesorios,7,Real Plaza Arequipa,0,0,6,0,6
20260207,2026-02-07,2026,2,February,14,A50001,8,Mochila urbana,Accesorios,7,Real Plaza Arequipa,0,0,6,0,6
20260208,2026-02-08,2026,2,February,14,A50001,8,Mochila urbana,Accesorios,7,Real Plaza Arequipa,0,0,6,0,6
20260209,2026-02-09,2026,2,February,14,A50001,8,Mochila urbana,Accesorios,7,Real Plaza Arequipa,0,0,6,0,6
20260210,2026-02-10,2026,2,February,14,A50001,8,Mochila urbana,Accesorios,7,Real Plaza Arequipa,0,0,6,0,6
20260211,2026-02-11,2026,2,February,14,A50001,8,Mochila urbana,Accesorios,7,Real Plaza Arequipa,0,0,6,0,6
20260212,2026-02-12,2026,2,February,14,A50001,8,Mochila urbana,Accesorios,7,Real Plaza Arequipa,0,0,6,0,6
20260213,2026-02-13,2026,2,February,14,A50001,8,Mochila urbana,Accesorios,7,Real Plaza Arequipa,-1,0,5,0,5
20260214,2026-02-14,2026,2,February,14,A50001,8,Mochila urbana,Accesorios,7,Real Plaza Arequipa,0,0,5,0,5
20260215,2026-02-15,2026,2,February,14,A50001,8,Mochila urbana,Accesorios,7,Real Plaza Arequipa,0,0,5,0,5
20260216,2026-02-16,2026,2,February,14,A50001,8,Mochila urbana,Accesorios,7,Real Plaza Arequipa,0,0,5,0,5
20260217,2026-02-17,2026,2,February,14,A50001,8,Mochila urbana,Accesorios,7,Real Plaza Arequipa,0,0,5,0,5
20260218,2026-02-18,2026,2,February,14,A50001,8,Mochila urbana,Accesorios,7,Real Plaza Arequipa,0,0,5,0,5
20260219,2026-02-19,2026,2,February,14,A50001,8,Mochila urbana,Accesorios,7,Real Plaza Arequipa,0,0,5,0,5
20260220,2026-02-20,2026,2,February,14,A50001,8,Mochila urbana,Accesorios,7,Real Plaza Arequipa,0,0,5,0,5
20260221,2026-02-21,2026,2,February,14,A50001,8,Mochila urbana,Accesorios,7,Real Plaza Arequipa,0,0,5,0,5
20260222,2026-02-22,2026,2,February,14,A50001,8,Mochila urbana,Accesorios,7,Real Plaza Arequipa,0,0,5,0,5
20260223,2026-02-23,2026,2,February,14,A50001,8,Mochila urbana,Accesorios,7,Real Plaza Arequipa,0,0,5,0,5
20260224,2026-02-24,2026,2,February,14,A50001,8,Mochila urbana,Accesorios,7,Real Plaza Arequipa,0,0,5,0,5
20260225,2026-02-25,2026,2,February,14,A50001,8,Mochila urbana,Accesorios,7,Real Plaza Arequipa,0,0,5,0,5
20260226,2026-02-26,2026,2,February,14,A50001,8,Mochila urbana,Accesorios,7,Real Plaza Arequipa,0,0,5,0,5
20260227,2026-02-27,2026,2,February,14,A50001,8,Mochila urbana,Accesorios,7,Real Plaza Arequipa,0,0,5,0,5
20260228,2026-02-28,2026,2,February,14,A50001,8,Mochila urbana,Accesorios,7,Real Plaza Arequipa,0,0,5,0,5
20260301,2026-03-01,2026,3,March,14,A50001,8,Mochila urbana,Accesorios,7,Real Plaza Arequipa,0,0,5,0,5
20260302,2026-03-02,2026,3,March,14,A50001,8,Mochila urbana,Accesorios,7,Real Plaza Arequipa,0,0,5,0,5
20260303,2026-03-03,2026,3,March,14,A50001,8,Mochila urbana,Accesorios,7,Real Plaza Arequipa,0,0,5,0,5
20260304,2026-03-04,2026,3,March,14,A50001,8,Mochila urbana,Accesorios,7,Real Plaza Arequipa,0,0,5,0,5
20260305,2026-03-05,2026,3,March,14,A50001,8,Mochila urbana,Accesorios,7,Real Plaza Arequipa,-2,0,3,0,3
20260306,2026-03-06,2026,3,March,14,A50001,8,Mochila urbana,Accesorios,7,Real Plaza Arequipa,0,0,3,0,3
20260307,2026-03-07,2026,3,March,14,A50001,8,Mochila urbana,Accesorios,7,Real Plaza Arequipa,0,0,3,0,3
20260308,2026-03-08,2026,3,March,14,A50001,8,Mochila urbana,Accesorios,7,Real Plaza Arequipa,0,0,3,0,3
20260309,2026-03-09,2026,3,March,14,A50001,8,Mochila urbana,Accesorios,7,Real Plaza Arequipa,0,1,3,1,2
20260310,2026-03-10,2026,3,March,14,A50001,8,Mochila urbana,Accesorios,7,Real Plaza Arequipa,0,0,3,1,2
20260311,2026-03-11,2026,3,March,14,A50001,8,Mochila urbana,Accesorios,7,Real Plaza Arequipa,0,0,3,1,2
20260312,2026-03-12,2026,3,March,14,A50001,8,Mochila urbana,Accesorios,7,Real Plaza Arequipa,0,0,3,1,2
20260313,2026-03-13,2026,3,March,14,A50001,8,Mochila urbana,Accesorios,7,Real Plaza Arequipa,0,0,3,1,2
20260314,2026-03-14,2026,3,March,14,A50001,8,Mochila urbana,Accesorios,7,Real Plaza Arequipa,0,0,3,1,2
20260315,2026-03-15,2026,3,March,14,A50001,8,Mochila urbana,Accesorios,7,Real Plaza Arequipa,0,0,3,1,2
20260316,2026-03-16,2026,3,March,14,A50001,8,Mochila urbana,Accesorios,7,Real Plaza Arequipa,-1,0,2,1,1
20260317,2026-03-17,2026,3,March,14,A50001,8,Mochila urbana,Accesorios,7,Real Plaza Arequipa,0,0,2,1,1
20260318,2026-03-18,2026,3,March,14,A50001,8,Mochila urbana,Accesorios,7,Real Plaza Arequipa,0,0,2,1,1
20260319,2026-03-19,2026,3,March,14,A50001,8,Mochila urbana,Accesorios,7,Real Plaza Arequipa,0,0,2,1,1
20260320,2026-03-20,2026,3,March,14,A50001,8,Mochila urbana,Accesorios,7,Real Plaza Arequipa,0,0,2,1,1
20260321,2026-03-21,2026,3,March,14,A50001,8,Mochila urbana,Accesorios,7,Real Plaza Arequipa,0,0,2,1,1
20260322,2026-03-22,2026,3,March,14,A50001,8,Mochila urbana,Accesorios,7,Real Plaza Arequipa,0,0,2,1,1
20260323,2026-03-23,2026,3,March,14,A50001,8,Mochila urbana,Accesorios,7,Real Plaza Arequipa,0,0,2,1,1
20260324,2026-03-24,2026,3,March,14,A50001,8,Mochila urbana,Accesorios,7,Real Plaza Arequipa,0,0,2,1,1
20260325,2026-03-25,2026,3,March,14,A50001,8,Mochila urbana,Accesorios,7,Real Plaza Arequipa,0,0,2,1,1
20260326,2026-03-26,2026,3,March,14,A50001,8,Mochila urbana,Accesorios,7,Real Plaza Arequipa,0,0,2,1,1
20260327,2026-03-27,2026,3,March,14,A50001,8,Mochila urbana,Accesorios,7,Real Plaza Arequipa,0,0,2,1,1
20260328,2026-03-28,2026,3,March,14,A50001,8,Mochila urbana,Accesorios,7,Real Plaza Arequipa,0,0,2,1,1
20260329,2026-03-29,2026,3,March,14,A50001,8,Mochila urbana,Accesorios,7,Real Plaza Arequipa,0,0,2,1,1
20260330,2026-03-30,2026,3,March,14,A50001,8,Mochila urbana,Accesorios,7,Real Plaza Arequipa,0,0,2,1,1
20260331,2026-03-31,2026,3,March,14,A50001,8,Mochila urbana,Accesorios,7,Real Plaza Arequipa,0,0,2,1,1
20260101,2026-01-01,2026,1,January,14,A50001,8,Mochila urbana,Accesorios,8,Mall Aventura Trujillo,0,0,0,0,0
20260102,2026-01-02,2026,1,Enero,14,A50001,8,Mochila urbana,Accesorios,8,Mall Aventura Trujillo,0,0,0,0,0
20260103,2026-01-03,2026,1,Enero,14,A50001,8,Mochila urbana,Accesorios,8,Mall Aventura Trujillo,0,0,0,0,0
20260104,2026-01-04,2026,1,Enero,14,A50001,8,Mochila urbana,Accesorios,8,Mall Aventura Trujillo,0,0,0,0,0
20260105,2026-01-05,2026,1,January,14,A50001,8,Mochila urbana,Accesorios,8,Mall Aventura Trujillo,0,0,0,0,0
20260106,2026-01-06,2026,1,January,14,A50001,8,Mochila urbana,Accesorios,8,Mall Aventura Trujillo,0,0,0,0,0
20260107,2026-01-07,2026,1,January,14,A50001,8,Mochila urbana,Accesorios,8,Mall Aventura Trujillo,0,0,0,0,0
20260108,2026-01-08,2026,1,January,14,A50001,8,Mochila urbana,Accesorios,8,Mall Aventura Trujillo,0,0,0,0,0
20260109,2026-01-09,2026,1,January,14,A50001,8,Mochila urbana,Accesorios,8,Mall Aventura Trujillo,0,0,0,0,0
20260110,2026-01-10,2026,1,January,14,A50001,8,Mochila urbana,Accesorios,8,Mall Aventura Trujillo,0,0,0,0,0
20260111,2026-01-11,2026,1,January,14,A50001,8,Mochila urbana,Accesorios,8,Mall Aventura Trujillo,0,0,0,0,0
20260112,2026-01-12,2026,1,January,14,A50001,8,Mochila urbana,Accesorios,8,Mall Aventura Trujillo,0,0,0,0,0
20260113,2026-01-13,2026,1,January,14,A50001,8,Mochila urbana,Accesorios,8,Mall Aventura Trujillo,0,0,0,0,0
20260114,2026-01-14,2026,1,January,14,A50001,8,Mochila urbana,Accesorios,8,Mall Aventura Trujillo,0,0,0,0,0
20260115,2026-01-15,2026,1,January,14,A50001,8,Mochila urbana,Accesorios,8,Mall Aventura Trujillo,0,0,0,0,0
20260116,2026-01-16,2026,1,January,14,A50001,8,Mochila urbana,Accesorios,8,Mall Aventura Trujillo,0,0,0,0,0
20260117,2026-01-17,2026,1,January,14,A50001,8,Mochila urbana,Accesorios,8,Mall Aventura Trujillo,0,0,0,0,0
20260118,2026-01-18,2026,1,January,14,A50001,8,Mochila urbana,Accesorios,8,Mall Aventura Trujillo,0,0,0,0,0
20260119,2026-01-19,2026,1,January,14,A50001,8,Mochila urbana,Accesorios,8,Mall Aventura Trujillo,0,0,0,0,0
20260120,2026-01-20,2026,1,January,14,A50001,8,Mochila urbana,Accesorios,8,Mall Aventura Trujillo,0,0,0,0,0
20260121,2026-01-21,2026,1,January,14,A50001,8,Mochila urbana,Accesorios,8,Mall Aventura Trujillo,0,0,0,0,0
20260122,2026-01-22,2026,1,January,14,A50001,8,Mochila urbana,Accesorios,8,Mall Aventura Trujillo,0,0,0,0,0
20260123,2026-01-23,2026,1,January,14,A50001,8,Mochila urbana,Accesorios,8,Mall Aventura Trujillo,0,0,0,0,0
20260124,2026-01-24,2026,1,January,14,A50001,8,Mochila urbana,Accesorios,8,Mall Aventura Trujillo,0,0,0,0,0
20260125,2026-01-25,2026,1,January,14,A50001,8,Mochila urbana,Accesorios,8,Mall Aventura Trujillo,0,0,0,0,0
20260126,2026-01-26,2026,1,January,14,A50001,8,Mochila urbana,Accesorios,8,Mall Aventura Trujillo,0,0,0,0,0
20260127,2026-01-27,2026,1,January,14,A50001,8,Mochila urbana,Accesorios,8,Mall Aventura Trujillo,0,0,0,0,0
20260128,2026-01-28,2026,1,January,14,A50001,8,Mochila urbana,Accesorios,8,Mall Aventura Trujillo,0,0,0,0,0
20260129,2026-01-29,2026,1,January,14,A50001,8,Mochila urbana,Accesorios,8,Mall Aventura Trujillo,0,0,0,0,0
20260130,2026-01-30,2026,1,January,14,A50001,8,Mochila urbana,Accesorios,8,Mall Aventura Trujillo,0,0,0,0,0
20260131,2026-01-31,2026,1,January,14,A50001,8,Mochila urbana,Accesorios,8,Mall Aventura Trujillo,0,0,0,0,0
20260201,2026-02-01,2026,2,February,14,A50001,8,Mochila urbana,Accesorios,8,Mall Aventura Trujillo,0,0,0,0,0
20260202,2026-02-02,2026,2,February,14,A50001,8,Mochila urbana,Accesorios,8,Mall Aventura Trujillo,0,0,0,0,0
20260203,2026-02-03,2026,2,February,14,A50001,8,Mochila urbana,Accesorios,8,Mall Aventura Trujillo,0,0,0,0,0
20260204,2026-02-04,2026,2,February,14,A50001,8,Mochila urbana,Accesorios,8,Mall Aventura Trujillo,0,0,0,0,0
20260205,2026-02-05,2026,2,February,14,A50001,8,Mochila urbana,Accesorios,8,Mall Aventura Trujillo,0,0,0,0,0
20260206,2026-02-06,2026,2,February,14,A50001,8,Mochila urbana,Accesorios,8,Mall Aventura Trujillo,0,0,0,0,0
20260207,2026-02-07,2026,2,February,14,A50001,8,Mochila urbana,Accesorios,8,Mall Aventura Trujillo,0,0,0,0,0
20260208,2026-02-08,2026,2,February,14,A50001,8,Mochila urbana,Accesorios,8,Mall Aventura Trujillo,0,0,0,0,0
20260209,2026-02-09,2026,2,February,14,A50001,8,Mochila urbana,Accesorios,8,Mall Aventura Trujillo,0,0,0,0,0
20260210,2026-02-10,2026,2,February,14,A50001,8,Mochila urbana,Accesorios,8,Mall Aventura Trujillo,0,0,0,0,0
20260211,2026-02-11,2026,2,February,14,A50001,8,Mochila urbana,Accesorios,8,Mall Aventura Trujillo,0,0,0,0,0
20260212,2026-02-12,2026,2,February,14,A50001,8,Mochila urbana,Accesorios,8,Mall Aventura Trujillo,0,0,0,0,0
20260213,2026-02-13,2026,2,February,14,A50001,8,Mochila urbana,Accesorios,8,Mall Aventura Trujillo,0,0,0,0,0
20260214,2026-02-14,2026,2,February,14,A50001,8,Mochila urbana,Accesorios,8,Mall Aventura Trujillo,0,0,0,0,0
20260215,2026-02-15,2026,2,February,14,A50001,8,Mochila urbana,Accesorios,8,Mall Aventura Trujillo,0,0,0,0,0
20260216,2026-02-16,2026,2,February,14,A50001,8,Mochila urbana,Accesorios,8,Mall Aventura Trujillo,0,0,0,0,0
20260217,2026-02-17,2026,2,February,14,A50001,8,Mochila urbana,Accesorios,8,Mall Aventura Trujillo,0,0,0,0,0
20260218,2026-02-18,2026,2,February,14,A50001,8,Mochila urbana,Accesorios,8,Mall Aventura Trujillo,0,0,0,0,0
20260219,2026-02-19,2026,2,February,14,A50001,8,Mochila urbana,Accesorios,8,Mall Aventura Trujillo,0,0,0,0,0
20260220,2026-02-20,2026,2,February,14,A50001,8,Mochila urbana,Accesorios,8,Mall Aventura Trujillo,0,0,0,0,0
20260221,2026-02-21,2026,2,February,14,A50001,8,Mochila urbana,Accesorios,8,Mall Aventura Trujillo,0,0,0,0,0
20260222,2026-02-22,2026,2,February,14,A50001,8,Mochila urbana,Accesorios,8,Mall Aventura Trujillo,0,0,0,0,0
20260223,2026-02-23,2026,2,February,14,A50001,8,Mochila urbana,Accesorios,8,Mall Aventura Trujillo,0,0,0,0,0
20260224,2026-02-24,2026,2,February,14,A50001,8,Mochila urbana,Accesorios,8,Mall Aventura Trujillo,0,0,0,0,0
20260225,2026-02-25,2026,2,February,14,A50001,8,Mochila urbana,Accesorios,8,Mall Aventura Trujillo,0,0,0,0,0
20260226,2026-02-26,2026,2,February,14,A50001,8,Mochila urbana,Accesorios,8,Mall Aventura Trujillo,0,0,0,0,0
20260227,2026-02-27,2026,2,February,14,A50001,8,Mochila urbana,Accesorios,8,Mall Aventura Trujillo,0,0,0,0,0
20260228,2026-02-28,2026,2,February,14,A50001,8,Mochila urbana,Accesorios,8,Mall Aventura Trujillo,0,0,0,0,0
20260301,2026-03-01,2026,3,March,14,A50001,8,Mochila urbana,Accesorios,8,Mall Aventura Trujillo,0,0,0,0,0
20260302,2026-03-02,2026,3,March,14,A50001,8,Mochila urbana,Accesorios,8,Mall Aventura Trujillo,0,0,0,0,0
20260303,2026-03-03,2026,3,March,14,A50001,8,Mochila urbana,Accesorios,8,Mall Aventura Trujillo,0,0,0,0,0
20260304,2026-03-04,2026,3,March,14,A50001,8,Mochila urbana,Accesorios,8,Mall Aventura Trujillo,0,0,0,0,0
20260305,2026-03-05,2026,3,March,14,A50001,8,Mochila urbana,Accesorios,8,Mall Aventura Trujillo,0,0,0,0,0
20260306,2026-03-06,2026,3,March,14,A50001,8,Mochila urbana,Accesorios,8,Mall Aventura Trujillo,0,0,0,0,0
20260307,2026-03-07,2026,3,March,14,A50001,8,Mochila urbana,Accesorios,8,Mall Aventura Trujillo,0,0,0,0,0
20260308,2026-03-08,2026,3,March,14,A50001,8,Mochila urbana,Accesorios,8,Mall Aventura Trujillo,0,0,0,0,0
20260309,2026-03-09,2026,3,March,14,A50001,8,Mochila urbana,Accesorios,8,Mall Aventura Trujillo,0,0,0,0,0
20260310,2026-03-10,2026,3,March,14,A50001,8,Mochila urbana,Accesorios,8,Mall Aventura Trujillo,0,0,0,0,0
20260311,2026-03-11,2026,3,March,14,A50001,8,Mochila urbana,Accesorios,8,Mall Aventura Trujillo,0,0,0,0,0
20260312,2026-03-12,2026,3,March,14,A50001,8,Mochila urbana,Accesorios,8,Mall Aventura Trujillo,0,0,0,0,0
20260313,2026-03-13,2026,3,March,14,A50001,8,Mochila urbana,Accesorios,8,Mall Aventura Trujillo,0,0,0,0,0
20260314,2026-03-14,2026,3,March,14,A50001,8,Mochila urbana,Accesorios,8,Mall Aventura Trujillo,0,0,0,0,0
20260315,2026-03-15,2026,3,March,14,A50001,8,Mochila urbana,Accesorios,8,Mall Aventura Trujillo,0,0,0,0,0
20260316,2026-03-16,2026,3,March,14,A50001,8,Mochila urbana,Accesorios,8,Mall Aventura Trujillo,0,0,0,0,0
20260317,2026-03-17,2026,3,March,14,A50001,8,Mochila urbana,Accesorios,8,Mall Aventura Trujillo,0,0,0,0,0
20260318,2026-03-18,2026,3,March,14,A50001,8,Mochila urbana,Accesorios,8,Mall Aventura Trujillo,0,0,0,0,0
20260319,2026-03-19,2026,3,March,14,A50001,8,Mochila urbana,Accesorios,8,Mall Aventura Trujillo,0,0,0,0,0
20260320,2026-03-20,2026,3,March,14,A50001,8,Mochila urbana,Accesorios,8,Mall Aventura Trujillo,0,0,0,0,0
20260321,2026-03-21,2026,3,March,14,A50001,8,Mochila urbana,Accesorios,8,Mall Aventura Trujillo,0,0,0,0,0
20260322,2026-03-22,2026,3,March,14,A50001,8,Mochila urbana,Accesorios,8,Mall Aventura Trujillo,0,0,0,0,0
20260323,2026-03-23,2026,3,March,14,A50001,8,Mochila urbana,Accesorios,8,Mall Aventura Trujillo,0,0,0,0,0
20260324,2026-03-24,2026,3,March,14,A50001,8,Mochila urbana,Accesorios,8,Mall Aventura Trujillo,0,0,0,0,0
20260325,2026-03-25,2026,3,March,14,A50001,8,Mochila urbana,Accesorios,8,Mall Aventura Trujillo,0,0,0,0,0
20260326,2026-03-26,2026,3,March,14,A50001,8,Mochila urbana,Accesorios,8,Mall Aventura Trujillo,0,0,0,0,0
20260327,2026-03-27,2026,3,March,14,A50001,8,Mochila urbana,Accesorios,8,Mall Aventura Trujillo,0,0,0,0,0
20260328,2026-03-28,2026,3,March,14,A50001,8,Mochila urbana,Accesorios,8,Mall Aventura Trujillo,0,0,0,0,0
20260329,2026-03-29,2026,3,March,14,A50001,8,Mochila urbana,Accesorios,8,Mall Aventura Trujillo,0,0,0,0,0
20260330,2026-03-30,2026,3,March,14,A50001,8,Mochila urbana,Accesorios,8,Mall Aventura Trujillo,0,0,0,0,0
20260331,2026-03-31,2026,3,March,14,A50001,8,Mochila urbana,Accesorios,8,Mall Aventura Trujillo,0,0,0,0,0
20260101,2026-01-01,2026,1,January,15,A50002,8,Mochila urbana,Accesorios,5,Web Nacional,0,0,0,0,0
20260102,2026-01-02,2026,1,Enero,15,A50002,8,Mochila urbana,Accesorios,5,Web Nacional,0,0,0,0,0
20260103,2026-01-03,2026,1,Enero,15,A50002,8,Mochila urbana,Accesorios,5,Web Nacional,0,0,0,0,0
20260104,2026-01-04,2026,1,Enero,15,A50002,8,Mochila urbana,Accesorios,5,Web Nacional,0,0,0,0,0
20260105,2026-01-05,2026,1,January,15,A50002,8,Mochila urbana,Accesorios,5,Web Nacional,0,0,0,0,0
20260106,2026-01-06,2026,1,January,15,A50002,8,Mochila urbana,Accesorios,5,Web Nacional,0,0,0,0,0
20260107,2026-01-07,2026,1,January,15,A50002,8,Mochila urbana,Accesorios,5,Web Nacional,0,0,0,0,0
20260108,2026-01-08,2026,1,January,15,A50002,8,Mochila urbana,Accesorios,5,Web Nacional,0,0,0,0,0
20260109,2026-01-09,2026,1,January,15,A50002,8,Mochila urbana,Accesorios,5,Web Nacional,0,0,0,0,0
20260110,2026-01-10,2026,1,January,15,A50002,8,Mochila urbana,Accesorios,5,Web Nacional,0,0,0,0,0
20260111,2026-01-11,2026,1,January,15,A50002,8,Mochila urbana,Accesorios,5,Web Nacional,0,0,0,0,0
20260112,2026-01-12,2026,1,January,15,A50002,8,Mochila urbana,Accesorios,5,Web Nacional,0,0,0,0,0
20260113,2026-01-13,2026,1,January,15,A50002,8,Mochila urbana,Accesorios,5,Web Nacional,0,0,0,0,0
20260114,2026-01-14,2026,1,January,15,A50002,8,Mochila urbana,Accesorios,5,Web Nacional,0,0,0,0,0
20260115,2026-01-15,2026,1,January,15,A50002,8,Mochila urbana,Accesorios,5,Web Nacional,0,0,0,0,0
20260116,2026-01-16,2026,1,January,15,A50002,8,Mochila urbana,Accesorios,5,Web Nacional,0,0,0,0,0
20260117,2026-01-17,2026,1,January,15,A50002,8,Mochila urbana,Accesorios,5,Web Nacional,0,0,0,0,0
20260118,2026-01-18,2026,1,January,15,A50002,8,Mochila urbana,Accesorios,5,Web Nacional,0,0,0,0,0
20260119,2026-01-19,2026,1,January,15,A50002,8,Mochila urbana,Accesorios,5,Web Nacional,0,0,0,0,0
20260120,2026-01-20,2026,1,January,15,A50002,8,Mochila urbana,Accesorios,5,Web Nacional,0,0,0,0,0
20260121,2026-01-21,2026,1,January,15,A50002,8,Mochila urbana,Accesorios,5,Web Nacional,0,0,0,0,0
20260122,2026-01-22,2026,1,January,15,A50002,8,Mochila urbana,Accesorios,5,Web Nacional,0,0,0,0,0
20260123,2026-01-23,2026,1,January,15,A50002,8,Mochila urbana,Accesorios,5,Web Nacional,0,0,0,0,0
20260124,2026-01-24,2026,1,January,15,A50002,8,Mochila urbana,Accesorios,5,Web Nacional,0,0,0,0,0
20260125,2026-01-25,2026,1,January,15,A50002,8,Mochila urbana,Accesorios,5,Web Nacional,0,0,0,0,0
20260126,2026-01-26,2026,1,January,15,A50002,8,Mochila urbana,Accesorios,5,Web Nacional,0,0,0,0,0
20260127,2026-01-27,2026,1,January,15,A50002,8,Mochila urbana,Accesorios,5,Web Nacional,0,0,0,0,0
20260128,2026-01-28,2026,1,January,15,A50002,8,Mochila urbana,Accesorios,5,Web Nacional,0,0,0,0,0
20260129,2026-01-29,2026,1,January,15,A50002,8,Mochila urbana,Accesorios,5,Web Nacional,0,0,0,0,0
20260130,2026-01-30,2026,1,January,15,A50002,8,Mochila urbana,Accesorios,5,Web Nacional,0,0,0,0,0
20260131,2026-01-31,2026,1,January,15,A50002,8,Mochila urbana,Accesorios,5,Web Nacional,0,0,0,0,0
20260201,2026-02-01,2026,2,February,15,A50002,8,Mochila urbana,Accesorios,5,Web Nacional,0,0,0,0,0
20260202,2026-02-02,2026,2,February,15,A50002,8,Mochila urbana,Accesorios,5,Web Nacional,0,0,0,0,0
20260203,2026-02-03,2026,2,February,15,A50002,8,Mochila urbana,Accesorios,5,Web Nacional,0,0,0,0,0
20260204,2026-02-04,2026,2,February,15,A50002,8,Mochila urbana,Accesorios,5,Web Nacional,0,0,0,0,0
20260205,2026-02-05,2026,2,February,15,A50002,8,Mochila urbana,Accesorios,5,Web Nacional,0,0,0,0,0
20260206,2026-02-06,2026,2,February,15,A50002,8,Mochila urbana,Accesorios,5,Web Nacional,0,0,0,0,0
20260207,2026-02-07,2026,2,February,15,A50002,8,Mochila urbana,Accesorios,5,Web Nacional,0,0,0,0,0
20260208,2026-02-08,2026,2,February,15,A50002,8,Mochila urbana,Accesorios,5,Web Nacional,0,0,0,0,0
20260209,2026-02-09,2026,2,February,15,A50002,8,Mochila urbana,Accesorios,5,Web Nacional,0,0,0,0,0
20260210,2026-02-10,2026,2,February,15,A50002,8,Mochila urbana,Accesorios,5,Web Nacional,0,0,0,0,0
20260211,2026-02-11,2026,2,February,15,A50002,8,Mochila urbana,Accesorios,5,Web Nacional,0,0,0,0,0
20260212,2026-02-12,2026,2,February,15,A50002,8,Mochila urbana,Accesorios,5,Web Nacional,0,0,0,0,0
20260213,2026-02-13,2026,2,February,15,A50002,8,Mochila urbana,Accesorios,5,Web Nacional,0,0,0,0,0
20260214,2026-02-14,2026,2,February,15,A50002,8,Mochila urbana,Accesorios,5,Web Nacional,0,0,0,0,0
20260215,2026-02-15,2026,2,February,15,A50002,8,Mochila urbana,Accesorios,5,Web Nacional,0,0,0,0,0
20260216,2026-02-16,2026,2,February,15,A50002,8,Mochila urbana,Accesorios,5,Web Nacional,0,0,0,0,0
20260217,2026-02-17,2026,2,February,15,A50002,8,Mochila urbana,Accesorios,5,Web Nacional,0,0,0,0,0
20260218,2026-02-18,2026,2,February,15,A50002,8,Mochila urbana,Accesorios,5,Web Nacional,0,0,0,0,0
20260219,2026-02-19,2026,2,February,15,A50002,8,Mochila urbana,Accesorios,5,Web Nacional,0,0,0,0,0
20260220,2026-02-20,2026,2,February,15,A50002,8,Mochila urbana,Accesorios,5,Web Nacional,0,0,0,0,0
20260221,2026-02-21,2026,2,February,15,A50002,8,Mochila urbana,Accesorios,5,Web Nacional,0,0,0,0,0
20260222,2026-02-22,2026,2,February,15,A50002,8,Mochila urbana,Accesorios,5,Web Nacional,0,0,0,0,0
20260223,2026-02-23,2026,2,February,15,A50002,8,Mochila urbana,Accesorios,5,Web Nacional,0,0,0,0,0
20260224,2026-02-24,2026,2,February,15,A50002,8,Mochila urbana,Accesorios,5,Web Nacional,0,0,0,0,0
20260225,2026-02-25,2026,2,February,15,A50002,8,Mochila urbana,Accesorios,5,Web Nacional,0,0,0,0,0
20260226,2026-02-26,2026,2,February,15,A50002,8,Mochila urbana,Accesorios,5,Web Nacional,0,0,0,0,0
20260227,2026-02-27,2026,2,February,15,A50002,8,Mochila urbana,Accesorios,5,Web Nacional,0,0,0,0,0
20260228,2026-02-28,2026,2,February,15,A50002,8,Mochila urbana,Accesorios,5,Web Nacional,0,0,0,0,0
20260301,2026-03-01,2026,3,March,15,A50002,8,Mochila urbana,Accesorios,5,Web Nacional,0,0,0,0,0
20260302,2026-03-02,2026,3,March,15,A50002,8,Mochila urbana,Accesorios,5,Web Nacional,0,0,0,0,0
20260303,2026-03-03,2026,3,March,15,A50002,8,Mochila urbana,Accesorios,5,Web Nacional,0,0,0,0,0
20260304,2026-03-04,2026,3,March,15,A50002,8,Mochila urbana,Accesorios,5,Web Nacional,0,0,0,0,0
20260305,2026-03-05,2026,3,March,15,A50002,8,Mochila urbana,Accesorios,5,Web Nacional,0,0,0,0,0
20260306,2026-03-06,2026,3,March,15,A50002,8,Mochila urbana,Accesorios,5,Web Nacional,0,0,0,0,0
20260307,2026-03-07,2026,3,March,15,A50002,8,Mochila urbana,Accesorios,5,Web Nacional,0,0,0,0,0
20260308,2026-03-08,2026,3,March,15,A50002,8,Mochila urbana,Accesorios,5,Web Nacional,0,0,0,0,0
20260309,2026-03-09,2026,3,March,15,A50002,8,Mochila urbana,Accesorios,5,Web Nacional,0,0,0,0,0
20260310,2026-03-10,2026,3,March,15,A50002,8,Mochila urbana,Accesorios,5,Web Nacional,0,0,0,0,0
20260311,2026-03-11,2026,3,March,15,A50002,8,Mochila urbana,Accesorios,5,Web Nacional,0,0,0,0,0
20260312,2026-03-12,2026,3,March,15,A50002,8,Mochila urbana,Accesorios,5,Web Nacional,0,0,0,0,0
20260313,2026-03-13,2026,3,March,15,A50002,8,Mochila urbana,Accesorios,5,Web Nacional,0,0,0,0,0
20260314,2026-03-14,2026,3,March,15,A50002,8,Mochila urbana,Accesorios,5,Web Nacional,0,0,0,0,0
20260315,2026-03-15,2026,3,March,15,A50002,8,Mochila urbana,Accesorios,5,Web Nacional,0,0,0,0,0
20260316,2026-03-16,2026,3,March,15,A50002,8,Mochila urbana,Accesorios,5,Web Nacional,0,0,0,0,0
20260317,2026-03-17,2026,3,March,15,A50002,8,Mochila urbana,Accesorios,5,Web Nacional,0,0,0,0,0
20260318,2026-03-18,2026,3,March,15,A50002,8,Mochila urbana,Accesorios,5,Web Nacional,0,0,0,0,0
20260319,2026-03-19,2026,3,March,15,A50002,8,Mochila urbana,Accesorios,5,Web Nacional,0,0,0,0,0
20260320,2026-03-20,2026,3,March,15,A50002,8,Mochila urbana,Accesorios,5,Web Nacional,0,0,0,0,0
20260321,2026-03-21,2026,3,March,15,A50002,8,Mochila urbana,Accesorios,5,Web Nacional,0,0,0,0,0
20260322,2026-03-22,2026,3,March,15,A50002,8,Mochila urbana,Accesorios,5,Web Nacional,0,0,0,0,0
20260323,2026-03-23,2026,3,March,15,A50002,8,Mochila urbana,Accesorios,5,Web Nacional,0,0,0,0,0
20260324,2026-03-24,2026,3,March,15,A50002,8,Mochila urbana,Accesorios,5,Web Nacional,0,0,0,0,0
20260325,2026-03-25,2026,3,March,15,A50002,8,Mochila urbana,Accesorios,5,Web Nacional,0,0,0,0,0
20260326,2026-03-26,2026,3,March,15,A50002,8,Mochila urbana,Accesorios,5,Web Nacional,0,0,0,0,0
20260327,2026-03-27,2026,3,March,15,A50002,8,Mochila urbana,Accesorios,5,Web Nacional,0,0,0,0,0
20260328,2026-03-28,2026,3,March,15,A50002,8,Mochila urbana,Accesorios,5,Web Nacional,0,0,0,0,0
20260329,2026-03-29,2026,3,March,15,A50002,8,Mochila urbana,Accesorios,5,Web Nacional,0,0,0,0,0
20260330,2026-03-30,2026,3,March,15,A50002,8,Mochila urbana,Accesorios,5,Web Nacional,0,0,0,0,0
20260331,2026-03-31,2026,3,March,15,A50002,8,Mochila urbana,Accesorios,5,Web Nacional,0,0,0,0,0
20260101,2026-01-01,2026,1,January,15,A50002,8,Mochila urbana,Accesorios,6,Jockey Plaza,4,0,4,0,4
20260102,2026-01-02,2026,1,Enero,15,A50002,8,Mochila urbana,Accesorios,6,Jockey Plaza,0,0,4,0,4
20260103,2026-01-03,2026,1,Enero,15,A50002,8,Mochila urbana,Accesorios,6,Jockey Plaza,0,0,4,0,4
20260104,2026-01-04,2026,1,Enero,15,A50002,8,Mochila urbana,Accesorios,6,Jockey Plaza,0,0,4,0,4
20260105,2026-01-05,2026,1,January,15,A50002,8,Mochila urbana,Accesorios,6,Jockey Plaza,0,0,4,0,4
20260106,2026-01-06,2026,1,January,15,A50002,8,Mochila urbana,Accesorios,6,Jockey Plaza,0,0,4,0,4
20260107,2026-01-07,2026,1,January,15,A50002,8,Mochila urbana,Accesorios,6,Jockey Plaza,0,0,4,0,4
20260108,2026-01-08,2026,1,January,15,A50002,8,Mochila urbana,Accesorios,6,Jockey Plaza,0,0,4,0,4
20260109,2026-01-09,2026,1,January,15,A50002,8,Mochila urbana,Accesorios,6,Jockey Plaza,0,0,4,0,4
20260110,2026-01-10,2026,1,January,15,A50002,8,Mochila urbana,Accesorios,6,Jockey Plaza,0,0,4,0,4
20260111,2026-01-11,2026,1,January,15,A50002,8,Mochila urbana,Accesorios,6,Jockey Plaza,0,0,4,0,4
20260112,2026-01-12,2026,1,January,15,A50002,8,Mochila urbana,Accesorios,6,Jockey Plaza,0,0,4,0,4
20260113,2026-01-13,2026,1,January,15,A50002,8,Mochila urbana,Accesorios,6,Jockey Plaza,0,0,4,0,4
20260114,2026-01-14,2026,1,January,15,A50002,8,Mochila urbana,Accesorios,6,Jockey Plaza,0,0,4,0,4
20260115,2026-01-15,2026,1,January,15,A50002,8,Mochila urbana,Accesorios,6,Jockey Plaza,0,0,4,0,4
20260116,2026-01-16,2026,1,January,15,A50002,8,Mochila urbana,Accesorios,6,Jockey Plaza,0,0,4,0,4
20260117,2026-01-17,2026,1,January,15,A50002,8,Mochila urbana,Accesorios,6,Jockey Plaza,0,0,4,0,4
20260118,2026-01-18,2026,1,January,15,A50002,8,Mochila urbana,Accesorios,6,Jockey Plaza,0,0,4,0,4
20260119,2026-01-19,2026,1,January,15,A50002,8,Mochila urbana,Accesorios,6,Jockey Plaza,0,0,4,0,4
20260120,2026-01-20,2026,1,January,15,A50002,8,Mochila urbana,Accesorios,6,Jockey Plaza,0,0,4,0,4
20260121,2026-01-21,2026,1,January,15,A50002,8,Mochila urbana,Accesorios,6,Jockey Plaza,0,0,4,0,4
20260122,2026-01-22,2026,1,January,15,A50002,8,Mochila urbana,Accesorios,6,Jockey Plaza,0,0,4,0,4
20260123,2026-01-23,2026,1,January,15,A50002,8,Mochila urbana,Accesorios,6,Jockey Plaza,0,0,4,0,4
20260124,2026-01-24,2026,1,January,15,A50002,8,Mochila urbana,Accesorios,6,Jockey Plaza,0,0,4,0,4
20260125,2026-01-25,2026,1,January,15,A50002,8,Mochila urbana,Accesorios,6,Jockey Plaza,0,0,4,0,4
20260126,2026-01-26,2026,1,January,15,A50002,8,Mochila urbana,Accesorios,6,Jockey Plaza,0,0,4,0,4
20260127,2026-01-27,2026,1,January,15,A50002,8,Mochila urbana,Accesorios,6,Jockey Plaza,0,0,4,0,4
20260128,2026-01-28,2026,1,January,15,A50002,8,Mochila urbana,Accesorios,6,Jockey Plaza,0,0,4,0,4
20260129,2026-01-29,2026,1,January,15,A50002,8,Mochila urbana,Accesorios,6,Jockey Plaza,0,0,4,0,4
20260130,2026-01-30,2026,1,January,15,A50002,8,Mochila urbana,Accesorios,6,Jockey Plaza,0,0,4,0,4
20260131,2026-01-31,2026,1,January,15,A50002,8,Mochila urbana,Accesorios,6,Jockey Plaza,0,0,4,0,4
20260201,2026-02-01,2026,2,February,15,A50002,8,Mochila urbana,Accesorios,6,Jockey Plaza,0,0,4,0,4
20260202,2026-02-02,2026,2,February,15,A50002,8,Mochila urbana,Accesorios,6,Jockey Plaza,0,0,4,0,4
20260203,2026-02-03,2026,2,February,15,A50002,8,Mochila urbana,Accesorios,6,Jockey Plaza,0,0,4,0,4
20260204,2026-02-04,2026,2,February,15,A50002,8,Mochila urbana,Accesorios,6,Jockey Plaza,0,0,4,0,4
20260205,2026-02-05,2026,2,February,15,A50002,8,Mochila urbana,Accesorios,6,Jockey Plaza,0,0,4,0,4
20260206,2026-02-06,2026,2,February,15,A50002,8,Mochila urbana,Accesorios,6,Jockey Plaza,0,0,4,0,4
20260207,2026-02-07,2026,2,February,15,A50002,8,Mochila urbana,Accesorios,6,Jockey Plaza,0,0,4,0,4
20260208,2026-02-08,2026,2,February,15,A50002,8,Mochila urbana,Accesorios,6,Jockey Plaza,0,0,4,0,4
20260209,2026-02-09,2026,2,February,15,A50002,8,Mochila urbana,Accesorios,6,Jockey Plaza,0,0,4,0,4
20260210,2026-02-10,2026,2,February,15,A50002,8,Mochila urbana,Accesorios,6,Jockey Plaza,0,0,4,0,4
20260211,2026-02-11,2026,2,February,15,A50002,8,Mochila urbana,Accesorios,6,Jockey Plaza,0,0,4,0,4
20260212,2026-02-12,2026,2,February,15,A50002,8,Mochila urbana,Accesorios,6,Jockey Plaza,0,0,4,0,4
20260213,2026-02-13,2026,2,February,15,A50002,8,Mochila urbana,Accesorios,6,Jockey Plaza,0,0,4,0,4
20260214,2026-02-14,2026,2,February,15,A50002,8,Mochila urbana,Accesorios,6,Jockey Plaza,0,0,4,0,4
20260215,2026-02-15,2026,2,February,15,A50002,8,Mochila urbana,Accesorios,6,Jockey Plaza,0,0,4,0,4
20260216,2026-02-16,2026,2,February,15,A50002,8,Mochila urbana,Accesorios,6,Jockey Plaza,0,0,4,0,4
20260217,2026-02-17,2026,2,February,15,A50002,8,Mochila urbana,Accesorios,6,Jockey Plaza,0,0,4,0,4
20260218,2026-02-18,2026,2,February,15,A50002,8,Mochila urbana,Accesorios,6,Jockey Plaza,0,0,4,0,4
20260219,2026-02-19,2026,2,February,15,A50002,8,Mochila urbana,Accesorios,6,Jockey Plaza,0,0,4,0,4
20260220,2026-02-20,2026,2,February,15,A50002,8,Mochila urbana,Accesorios,6,Jockey Plaza,0,0,4,0,4
20260221,2026-02-21,2026,2,February,15,A50002,8,Mochila urbana,Accesorios,6,Jockey Plaza,0,0,4,0,4
20260222,2026-02-22,2026,2,February,15,A50002,8,Mochila urbana,Accesorios,6,Jockey Plaza,0,0,4,0,4
20260223,2026-02-23,2026,2,February,15,A50002,8,Mochila urbana,Accesorios,6,Jockey Plaza,0,0,4,0,4
20260224,2026-02-24,2026,2,February,15,A50002,8,Mochila urbana,Accesorios,6,Jockey Plaza,0,0,4,0,4
20260225,2026-02-25,2026,2,February,15,A50002,8,Mochila urbana,Accesorios,6,Jockey Plaza,0,0,4,0,4
20260226,2026-02-26,2026,2,February,15,A50002,8,Mochila urbana,Accesorios,6,Jockey Plaza,0,0,4,0,4
20260227,2026-02-27,2026,2,February,15,A50002,8,Mochila urbana,Accesorios,6,Jockey Plaza,0,0,4,0,4
20260228,2026-02-28,2026,2,February,15,A50002,8,Mochila urbana,Accesorios,6,Jockey Plaza,0,0,4,0,4
20260301,2026-03-01,2026,3,March,15,A50002,8,Mochila urbana,Accesorios,6,Jockey Plaza,0,0,4,0,4
20260302,2026-03-02,2026,3,March,15,A50002,8,Mochila urbana,Accesorios,6,Jockey Plaza,0,0,4,0,4
20260303,2026-03-03,2026,3,March,15,A50002,8,Mochila urbana,Accesorios,6,Jockey Plaza,0,0,4,0,4
20260304,2026-03-04,2026,3,March,15,A50002,8,Mochila urbana,Accesorios,6,Jockey Plaza,0,0,4,0,4
20260305,2026-03-05,2026,3,March,15,A50002,8,Mochila urbana,Accesorios,6,Jockey Plaza,0,0,4,0,4
20260306,2026-03-06,2026,3,March,15,A50002,8,Mochila urbana,Accesorios,6,Jockey Plaza,0,0,4,0,4
20260307,2026-03-07,2026,3,March,15,A50002,8,Mochila urbana,Accesorios,6,Jockey Plaza,0,0,4,0,4
20260308,2026-03-08,2026,3,March,15,A50002,8,Mochila urbana,Accesorios,6,Jockey Plaza,0,0,4,0,4
20260309,2026-03-09,2026,3,March,15,A50002,8,Mochila urbana,Accesorios,6,Jockey Plaza,0,0,4,0,4
20260310,2026-03-10,2026,3,March,15,A50002,8,Mochila urbana,Accesorios,6,Jockey Plaza,0,0,4,0,4
20260311,2026-03-11,2026,3,March,15,A50002,8,Mochila urbana,Accesorios,6,Jockey Plaza,0,0,4,0,4
20260312,2026-03-12,2026,3,March,15,A50002,8,Mochila urbana,Accesorios,6,Jockey Plaza,0,0,4,0,4
20260313,2026-03-13,2026,3,March,15,A50002,8,Mochila urbana,Accesorios,6,Jockey Plaza,0,0,4,0,4
20260314,2026-03-14,2026,3,March,15,A50002,8,Mochila urbana,Accesorios,6,Jockey Plaza,0,0,4,0,4
20260315,2026-03-15,2026,3,March,15,A50002,8,Mochila urbana,Accesorios,6,Jockey Plaza,0,0,4,0,4
20260316,2026-03-16,2026,3,March,15,A50002,8,Mochila urbana,Accesorios,6,Jockey Plaza,0,0,4,0,4
20260317,2026-03-17,2026,3,March,15,A50002,8,Mochila urbana,Accesorios,6,Jockey Plaza,0,0,4,0,4
20260318,2026-03-18,2026,3,March,15,A50002,8,Mochila urbana,Accesorios,6,Jockey Plaza,0,0,4,0,4
20260319,2026-03-19,2026,3,March,15,A50002,8,Mochila urbana,Accesorios,6,Jockey Plaza,0,0,4,0,4
20260320,2026-03-20,2026,3,March,15,A50002,8,Mochila urbana,Accesorios,6,Jockey Plaza,0,0,4,0,4
20260321,2026-03-21,2026,3,March,15,A50002,8,Mochila urbana,Accesorios,6,Jockey Plaza,0,0,4,0,4
20260322,2026-03-22,2026,3,March,15,A50002,8,Mochila urbana,Accesorios,6,Jockey Plaza,0,0,4,0,4
20260323,2026-03-23,2026,3,March,15,A50002,8,Mochila urbana,Accesorios,6,Jockey Plaza,0,0,4,0,4
20260324,2026-03-24,2026,3,March,15,A50002,8,Mochila urbana,Accesorios,6,Jockey Plaza,0,0,4,0,4
20260325,2026-03-25,2026,3,March,15,A50002,8,Mochila urbana,Accesorios,6,Jockey Plaza,0,0,4,0,4
20260326,2026-03-26,2026,3,March,15,A50002,8,Mochila urbana,Accesorios,6,Jockey Plaza,0,0,4,0,4
20260327,2026-03-27,2026,3,March,15,A50002,8,Mochila urbana,Accesorios,6,Jockey Plaza,0,0,4,0,4
20260328,2026-03-28,2026,3,March,15,A50002,8,Mochila urbana,Accesorios,6,Jockey Plaza,0,0,4,0,4
20260329,2026-03-29,2026,3,March,15,A50002,8,Mochila urbana,Accesorios,6,Jockey Plaza,0,0,4,0,4
20260330,2026-03-30,2026,3,March,15,A50002,8,Mochila urbana,Accesorios,6,Jockey Plaza,0,0,4,0,4
20260331,2026-03-31,2026,3,March,15,A50002,8,Mochila urbana,Accesorios,6,Jockey Plaza,0,0,4,0,4
20260101,2026-01-01,2026,1,January,15,A50002,8,Mochila urbana,Accesorios,7,Real Plaza Arequipa,0,0,0,0,0
20260102,2026-01-02,2026,1,Enero,15,A50002,8,Mochila urbana,Accesorios,7,Real Plaza Arequipa,0,0,0,0,0
20260103,2026-01-03,2026,1,Enero,15,A50002,8,Mochila urbana,Accesorios,7,Real Plaza Arequipa,0,0,0,0,0
20260104,2026-01-04,2026,1,Enero,15,A50002,8,Mochila urbana,Accesorios,7,Real Plaza Arequipa,0,0,0,0,0
20260105,2026-01-05,2026,1,January,15,A50002,8,Mochila urbana,Accesorios,7,Real Plaza Arequipa,0,0,0,0,0
20260106,2026-01-06,2026,1,January,15,A50002,8,Mochila urbana,Accesorios,7,Real Plaza Arequipa,0,0,0,0,0
20260107,2026-01-07,2026,1,January,15,A50002,8,Mochila urbana,Accesorios,7,Real Plaza Arequipa,0,0,0,0,0
20260108,2026-01-08,2026,1,January,15,A50002,8,Mochila urbana,Accesorios,7,Real Plaza Arequipa,0,0,0,0,0
20260109,2026-01-09,2026,1,January,15,A50002,8,Mochila urbana,Accesorios,7,Real Plaza Arequipa,0,0,0,0,0
20260110,2026-01-10,2026,1,January,15,A50002,8,Mochila urbana,Accesorios,7,Real Plaza Arequipa,0,0,0,0,0
20260111,2026-01-11,2026,1,January,15,A50002,8,Mochila urbana,Accesorios,7,Real Plaza Arequipa,0,0,0,0,0
20260112,2026-01-12,2026,1,January,15,A50002,8,Mochila urbana,Accesorios,7,Real Plaza Arequipa,0,0,0,0,0
20260113,2026-01-13,2026,1,January,15,A50002,8,Mochila urbana,Accesorios,7,Real Plaza Arequipa,0,0,0,0,0
20260114,2026-01-14,2026,1,January,15,A50002,8,Mochila urbana,Accesorios,7,Real Plaza Arequipa,0,0,0,0,0
20260115,2026-01-15,2026,1,January,15,A50002,8,Mochila urbana,Accesorios,7,Real Plaza Arequipa,0,0,0,0,0
20260116,2026-01-16,2026,1,January,15,A50002,8,Mochila urbana,Accesorios,7,Real Plaza Arequipa,0,0,0,0,0
20260117,2026-01-17,2026,1,January,15,A50002,8,Mochila urbana,Accesorios,7,Real Plaza Arequipa,0,0,0,0,0
20260118,2026-01-18,2026,1,January,15,A50002,8,Mochila urbana,Accesorios,7,Real Plaza Arequipa,0,0,0,0,0
20260119,2026-01-19,2026,1,January,15,A50002,8,Mochila urbana,Accesorios,7,Real Plaza Arequipa,0,0,0,0,0
20260120,2026-01-20,2026,1,January,15,A50002,8,Mochila urbana,Accesorios,7,Real Plaza Arequipa,0,0,0,0,0
20260121,2026-01-21,2026,1,January,15,A50002,8,Mochila urbana,Accesorios,7,Real Plaza Arequipa,0,0,0,0,0
20260122,2026-01-22,2026,1,January,15,A50002,8,Mochila urbana,Accesorios,7,Real Plaza Arequipa,0,0,0,0,0
20260123,2026-01-23,2026,1,January,15,A50002,8,Mochila urbana,Accesorios,7,Real Plaza Arequipa,0,0,0,0,0
20260124,2026-01-24,2026,1,January,15,A50002,8,Mochila urbana,Accesorios,7,Real Plaza Arequipa,0,0,0,0,0
20260125,2026-01-25,2026,1,January,15,A50002,8,Mochila urbana,Accesorios,7,Real Plaza Arequipa,0,0,0,0,0
20260126,2026-01-26,2026,1,January,15,A50002,8,Mochila urbana,Accesorios,7,Real Plaza Arequipa,0,0,0,0,0
20260127,2026-01-27,2026,1,January,15,A50002,8,Mochila urbana,Accesorios,7,Real Plaza Arequipa,0,0,0,0,0
20260128,2026-01-28,2026,1,January,15,A50002,8,Mochila urbana,Accesorios,7,Real Plaza Arequipa,0,0,0,0,0
20260129,2026-01-29,2026,1,January,15,A50002,8,Mochila urbana,Accesorios,7,Real Plaza Arequipa,0,0,0,0,0
20260130,2026-01-30,2026,1,January,15,A50002,8,Mochila urbana,Accesorios,7,Real Plaza Arequipa,0,0,0,0,0
20260131,2026-01-31,2026,1,January,15,A50002,8,Mochila urbana,Accesorios,7,Real Plaza Arequipa,0,0,0,0,0
20260201,2026-02-01,2026,2,February,15,A50002,8,Mochila urbana,Accesorios,7,Real Plaza Arequipa,0,0,0,0,0
20260202,2026-02-02,2026,2,February,15,A50002,8,Mochila urbana,Accesorios,7,Real Plaza Arequipa,0,0,0,0,0
20260203,2026-02-03,2026,2,February,15,A50002,8,Mochila urbana,Accesorios,7,Real Plaza Arequipa,0,0,0,0,0
20260204,2026-02-04,2026,2,February,15,A50002,8,Mochila urbana,Accesorios,7,Real Plaza Arequipa,0,0,0,0,0
20260205,2026-02-05,2026,2,February,15,A50002,8,Mochila urbana,Accesorios,7,Real Plaza Arequipa,0,0,0,0,0
20260206,2026-02-06,2026,2,February,15,A50002,8,Mochila urbana,Accesorios,7,Real Plaza Arequipa,0,0,0,0,0
20260207,2026-02-07,2026,2,February,15,A50002,8,Mochila urbana,Accesorios,7,Real Plaza Arequipa,0,0,0,0,0
20260208,2026-02-08,2026,2,February,15,A50002,8,Mochila urbana,Accesorios,7,Real Plaza Arequipa,0,0,0,0,0
20260209,2026-02-09,2026,2,February,15,A50002,8,Mochila urbana,Accesorios,7,Real Plaza Arequipa,0,0,0,0,0
20260210,2026-02-10,2026,2,February,15,A50002,8,Mochila urbana,Accesorios,7,Real Plaza Arequipa,0,0,0,0,0
20260211,2026-02-11,2026,2,February,15,A50002,8,Mochila urbana,Accesorios,7,Real Plaza Arequipa,0,0,0,0,0
20260212,2026-02-12,2026,2,February,15,A50002,8,Mochila urbana,Accesorios,7,Real Plaza Arequipa,0,0,0,0,0
20260213,2026-02-13,2026,2,February,15,A50002,8,Mochila urbana,Accesorios,7,Real Plaza Arequipa,0,0,0,0,0
20260214,2026-02-14,2026,2,February,15,A50002,8,Mochila urbana,Accesorios,7,Real Plaza Arequipa,0,0,0,0,0
20260215,2026-02-15,2026,2,February,15,A50002,8,Mochila urbana,Accesorios,7,Real Plaza Arequipa,0,0,0,0,0
20260216,2026-02-16,2026,2,February,15,A50002,8,Mochila urbana,Accesorios,7,Real Plaza Arequipa,0,0,0,0,0
20260217,2026-02-17,2026,2,February,15,A50002,8,Mochila urbana,Accesorios,7,Real Plaza Arequipa,0,0,0,0,0
20260218,2026-02-18,2026,2,February,15,A50002,8,Mochila urbana,Accesorios,7,Real Plaza Arequipa,0,0,0,0,0
20260219,2026-02-19,2026,2,February,15,A50002,8,Mochila urbana,Accesorios,7,Real Plaza Arequipa,0,0,0,0,0
20260220,2026-02-20,2026,2,February,15,A50002,8,Mochila urbana,Accesorios,7,Real Plaza Arequipa,0,0,0,0,0
20260221,2026-02-21,2026,2,February,15,A50002,8,Mochila urbana,Accesorios,7,Real Plaza Arequipa,0,0,0,0,0
20260222,2026-02-22,2026,2,February,15,A50002,8,Mochila urbana,Accesorios,7,Real Plaza Arequipa,0,0,0,0,0
20260223,2026-02-23,2026,2,February,15,A50002,8,Mochila urbana,Accesorios,7,Real Plaza Arequipa,0,0,0,0,0
20260224,2026-02-24,2026,2,February,15,A50002,8,Mochila urbana,Accesorios,7,Real Plaza Arequipa,0,0,0,0,0
20260225,2026-02-25,2026,2,February,15,A50002,8,Mochila urbana,Accesorios,7,Real Plaza Arequipa,0,0,0,0,0
20260226,2026-02-26,2026,2,February,15,A50002,8,Mochila urbana,Accesorios,7,Real Plaza Arequipa,0,0,0,0,0
20260227,2026-02-27,2026,2,February,15,A50002,8,Mochila urbana,Accesorios,7,Real Plaza Arequipa,0,0,0,0,0
20260228,2026-02-28,2026,2,February,15,A50002,8,Mochila urbana,Accesorios,7,Real Plaza Arequipa,0,0,0,0,0
20260301,2026-03-01,2026,3,March,15,A50002,8,Mochila urbana,Accesorios,7,Real Plaza Arequipa,0,0,0,0,0
20260302,2026-03-02,2026,3,March,15,A50002,8,Mochila urbana,Accesorios,7,Real Plaza Arequipa,0,0,0,0,0
20260303,2026-03-03,2026,3,March,15,A50002,8,Mochila urbana,Accesorios,7,Real Plaza Arequipa,0,0,0,0,0
20260304,2026-03-04,2026,3,March,15,A50002,8,Mochila urbana,Accesorios,7,Real Plaza Arequipa,0,0,0,0,0
20260305,2026-03-05,2026,3,March,15,A50002,8,Mochila urbana,Accesorios,7,Real Plaza Arequipa,0,0,0,0,0
20260306,2026-03-06,2026,3,March,15,A50002,8,Mochila urbana,Accesorios,7,Real Plaza Arequipa,0,0,0,0,0
20260307,2026-03-07,2026,3,March,15,A50002,8,Mochila urbana,Accesorios,7,Real Plaza Arequipa,0,0,0,0,0
20260308,2026-03-08,2026,3,March,15,A50002,8,Mochila urbana,Accesorios,7,Real Plaza Arequipa,0,0,0,0,0
20260309,2026-03-09,2026,3,March,15,A50002,8,Mochila urbana,Accesorios,7,Real Plaza Arequipa,0,0,0,0,0
20260310,2026-03-10,2026,3,March,15,A50002,8,Mochila urbana,Accesorios,7,Real Plaza Arequipa,0,0,0,0,0
20260311,2026-03-11,2026,3,March,15,A50002,8,Mochila urbana,Accesorios,7,Real Plaza Arequipa,0,0,0,0,0
20260312,2026-03-12,2026,3,March,15,A50002,8,Mochila urbana,Accesorios,7,Real Plaza Arequipa,0,0,0,0,0
20260313,2026-03-13,2026,3,March,15,A50002,8,Mochila urbana,Accesorios,7,Real Plaza Arequipa,0,0,0,0,0
20260314,2026-03-14,2026,3,March,15,A50002,8,Mochila urbana,Accesorios,7,Real Plaza Arequipa,0,0,0,0,0
20260315,2026-03-15,2026,3,March,15,A50002,8,Mochila urbana,Accesorios,7,Real Plaza Arequipa,0,0,0,0,0
20260316,2026-03-16,2026,3,March,15,A50002,8,Mochila urbana,Accesorios,7,Real Plaza Arequipa,0,0,0,0,0
20260317,2026-03-17,2026,3,March,15,A50002,8,Mochila urbana,Accesorios,7,Real Plaza Arequipa,0,0,0,0,0
20260318,2026-03-18,2026,3,March,15,A50002,8,Mochila urbana,Accesorios,7,Real Plaza Arequipa,0,0,0,0,0
20260319,2026-03-19,2026,3,March,15,A50002,8,Mochila urbana,Accesorios,7,Real Plaza Arequipa,0,0,0,0,0
20260320,2026-03-20,2026,3,March,15,A50002,8,Mochila urbana,Accesorios,7,Real Plaza Arequipa,0,0,0,0,0
20260321,2026-03-21,2026,3,March,15,A50002,8,Mochila urbana,Accesorios,7,Real Plaza Arequipa,0,0,0,0,0
20260322,2026-03-22,2026,3,March,15,A50002,8,Mochila urbana,Accesorios,7,Real Plaza Arequipa,0,0,0,0,0
20260323,2026-03-23,2026,3,March,15,A50002,8,Mochila urbana,Accesorios,7,Real Plaza Arequipa,0,0,0,0,0
20260324,2026-03-24,2026,3,March,15,A50002,8,Mochila urbana,Accesorios,7,Real Plaza Arequipa,0,0,0,0,0
20260325,2026-03-25,2026,3,March,15,A50002,8,Mochila urbana,Accesorios,7,Real Plaza Arequipa,0,0,0,0,0
20260326,2026-03-26,2026,3,March,15,A50002,8,Mochila urbana,Accesorios,7,Real Plaza Arequipa,0,0,0,0,0
20260327,2026-03-27,2026,3,March,15,A50002,8,Mochila urbana,Accesorios,7,Real Plaza Arequipa,0,0,0,0,0
20260328,2026-03-28,2026,3,March,15,A50002,8,Mochila urbana,Accesorios,7,Real Plaza Arequipa,0,0,0,0,0
20260329,2026-03-29,2026,3,March,15,A50002,8,Mochila urbana,Accesorios,7,Real Plaza Arequipa,0,0,0,0,0
20260330,2026-03-30,2026,3,March,15,A50002,8,Mochila urbana,Accesorios,7,Real Plaza Arequipa,0,0,0,0,0
20260331,2026-03-31,2026,3,March,15,A50002,8,Mochila urbana,Accesorios,7,Real Plaza Arequipa,0,0,0,0,0
20260101,2026-01-01,2026,1,January,15,A50002,8,Mochila urbana,Accesorios,8,Mall Aventura Trujillo,0,0,0,0,0
20260102,2026-01-02,2026,1,Enero,15,A50002,8,Mochila urbana,Accesorios,8,Mall Aventura Trujillo,0,0,0,0,0
20260103,2026-01-03,2026,1,Enero,15,A50002,8,Mochila urbana,Accesorios,8,Mall Aventura Trujillo,0,0,0,0,0
20260104,2026-01-04,2026,1,Enero,15,A50002,8,Mochila urbana,Accesorios,8,Mall Aventura Trujillo,0,0,0,0,0
20260105,2026-01-05,2026,1,January,15,A50002,8,Mochila urbana,Accesorios,8,Mall Aventura Trujillo,0,0,0,0,0
20260106,2026-01-06,2026,1,January,15,A50002,8,Mochila urbana,Accesorios,8,Mall Aventura Trujillo,0,0,0,0,0
20260107,2026-01-07,2026,1,January,15,A50002,8,Mochila urbana,Accesorios,8,Mall Aventura Trujillo,0,0,0,0,0
20260108,2026-01-08,2026,1,January,15,A50002,8,Mochila urbana,Accesorios,8,Mall Aventura Trujillo,0,0,0,0,0
20260109,2026-01-09,2026,1,January,15,A50002,8,Mochila urbana,Accesorios,8,Mall Aventura Trujillo,0,0,0,0,0
20260110,2026-01-10,2026,1,January,15,A50002,8,Mochila urbana,Accesorios,8,Mall Aventura Trujillo,0,0,0,0,0
20260111,2026-01-11,2026,1,January,15,A50002,8,Mochila urbana,Accesorios,8,Mall Aventura Trujillo,0,0,0,0,0
20260112,2026-01-12,2026,1,January,15,A50002,8,Mochila urbana,Accesorios,8,Mall Aventura Trujillo,0,0,0,0,0
20260113,2026-01-13,2026,1,January,15,A50002,8,Mochila urbana,Accesorios,8,Mall Aventura Trujillo,0,0,0,0,0
20260114,2026-01-14,2026,1,January,15,A50002,8,Mochila urbana,Accesorios,8,Mall Aventura Trujillo,0,0,0,0,0
20260115,2026-01-15,2026,1,January,15,A50002,8,Mochila urbana,Accesorios,8,Mall Aventura Trujillo,0,0,0,0,0
20260116,2026-01-16,2026,1,January,15,A50002,8,Mochila urbana,Accesorios,8,Mall Aventura Trujillo,0,0,0,0,0
20260117,2026-01-17,2026,1,January,15,A50002,8,Mochila urbana,Accesorios,8,Mall Aventura Trujillo,0,0,0,0,0
20260118,2026-01-18,2026,1,January,15,A50002,8,Mochila urbana,Accesorios,8,Mall Aventura Trujillo,0,0,0,0,0
20260119,2026-01-19,2026,1,January,15,A50002,8,Mochila urbana,Accesorios,8,Mall Aventura Trujillo,0,0,0,0,0
20260120,2026-01-20,2026,1,January,15,A50002,8,Mochila urbana,Accesorios,8,Mall Aventura Trujillo,0,0,0,0,0
20260121,2026-01-21,2026,1,January,15,A50002,8,Mochila urbana,Accesorios,8,Mall Aventura Trujillo,0,0,0,0,0
20260122,2026-01-22,2026,1,January,15,A50002,8,Mochila urbana,Accesorios,8,Mall Aventura Trujillo,0,0,0,0,0
20260123,2026-01-23,2026,1,January,15,A50002,8,Mochila urbana,Accesorios,8,Mall Aventura Trujillo,0,0,0,0,0
20260124,2026-01-24,2026,1,January,15,A50002,8,Mochila urbana,Accesorios,8,Mall Aventura Trujillo,0,0,0,0,0
20260125,2026-01-25,2026,1,January,15,A50002,8,Mochila urbana,Accesorios,8,Mall Aventura Trujillo,0,0,0,0,0
20260126,2026-01-26,2026,1,January,15,A50002,8,Mochila urbana,Accesorios,8,Mall Aventura Trujillo,0,0,0,0,0
20260127,2026-01-27,2026,1,January,15,A50002,8,Mochila urbana,Accesorios,8,Mall Aventura Trujillo,0,0,0,0,0
20260128,2026-01-28,2026,1,January,15,A50002,8,Mochila urbana,Accesorios,8,Mall Aventura Trujillo,0,0,0,0,0
20260129,2026-01-29,2026,1,January,15,A50002,8,Mochila urbana,Accesorios,8,Mall Aventura Trujillo,0,0,0,0,0
20260130,2026-01-30,2026,1,January,15,A50002,8,Mochila urbana,Accesorios,8,Mall Aventura Trujillo,0,0,0,0,0
20260131,2026-01-31,2026,1,January,15,A50002,8,Mochila urbana,Accesorios,8,Mall Aventura Trujillo,0,0,0,0,0
20260201,2026-02-01,2026,2,February,15,A50002,8,Mochila urbana,Accesorios,8,Mall Aventura Trujillo,0,0,0,0,0
20260202,2026-02-02,2026,2,February,15,A50002,8,Mochila urbana,Accesorios,8,Mall Aventura Trujillo,0,0,0,0,0
20260203,2026-02-03,2026,2,February,15,A50002,8,Mochila urbana,Accesorios,8,Mall Aventura Trujillo,0,0,0,0,0
20260204,2026-02-04,2026,2,February,15,A50002,8,Mochila urbana,Accesorios,8,Mall Aventura Trujillo,0,0,0,0,0
20260205,2026-02-05,2026,2,February,15,A50002,8,Mochila urbana,Accesorios,8,Mall Aventura Trujillo,0,0,0,0,0
20260206,2026-02-06,2026,2,February,15,A50002,8,Mochila urbana,Accesorios,8,Mall Aventura Trujillo,0,0,0,0,0
20260207,2026-02-07,2026,2,February,15,A50002,8,Mochila urbana,Accesorios,8,Mall Aventura Trujillo,0,0,0,0,0
20260208,2026-02-08,2026,2,February,15,A50002,8,Mochila urbana,Accesorios,8,Mall Aventura Trujillo,0,0,0,0,0
20260209,2026-02-09,2026,2,February,15,A50002,8,Mochila urbana,Accesorios,8,Mall Aventura Trujillo,0,0,0,0,0
20260210,2026-02-10,2026,2,February,15,A50002,8,Mochila urbana,Accesorios,8,Mall Aventura Trujillo,0,0,0,0,0
20260211,2026-02-11,2026,2,February,15,A50002,8,Mochila urbana,Accesorios,8,Mall Aventura Trujillo,0,0,0,0,0
20260212,2026-02-12,2026,2,February,15,A50002,8,Mochila urbana,Accesorios,8,Mall Aventura Trujillo,0,0,0,0,0
20260213,2026-02-13,2026,2,February,15,A50002,8,Mochila urbana,Accesorios,8,Mall Aventura Trujillo,0,0,0,0,0
20260214,2026-02-14,2026,2,February,15,A50002,8,Mochila urbana,Accesorios,8,Mall Aventura Trujillo,0,0,0,0,0
20260215,2026-02-15,2026,2,February,15,A50002,8,Mochila urbana,Accesorios,8,Mall Aventura Trujillo,0,0,0,0,0
20260216,2026-02-16,2026,2,February,15,A50002,8,Mochila urbana,Accesorios,8,Mall Aventura Trujillo,0,0,0,0,0
20260217,2026-02-17,2026,2,February,15,A50002,8,Mochila urbana,Accesorios,8,Mall Aventura Trujillo,0,0,0,0,0
20260218,2026-02-18,2026,2,February,15,A50002,8,Mochila urbana,Accesorios,8,Mall Aventura Trujillo,0,0,0,0,0
20260219,2026-02-19,2026,2,February,15,A50002,8,Mochila urbana,Accesorios,8,Mall Aventura Trujillo,0,0,0,0,0
20260220,2026-02-20,2026,2,February,15,A50002,8,Mochila urbana,Accesorios,8,Mall Aventura Trujillo,0,0,0,0,0
20260221,2026-02-21,2026,2,February,15,A50002,8,Mochila urbana,Accesorios,8,Mall Aventura Trujillo,0,0,0,0,0
20260222,2026-02-22,2026,2,February,15,A50002,8,Mochila urbana,Accesorios,8,Mall Aventura Trujillo,0,0,0,0,0
20260223,2026-02-23,2026,2,February,15,A50002,8,Mochila urbana,Accesorios,8,Mall Aventura Trujillo,0,0,0,0,0
20260224,2026-02-24,2026,2,February,15,A50002,8,Mochila urbana,Accesorios,8,Mall Aventura Trujillo,0,0,0,0,0
20260225,2026-02-25,2026,2,February,15,A50002,8,Mochila urbana,Accesorios,8,Mall Aventura Trujillo,0,0,0,0,0
20260226,2026-02-26,2026,2,February,15,A50002,8,Mochila urbana,Accesorios,8,Mall Aventura Trujillo,0,0,0,0,0
20260227,2026-02-27,2026,2,February,15,A50002,8,Mochila urbana,Accesorios,8,Mall Aventura Trujillo,0,0,0,0,0
20260228,2026-02-28,2026,2,February,15,A50002,8,Mochila urbana,Accesorios,8,Mall Aventura Trujillo,0,0,0,0,0
20260301,2026-03-01,2026,3,March,15,A50002,8,Mochila urbana,Accesorios,8,Mall Aventura Trujillo,0,0,0,0,0
20260302,2026-03-02,2026,3,March,15,A50002,8,Mochila urbana,Accesorios,8,Mall Aventura Trujillo,0,0,0,0,0
20260303,2026-03-03,2026,3,March,15,A50002,8,Mochila urbana,Accesorios,8,Mall Aventura Trujillo,0,0,0,0,0
20260304,2026-03-04,2026,3,March,15,A50002,8,Mochila urbana,Accesorios,8,Mall Aventura Trujillo,0,0,0,0,0
20260305,2026-03-05,2026,3,March,15,A50002,8,Mochila urbana,Accesorios,8,Mall Aventura Trujillo,0,0,0,0,0
20260306,2026-03-06,2026,3,March,15,A50002,8,Mochila urbana,Accesorios,8,Mall Aventura Trujillo,0,0,0,0,0
20260307,2026-03-07,2026,3,March,15,A50002,8,Mochila urbana,Accesorios,8,Mall Aventura Trujillo,0,0,0,0,0
20260308,2026-03-08,2026,3,March,15,A50002,8,Mochila urbana,Accesorios,8,Mall Aventura Trujillo,0,0,0,0,0
20260309,2026-03-09,2026,3,March,15,A50002,8,Mochila urbana,Accesorios,8,Mall Aventura Trujillo,0,0,0,0,0
20260310,2026-03-10,2026,3,March,15,A50002,8,Mochila urbana,Accesorios,8,Mall Aventura Trujillo,0,0,0,0,0
20260311,2026-03-11,2026,3,March,15,A50002,8,Mochila urbana,Accesorios,8,Mall Aventura Trujillo,0,0,0,0,0
20260312,2026-03-12,2026,3,March,15,A50002,8,Mochila urbana,Accesorios,8,Mall Aventura Trujillo,0,0,0,0,0
20260313,2026-03-13,2026,3,March,15,A50002,8,Mochila urbana,Accesorios,8,Mall Aventura Trujillo,0,0,0,0,0
20260314,2026-03-14,2026,3,March,15,A50002,8,Mochila urbana,Accesorios,8,Mall Aventura Trujillo,0,0,0,0,0
20260315,2026-03-15,2026,3,March,15,A50002,8,Mochila urbana,Accesorios,8,Mall Aventura Trujillo,0,0,0,0,0
20260316,2026-03-16,2026,3,March,15,A50002,8,Mochila urbana,Accesorios,8,Mall Aventura Trujillo,0,0,0,0,0
20260317,2026-03-17,2026,3,March,15,A50002,8,Mochila urbana,Accesorios,8,Mall Aventura Trujillo,0,0,0,0,0
20260318,2026-03-18,2026,3,March,15,A50002,8,Mochila urbana,Accesorios,8,Mall Aventura Trujillo,0,0,0,0,0
20260319,2026-03-19,2026,3,March,15,A50002,8,Mochila urbana,Accesorios,8,Mall Aventura Trujillo,0,0,0,0,0
20260320,2026-03-20,2026,3,March,15,A50002,8,Mochila urbana,Accesorios,8,Mall Aventura Trujillo,0,0,0,0,0
20260321,2026-03-21,2026,3,March,15,A50002,8,Mochila urbana,Accesorios,8,Mall Aventura Trujillo,0,0,0,0,0
20260322,2026-03-22,2026,3,March,15,A50002,8,Mochila urbana,Accesorios,8,Mall Aventura Trujillo,0,0,0,0,0
20260323,2026-03-23,2026,3,March,15,A50002,8,Mochila urbana,Accesorios,8,Mall Aventura Trujillo,0,0,0,0,0
20260324,2026-03-24,2026,3,March,15,A50002,8,Mochila urbana,Accesorios,8,Mall Aventura Trujillo,0,0,0,0,0
20260325,2026-03-25,2026,3,March,15,A50002,8,Mochila urbana,Accesorios,8,Mall Aventura Trujillo,0,0,0,0,0
20260326,2026-03-26,2026,3,March,15,A50002,8,Mochila urbana,Accesorios,8,Mall Aventura Trujillo,0,0,0,0,0
20260327,2026-03-27,2026,3,March,15,A50002,8,Mochila urbana,Accesorios,8,Mall Aventura Trujillo,0,0,0,0,0
20260328,2026-03-28,2026,3,March,15,A50002,8,Mochila urbana,Accesorios,8,Mall Aventura Trujillo,0,0,0,0,0
20260329,2026-03-29,2026,3,March,15,A50002,8,Mochila urbana,Accesorios,8,Mall Aventura Trujillo,0,0,0,0,0
20260330,2026-03-30,2026,3,March,15,A50002,8,Mochila urbana,Accesorios,8,Mall Aventura Trujillo,0,0,0,0,0
20260331,2026-03-31,2026,3,March,15,A50002,8,Mochila urbana,Accesorios,8,Mall Aventura Trujillo,0,0,0,0,0
20260101,2026-01-01,2026,1,January,16,A60001,9,Perfume Origen Signature,Perfumería,5,Web Nacional,0,0,0,0,0
20260102,2026-01-02,2026,1,Enero,16,A60001,9,Perfume Origen Signature,Perfumería,5,Web Nacional,0,0,0,0,0
20260103,2026-01-03,2026,1,Enero,16,A60001,9,Perfume Origen Signature,Perfumería,5,Web Nacional,0,0,0,0,0
20260104,2026-01-04,2026,1,Enero,16,A60001,9,Perfume Origen Signature,Perfumería,5,Web Nacional,0,0,0,0,0
20260105,2026-01-05,2026,1,January,16,A60001,9,Perfume Origen Signature,Perfumería,5,Web Nacional,0,0,0,0,0
20260106,2026-01-06,2026,1,January,16,A60001,9,Perfume Origen Signature,Perfumería,5,Web Nacional,0,0,0,0,0
20260107,2026-01-07,2026,1,January,16,A60001,9,Perfume Origen Signature,Perfumería,5,Web Nacional,0,0,0,0,0
20260108,2026-01-08,2026,1,January,16,A60001,9,Perfume Origen Signature,Perfumería,5,Web Nacional,0,0,0,0,0
20260109,2026-01-09,2026,1,January,16,A60001,9,Perfume Origen Signature,Perfumería,5,Web Nacional,0,0,0,0,0
20260110,2026-01-10,2026,1,January,16,A60001,9,Perfume Origen Signature,Perfumería,5,Web Nacional,0,0,0,0,0
20260111,2026-01-11,2026,1,January,16,A60001,9,Perfume Origen Signature,Perfumería,5,Web Nacional,0,0,0,0,0
20260112,2026-01-12,2026,1,January,16,A60001,9,Perfume Origen Signature,Perfumería,5,Web Nacional,0,0,0,0,0
20260113,2026-01-13,2026,1,January,16,A60001,9,Perfume Origen Signature,Perfumería,5,Web Nacional,0,0,0,0,0
20260114,2026-01-14,2026,1,January,16,A60001,9,Perfume Origen Signature,Perfumería,5,Web Nacional,0,0,0,0,0
20260115,2026-01-15,2026,1,January,16,A60001,9,Perfume Origen Signature,Perfumería,5,Web Nacional,0,0,0,0,0
20260116,2026-01-16,2026,1,January,16,A60001,9,Perfume Origen Signature,Perfumería,5,Web Nacional,0,0,0,0,0
20260117,2026-01-17,2026,1,January,16,A60001,9,Perfume Origen Signature,Perfumería,5,Web Nacional,0,0,0,0,0
20260118,2026-01-18,2026,1,January,16,A60001,9,Perfume Origen Signature,Perfumería,5,Web Nacional,0,0,0,0,0
20260119,2026-01-19,2026,1,January,16,A60001,9,Perfume Origen Signature,Perfumería,5,Web Nacional,0,0,0,0,0
20260120,2026-01-20,2026,1,January,16,A60001,9,Perfume Origen Signature,Perfumería,5,Web Nacional,0,0,0,0,0
20260121,2026-01-21,2026,1,January,16,A60001,9,Perfume Origen Signature,Perfumería,5,Web Nacional,0,0,0,0,0
20260122,2026-01-22,2026,1,January,16,A60001,9,Perfume Origen Signature,Perfumería,5,Web Nacional,0,0,0,0,0
20260123,2026-01-23,2026,1,January,16,A60001,9,Perfume Origen Signature,Perfumería,5,Web Nacional,0,0,0,0,0
20260124,2026-01-24,2026,1,January,16,A60001,9,Perfume Origen Signature,Perfumería,5,Web Nacional,0,0,0,0,0
20260125,2026-01-25,2026,1,January,16,A60001,9,Perfume Origen Signature,Perfumería,5,Web Nacional,0,0,0,0,0
20260126,2026-01-26,2026,1,January,16,A60001,9,Perfume Origen Signature,Perfumería,5,Web Nacional,0,0,0,0,0
20260127,2026-01-27,2026,1,January,16,A60001,9,Perfume Origen Signature,Perfumería,5,Web Nacional,0,0,0,0,0
20260128,2026-01-28,2026,1,January,16,A60001,9,Perfume Origen Signature,Perfumería,5,Web Nacional,0,0,0,0,0
20260129,2026-01-29,2026,1,January,16,A60001,9,Perfume Origen Signature,Perfumería,5,Web Nacional,0,0,0,0,0
20260130,2026-01-30,2026,1,January,16,A60001,9,Perfume Origen Signature,Perfumería,5,Web Nacional,0,0,0,0,0
20260131,2026-01-31,2026,1,January,16,A60001,9,Perfume Origen Signature,Perfumería,5,Web Nacional,0,0,0,0,0
20260201,2026-02-01,2026,2,February,16,A60001,9,Perfume Origen Signature,Perfumería,5,Web Nacional,0,0,0,0,0
20260202,2026-02-02,2026,2,February,16,A60001,9,Perfume Origen Signature,Perfumería,5,Web Nacional,0,0,0,0,0
20260203,2026-02-03,2026,2,February,16,A60001,9,Perfume Origen Signature,Perfumería,5,Web Nacional,0,0,0,0,0
20260204,2026-02-04,2026,2,February,16,A60001,9,Perfume Origen Signature,Perfumería,5,Web Nacional,0,0,0,0,0
20260205,2026-02-05,2026,2,February,16,A60001,9,Perfume Origen Signature,Perfumería,5,Web Nacional,0,0,0,0,0
20260206,2026-02-06,2026,2,February,16,A60001,9,Perfume Origen Signature,Perfumería,5,Web Nacional,0,0,0,0,0
20260207,2026-02-07,2026,2,February,16,A60001,9,Perfume Origen Signature,Perfumería,5,Web Nacional,0,0,0,0,0
20260208,2026-02-08,2026,2,February,16,A60001,9,Perfume Origen Signature,Perfumería,5,Web Nacional,0,0,0,0,0
20260209,2026-02-09,2026,2,February,16,A60001,9,Perfume Origen Signature,Perfumería,5,Web Nacional,0,0,0,0,0
20260210,2026-02-10,2026,2,February,16,A60001,9,Perfume Origen Signature,Perfumería,5,Web Nacional,0,0,0,0,0
20260211,2026-02-11,2026,2,February,16,A60001,9,Perfume Origen Signature,Perfumería,5,Web Nacional,0,0,0,0,0
20260212,2026-02-12,2026,2,February,16,A60001,9,Perfume Origen Signature,Perfumería,5,Web Nacional,0,0,0,0,0
20260213,2026-02-13,2026,2,February,16,A60001,9,Perfume Origen Signature,Perfumería,5,Web Nacional,0,0,0,0,0
20260214,2026-02-14,2026,2,February,16,A60001,9,Perfume Origen Signature,Perfumería,5,Web Nacional,0,0,0,0,0
20260215,2026-02-15,2026,2,February,16,A60001,9,Perfume Origen Signature,Perfumería,5,Web Nacional,0,0,0,0,0
20260216,2026-02-16,2026,2,February,16,A60001,9,Perfume Origen Signature,Perfumería,5,Web Nacional,0,0,0,0,0
20260217,2026-02-17,2026,2,February,16,A60001,9,Perfume Origen Signature,Perfumería,5,Web Nacional,0,0,0,0,0
20260218,2026-02-18,2026,2,February,16,A60001,9,Perfume Origen Signature,Perfumería,5,Web Nacional,0,0,0,0,0
20260219,2026-02-19,2026,2,February,16,A60001,9,Perfume Origen Signature,Perfumería,5,Web Nacional,0,0,0,0,0
20260220,2026-02-20,2026,2,February,16,A60001,9,Perfume Origen Signature,Perfumería,5,Web Nacional,0,0,0,0,0
20260221,2026-02-21,2026,2,February,16,A60001,9,Perfume Origen Signature,Perfumería,5,Web Nacional,0,0,0,0,0
20260222,2026-02-22,2026,2,February,16,A60001,9,Perfume Origen Signature,Perfumería,5,Web Nacional,0,0,0,0,0
20260223,2026-02-23,2026,2,February,16,A60001,9,Perfume Origen Signature,Perfumería,5,Web Nacional,0,0,0,0,0
20260224,2026-02-24,2026,2,February,16,A60001,9,Perfume Origen Signature,Perfumería,5,Web Nacional,0,0,0,0,0
20260225,2026-02-25,2026,2,February,16,A60001,9,Perfume Origen Signature,Perfumería,5,Web Nacional,0,0,0,0,0
20260226,2026-02-26,2026,2,February,16,A60001,9,Perfume Origen Signature,Perfumería,5,Web Nacional,0,0,0,0,0
20260227,2026-02-27,2026,2,February,16,A60001,9,Perfume Origen Signature,Perfumería,5,Web Nacional,0,0,0,0,0
20260228,2026-02-28,2026,2,February,16,A60001,9,Perfume Origen Signature,Perfumería,5,Web Nacional,0,0,0,0,0
20260301,2026-03-01,2026,3,March,16,A60001,9,Perfume Origen Signature,Perfumería,5,Web Nacional,0,0,0,0,0
20260302,2026-03-02,2026,3,March,16,A60001,9,Perfume Origen Signature,Perfumería,5,Web Nacional,0,0,0,0,0
20260303,2026-03-03,2026,3,March,16,A60001,9,Perfume Origen Signature,Perfumería,5,Web Nacional,0,0,0,0,0
20260304,2026-03-04,2026,3,March,16,A60001,9,Perfume Origen Signature,Perfumería,5,Web Nacional,0,0,0,0,0
20260305,2026-03-05,2026,3,March,16,A60001,9,Perfume Origen Signature,Perfumería,5,Web Nacional,0,0,0,0,0
20260306,2026-03-06,2026,3,March,16,A60001,9,Perfume Origen Signature,Perfumería,5,Web Nacional,0,0,0,0,0
20260307,2026-03-07,2026,3,March,16,A60001,9,Perfume Origen Signature,Perfumería,5,Web Nacional,0,0,0,0,0
20260308,2026-03-08,2026,3,March,16,A60001,9,Perfume Origen Signature,Perfumería,5,Web Nacional,0,0,0,0,0
20260309,2026-03-09,2026,3,March,16,A60001,9,Perfume Origen Signature,Perfumería,5,Web Nacional,0,0,0,0,0
20260310,2026-03-10,2026,3,March,16,A60001,9,Perfume Origen Signature,Perfumería,5,Web Nacional,0,0,0,0,0
20260311,2026-03-11,2026,3,March,16,A60001,9,Perfume Origen Signature,Perfumería,5,Web Nacional,0,0,0,0,0
20260312,2026-03-12,2026,3,March,16,A60001,9,Perfume Origen Signature,Perfumería,5,Web Nacional,0,0,0,0,0
20260313,2026-03-13,2026,3,March,16,A60001,9,Perfume Origen Signature,Perfumería,5,Web Nacional,0,0,0,0,0
20260314,2026-03-14,2026,3,March,16,A60001,9,Perfume Origen Signature,Perfumería,5,Web Nacional,0,0,0,0,0
20260315,2026-03-15,2026,3,March,16,A60001,9,Perfume Origen Signature,Perfumería,5,Web Nacional,0,0,0,0,0
20260316,2026-03-16,2026,3,March,16,A60001,9,Perfume Origen Signature,Perfumería,5,Web Nacional,0,0,0,0,0
20260317,2026-03-17,2026,3,March,16,A60001,9,Perfume Origen Signature,Perfumería,5,Web Nacional,0,0,0,0,0
20260318,2026-03-18,2026,3,March,16,A60001,9,Perfume Origen Signature,Perfumería,5,Web Nacional,0,0,0,0,0
20260319,2026-03-19,2026,3,March,16,A60001,9,Perfume Origen Signature,Perfumería,5,Web Nacional,0,0,0,0,0
20260320,2026-03-20,2026,3,March,16,A60001,9,Perfume Origen Signature,Perfumería,5,Web Nacional,0,0,0,0,0
20260321,2026-03-21,2026,3,March,16,A60001,9,Perfume Origen Signature,Perfumería,5,Web Nacional,0,0,0,0,0
20260322,2026-03-22,2026,3,March,16,A60001,9,Perfume Origen Signature,Perfumería,5,Web Nacional,0,0,0,0,0
20260323,2026-03-23,2026,3,March,16,A60001,9,Perfume Origen Signature,Perfumería,5,Web Nacional,0,0,0,0,0
20260324,2026-03-24,2026,3,March,16,A60001,9,Perfume Origen Signature,Perfumería,5,Web Nacional,0,0,0,0,0
20260325,2026-03-25,2026,3,March,16,A60001,9,Perfume Origen Signature,Perfumería,5,Web Nacional,0,0,0,0,0
20260326,2026-03-26,2026,3,March,16,A60001,9,Perfume Origen Signature,Perfumería,5,Web Nacional,0,0,0,0,0
20260327,2026-03-27,2026,3,March,16,A60001,9,Perfume Origen Signature,Perfumería,5,Web Nacional,0,0,0,0,0
20260328,2026-03-28,2026,3,March,16,A60001,9,Perfume Origen Signature,Perfumería,5,Web Nacional,0,0,0,0,0
20260329,2026-03-29,2026,3,March,16,A60001,9,Perfume Origen Signature,Perfumería,5,Web Nacional,0,0,0,0,0
20260330,2026-03-30,2026,3,March,16,A60001,9,Perfume Origen Signature,Perfumería,5,Web Nacional,0,0,0,0,0
20260331,2026-03-31,2026,3,March,16,A60001,9,Perfume Origen Signature,Perfumería,5,Web Nacional,0,0,0,0,0
20260101,2026-01-01,2026,1,January,16,A60001,9,Perfume Origen Signature,Perfumería,6,Jockey Plaza,8,0,8,0,8
20260102,2026-01-02,2026,1,Enero,16,A60001,9,Perfume Origen Signature,Perfumería,6,Jockey Plaza,0,0,8,0,8
20260103,2026-01-03,2026,1,Enero,16,A60001,9,Perfume Origen Signature,Perfumería,6,Jockey Plaza,0,0,8,0,8
20260104,2026-01-04,2026,1,Enero,16,A60001,9,Perfume Origen Signature,Perfumería,6,Jockey Plaza,0,0,8,0,8
20260105,2026-01-05,2026,1,January,16,A60001,9,Perfume Origen Signature,Perfumería,6,Jockey Plaza,0,0,8,0,8
20260106,2026-01-06,2026,1,January,16,A60001,9,Perfume Origen Signature,Perfumería,6,Jockey Plaza,0,0,8,0,8
20260107,2026-01-07,2026,1,January,16,A60001,9,Perfume Origen Signature,Perfumería,6,Jockey Plaza,0,0,8,0,8
20260108,2026-01-08,2026,1,January,16,A60001,9,Perfume Origen Signature,Perfumería,6,Jockey Plaza,0,0,8,0,8
20260109,2026-01-09,2026,1,January,16,A60001,9,Perfume Origen Signature,Perfumería,6,Jockey Plaza,0,0,8,0,8
20260110,2026-01-10,2026,1,January,16,A60001,9,Perfume Origen Signature,Perfumería,6,Jockey Plaza,0,0,8,0,8
20260111,2026-01-11,2026,1,January,16,A60001,9,Perfume Origen Signature,Perfumería,6,Jockey Plaza,0,0,8,0,8
20260112,2026-01-12,2026,1,January,16,A60001,9,Perfume Origen Signature,Perfumería,6,Jockey Plaza,0,0,8,0,8
20260113,2026-01-13,2026,1,January,16,A60001,9,Perfume Origen Signature,Perfumería,6,Jockey Plaza,0,0,8,0,8
20260114,2026-01-14,2026,1,January,16,A60001,9,Perfume Origen Signature,Perfumería,6,Jockey Plaza,-1,0,7,0,7
20260115,2026-01-15,2026,1,January,16,A60001,9,Perfume Origen Signature,Perfumería,6,Jockey Plaza,0,0,7,0,7
20260116,2026-01-16,2026,1,January,16,A60001,9,Perfume Origen Signature,Perfumería,6,Jockey Plaza,-1,0,6,0,6
20260117,2026-01-17,2026,1,January,16,A60001,9,Perfume Origen Signature,Perfumería,6,Jockey Plaza,0,0,6,0,6
20260118,2026-01-18,2026,1,January,16,A60001,9,Perfume Origen Signature,Perfumería,6,Jockey Plaza,0,0,6,0,6
20260119,2026-01-19,2026,1,January,16,A60001,9,Perfume Origen Signature,Perfumería,6,Jockey Plaza,0,0,6,0,6
20260120,2026-01-20,2026,1,January,16,A60001,9,Perfume Origen Signature,Perfumería,6,Jockey Plaza,0,0,6,0,6
20260121,2026-01-21,2026,1,January,16,A60001,9,Perfume Origen Signature,Perfumería,6,Jockey Plaza,0,0,6,0,6
20260122,2026-01-22,2026,1,January,16,A60001,9,Perfume Origen Signature,Perfumería,6,Jockey Plaza,0,0,6,0,6
20260123,2026-01-23,2026,1,January,16,A60001,9,Perfume Origen Signature,Perfumería,6,Jockey Plaza,0,0,6,0,6
20260124,2026-01-24,2026,1,January,16,A60001,9,Perfume Origen Signature,Perfumería,6,Jockey Plaza,0,0,6,0,6
20260125,2026-01-25,2026,1,January,16,A60001,9,Perfume Origen Signature,Perfumería,6,Jockey Plaza,0,0,6,0,6
20260126,2026-01-26,2026,1,January,16,A60001,9,Perfume Origen Signature,Perfumería,6,Jockey Plaza,0,0,6,0,6
20260127,2026-01-27,2026,1,January,16,A60001,9,Perfume Origen Signature,Perfumería,6,Jockey Plaza,0,0,6,0,6
20260128,2026-01-28,2026,1,January,16,A60001,9,Perfume Origen Signature,Perfumería,6,Jockey Plaza,0,0,6,0,6
20260129,2026-01-29,2026,1,January,16,A60001,9,Perfume Origen Signature,Perfumería,6,Jockey Plaza,0,0,6,0,6
20260130,2026-01-30,2026,1,January,16,A60001,9,Perfume Origen Signature,Perfumería,6,Jockey Plaza,0,0,6,0,6
20260131,2026-01-31,2026,1,January,16,A60001,9,Perfume Origen Signature,Perfumería,6,Jockey Plaza,0,0,6,0,6
20260201,2026-02-01,2026,2,February,16,A60001,9,Perfume Origen Signature,Perfumería,6,Jockey Plaza,0,0,6,0,6
20260202,2026-02-02,2026,2,February,16,A60001,9,Perfume Origen Signature,Perfumería,6,Jockey Plaza,-2,0,4,0,4
20260203,2026-02-03,2026,2,February,16,A60001,9,Perfume Origen Signature,Perfumería,6,Jockey Plaza,0,0,4,0,4
20260204,2026-02-04,2026,2,February,16,A60001,9,Perfume Origen Signature,Perfumería,6,Jockey Plaza,0,0,4,0,4
20260205,2026-02-05,2026,2,February,16,A60001,9,Perfume Origen Signature,Perfumería,6,Jockey Plaza,0,0,4,0,4
20260206,2026-02-06,2026,2,February,16,A60001,9,Perfume Origen Signature,Perfumería,6,Jockey Plaza,0,0,4,0,4
20260207,2026-02-07,2026,2,February,16,A60001,9,Perfume Origen Signature,Perfumería,6,Jockey Plaza,0,0,4,0,4
20260208,2026-02-08,2026,2,February,16,A60001,9,Perfume Origen Signature,Perfumería,6,Jockey Plaza,0,0,4,0,4
20260209,2026-02-09,2026,2,February,16,A60001,9,Perfume Origen Signature,Perfumería,6,Jockey Plaza,0,0,4,0,4
20260210,2026-02-10,2026,2,February,16,A60001,9,Perfume Origen Signature,Perfumería,6,Jockey Plaza,0,0,4,0,4
20260211,2026-02-11,2026,2,February,16,A60001,9,Perfume Origen Signature,Perfumería,6,Jockey Plaza,0,0,4,0,4
20260212,2026-02-12,2026,2,February,16,A60001,9,Perfume Origen Signature,Perfumería,6,Jockey Plaza,0,0,4,0,4
20260213,2026-02-13,2026,2,February,16,A60001,9,Perfume Origen Signature,Perfumería,6,Jockey Plaza,0,0,4,0,4
20260214,2026-02-14,2026,2,February,16,A60001,9,Perfume Origen Signature,Perfumería,6,Jockey Plaza,0,0,4,0,4
20260215,2026-02-15,2026,2,February,16,A60001,9,Perfume Origen Signature,Perfumería,6,Jockey Plaza,0,0,4,0,4
20260216,2026-02-16,2026,2,February,16,A60001,9,Perfume Origen Signature,Perfumería,6,Jockey Plaza,0,0,4,0,4
20260217,2026-02-17,2026,2,February,16,A60001,9,Perfume Origen Signature,Perfumería,6,Jockey Plaza,0,0,4,0,4
20260218,2026-02-18,2026,2,February,16,A60001,9,Perfume Origen Signature,Perfumería,6,Jockey Plaza,0,0,4,0,4
20260219,2026-02-19,2026,2,February,16,A60001,9,Perfume Origen Signature,Perfumería,6,Jockey Plaza,0,0,4,0,4
20260220,2026-02-20,2026,2,February,16,A60001,9,Perfume Origen Signature,Perfumería,6,Jockey Plaza,0,0,4,0,4
20260221,2026-02-21,2026,2,February,16,A60001,9,Perfume Origen Signature,Perfumería,6,Jockey Plaza,0,0,4,0,4
20260222,2026-02-22,2026,2,February,16,A60001,9,Perfume Origen Signature,Perfumería,6,Jockey Plaza,0,0,4,0,4
20260223,2026-02-23,2026,2,February,16,A60001,9,Perfume Origen Signature,Perfumería,6,Jockey Plaza,0,0,4,0,4
20260224,2026-02-24,2026,2,February,16,A60001,9,Perfume Origen Signature,Perfumería,6,Jockey Plaza,0,0,4,0,4
20260225,2026-02-25,2026,2,February,16,A60001,9,Perfume Origen Signature,Perfumería,6,Jockey Plaza,0,0,4,0,4
20260226,2026-02-26,2026,2,February,16,A60001,9,Perfume Origen Signature,Perfumería,6,Jockey Plaza,0,0,4,0,4
20260227,2026-02-27,2026,2,February,16,A60001,9,Perfume Origen Signature,Perfumería,6,Jockey Plaza,0,0,4,0,4
20260228,2026-02-28,2026,2,February,16,A60001,9,Perfume Origen Signature,Perfumería,6,Jockey Plaza,0,0,4,0,4
20260301,2026-03-01,2026,3,March,16,A60001,9,Perfume Origen Signature,Perfumería,6,Jockey Plaza,0,0,4,0,4
20260302,2026-03-02,2026,3,March,16,A60001,9,Perfume Origen Signature,Perfumería,6,Jockey Plaza,0,0,4,0,4
20260303,2026-03-03,2026,3,March,16,A60001,9,Perfume Origen Signature,Perfumería,6,Jockey Plaza,0,0,4,0,4
20260304,2026-03-04,2026,3,March,16,A60001,9,Perfume Origen Signature,Perfumería,6,Jockey Plaza,0,0,4,0,4
20260305,2026-03-05,2026,3,March,16,A60001,9,Perfume Origen Signature,Perfumería,6,Jockey Plaza,0,0,4,0,4
20260306,2026-03-06,2026,3,March,16,A60001,9,Perfume Origen Signature,Perfumería,6,Jockey Plaza,0,0,4,0,4
20260307,2026-03-07,2026,3,March,16,A60001,9,Perfume Origen Signature,Perfumería,6,Jockey Plaza,0,0,4,0,4
20260308,2026-03-08,2026,3,March,16,A60001,9,Perfume Origen Signature,Perfumería,6,Jockey Plaza,0,0,4,0,4
20260309,2026-03-09,2026,3,March,16,A60001,9,Perfume Origen Signature,Perfumería,6,Jockey Plaza,0,0,4,0,4
20260310,2026-03-10,2026,3,March,16,A60001,9,Perfume Origen Signature,Perfumería,6,Jockey Plaza,0,0,4,0,4
20260311,2026-03-11,2026,3,March,16,A60001,9,Perfume Origen Signature,Perfumería,6,Jockey Plaza,0,0,4,0,4
20260312,2026-03-12,2026,3,March,16,A60001,9,Perfume Origen Signature,Perfumería,6,Jockey Plaza,0,0,4,0,4
20260313,2026-03-13,2026,3,March,16,A60001,9,Perfume Origen Signature,Perfumería,6,Jockey Plaza,0,0,4,0,4
20260314,2026-03-14,2026,3,March,16,A60001,9,Perfume Origen Signature,Perfumería,6,Jockey Plaza,0,0,4,0,4
20260315,2026-03-15,2026,3,March,16,A60001,9,Perfume Origen Signature,Perfumería,6,Jockey Plaza,0,0,4,0,4
20260316,2026-03-16,2026,3,March,16,A60001,9,Perfume Origen Signature,Perfumería,6,Jockey Plaza,0,0,4,0,4
20260317,2026-03-17,2026,3,March,16,A60001,9,Perfume Origen Signature,Perfumería,6,Jockey Plaza,0,0,4,0,4
20260318,2026-03-18,2026,3,March,16,A60001,9,Perfume Origen Signature,Perfumería,6,Jockey Plaza,-1,0,3,0,3
20260319,2026-03-19,2026,3,March,16,A60001,9,Perfume Origen Signature,Perfumería,6,Jockey Plaza,0,0,3,0,3
20260320,2026-03-20,2026,3,March,16,A60001,9,Perfume Origen Signature,Perfumería,6,Jockey Plaza,0,0,3,0,3
20260321,2026-03-21,2026,3,March,16,A60001,9,Perfume Origen Signature,Perfumería,6,Jockey Plaza,0,0,3,0,3
20260322,2026-03-22,2026,3,March,16,A60001,9,Perfume Origen Signature,Perfumería,6,Jockey Plaza,0,0,3,0,3
20260323,2026-03-23,2026,3,March,16,A60001,9,Perfume Origen Signature,Perfumería,6,Jockey Plaza,0,0,3,0,3
20260324,2026-03-24,2026,3,March,16,A60001,9,Perfume Origen Signature,Perfumería,6,Jockey Plaza,0,0,3,0,3
20260325,2026-03-25,2026,3,March,16,A60001,9,Perfume Origen Signature,Perfumería,6,Jockey Plaza,0,0,3,0,3
20260326,2026-03-26,2026,3,March,16,A60001,9,Perfume Origen Signature,Perfumería,6,Jockey Plaza,0,0,3,0,3
20260327,2026-03-27,2026,3,March,16,A60001,9,Perfume Origen Signature,Perfumería,6,Jockey Plaza,0,0,3,0,3
20260328,2026-03-28,2026,3,March,16,A60001,9,Perfume Origen Signature,Perfumería,6,Jockey Plaza,0,0,3,0,3
20260329,2026-03-29,2026,3,March,16,A60001,9,Perfume Origen Signature,Perfumería,6,Jockey Plaza,0,0,3,0,3
20260330,2026-03-30,2026,3,March,16,A60001,9,Perfume Origen Signature,Perfumería,6,Jockey Plaza,0,0,3,0,3
20260331,2026-03-31,2026,3,March,16,A60001,9,Perfume Origen Signature,Perfumería,6,Jockey Plaza,0,0,3,0,3
20260101,2026-01-01,2026,1,January,16,A60001,9,Perfume Origen Signature,Perfumería,7,Real Plaza Arequipa,0,0,0,0,0
20260102,2026-01-02,2026,1,Enero,16,A60001,9,Perfume Origen Signature,Perfumería,7,Real Plaza Arequipa,0,0,0,0,0
20260103,2026-01-03,2026,1,Enero,16,A60001,9,Perfume Origen Signature,Perfumería,7,Real Plaza Arequipa,0,0,0,0,0
20260104,2026-01-04,2026,1,Enero,16,A60001,9,Perfume Origen Signature,Perfumería,7,Real Plaza Arequipa,0,0,0,0,0
20260105,2026-01-05,2026,1,January,16,A60001,9,Perfume Origen Signature,Perfumería,7,Real Plaza Arequipa,0,0,0,0,0
20260106,2026-01-06,2026,1,January,16,A60001,9,Perfume Origen Signature,Perfumería,7,Real Plaza Arequipa,0,0,0,0,0
20260107,2026-01-07,2026,1,January,16,A60001,9,Perfume Origen Signature,Perfumería,7,Real Plaza Arequipa,0,0,0,0,0
20260108,2026-01-08,2026,1,January,16,A60001,9,Perfume Origen Signature,Perfumería,7,Real Plaza Arequipa,0,0,0,0,0
20260109,2026-01-09,2026,1,January,16,A60001,9,Perfume Origen Signature,Perfumería,7,Real Plaza Arequipa,0,0,0,0,0
20260110,2026-01-10,2026,1,January,16,A60001,9,Perfume Origen Signature,Perfumería,7,Real Plaza Arequipa,0,0,0,0,0
20260111,2026-01-11,2026,1,January,16,A60001,9,Perfume Origen Signature,Perfumería,7,Real Plaza Arequipa,0,0,0,0,0
20260112,2026-01-12,2026,1,January,16,A60001,9,Perfume Origen Signature,Perfumería,7,Real Plaza Arequipa,0,0,0,0,0
20260113,2026-01-13,2026,1,January,16,A60001,9,Perfume Origen Signature,Perfumería,7,Real Plaza Arequipa,0,0,0,0,0
20260114,2026-01-14,2026,1,January,16,A60001,9,Perfume Origen Signature,Perfumería,7,Real Plaza Arequipa,0,0,0,0,0
20260115,2026-01-15,2026,1,January,16,A60001,9,Perfume Origen Signature,Perfumería,7,Real Plaza Arequipa,0,0,0,0,0
20260116,2026-01-16,2026,1,January,16,A60001,9,Perfume Origen Signature,Perfumería,7,Real Plaza Arequipa,0,0,0,0,0
20260117,2026-01-17,2026,1,January,16,A60001,9,Perfume Origen Signature,Perfumería,7,Real Plaza Arequipa,0,0,0,0,0
20260118,2026-01-18,2026,1,January,16,A60001,9,Perfume Origen Signature,Perfumería,7,Real Plaza Arequipa,0,0,0,0,0
20260119,2026-01-19,2026,1,January,16,A60001,9,Perfume Origen Signature,Perfumería,7,Real Plaza Arequipa,0,0,0,0,0
20260120,2026-01-20,2026,1,January,16,A60001,9,Perfume Origen Signature,Perfumería,7,Real Plaza Arequipa,0,0,0,0,0
20260121,2026-01-21,2026,1,January,16,A60001,9,Perfume Origen Signature,Perfumería,7,Real Plaza Arequipa,0,0,0,0,0
20260122,2026-01-22,2026,1,January,16,A60001,9,Perfume Origen Signature,Perfumería,7,Real Plaza Arequipa,0,0,0,0,0
20260123,2026-01-23,2026,1,January,16,A60001,9,Perfume Origen Signature,Perfumería,7,Real Plaza Arequipa,0,0,0,0,0
20260124,2026-01-24,2026,1,January,16,A60001,9,Perfume Origen Signature,Perfumería,7,Real Plaza Arequipa,0,0,0,0,0
20260125,2026-01-25,2026,1,January,16,A60001,9,Perfume Origen Signature,Perfumería,7,Real Plaza Arequipa,0,0,0,0,0
20260126,2026-01-26,2026,1,January,16,A60001,9,Perfume Origen Signature,Perfumería,7,Real Plaza Arequipa,0,0,0,0,0
20260127,2026-01-27,2026,1,January,16,A60001,9,Perfume Origen Signature,Perfumería,7,Real Plaza Arequipa,0,0,0,0,0
20260128,2026-01-28,2026,1,January,16,A60001,9,Perfume Origen Signature,Perfumería,7,Real Plaza Arequipa,0,0,0,0,0
20260129,2026-01-29,2026,1,January,16,A60001,9,Perfume Origen Signature,Perfumería,7,Real Plaza Arequipa,0,0,0,0,0
20260130,2026-01-30,2026,1,January,16,A60001,9,Perfume Origen Signature,Perfumería,7,Real Plaza Arequipa,0,0,0,0,0
20260131,2026-01-31,2026,1,January,16,A60001,9,Perfume Origen Signature,Perfumería,7,Real Plaza Arequipa,0,0,0,0,0
20260201,2026-02-01,2026,2,February,16,A60001,9,Perfume Origen Signature,Perfumería,7,Real Plaza Arequipa,0,0,0,0,0
20260202,2026-02-02,2026,2,February,16,A60001,9,Perfume Origen Signature,Perfumería,7,Real Plaza Arequipa,0,0,0,0,0
20260203,2026-02-03,2026,2,February,16,A60001,9,Perfume Origen Signature,Perfumería,7,Real Plaza Arequipa,0,0,0,0,0
20260204,2026-02-04,2026,2,February,16,A60001,9,Perfume Origen Signature,Perfumería,7,Real Plaza Arequipa,0,0,0,0,0
20260205,2026-02-05,2026,2,February,16,A60001,9,Perfume Origen Signature,Perfumería,7,Real Plaza Arequipa,0,0,0,0,0
20260206,2026-02-06,2026,2,February,16,A60001,9,Perfume Origen Signature,Perfumería,7,Real Plaza Arequipa,0,0,0,0,0
20260207,2026-02-07,2026,2,February,16,A60001,9,Perfume Origen Signature,Perfumería,7,Real Plaza Arequipa,0,0,0,0,0
20260208,2026-02-08,2026,2,February,16,A60001,9,Perfume Origen Signature,Perfumería,7,Real Plaza Arequipa,0,0,0,0,0
20260209,2026-02-09,2026,2,February,16,A60001,9,Perfume Origen Signature,Perfumería,7,Real Plaza Arequipa,0,0,0,0,0
20260210,2026-02-10,2026,2,February,16,A60001,9,Perfume Origen Signature,Perfumería,7,Real Plaza Arequipa,0,0,0,0,0
20260211,2026-02-11,2026,2,February,16,A60001,9,Perfume Origen Signature,Perfumería,7,Real Plaza Arequipa,0,0,0,0,0
20260212,2026-02-12,2026,2,February,16,A60001,9,Perfume Origen Signature,Perfumería,7,Real Plaza Arequipa,0,0,0,0,0
20260213,2026-02-13,2026,2,February,16,A60001,9,Perfume Origen Signature,Perfumería,7,Real Plaza Arequipa,0,0,0,0,0
20260214,2026-02-14,2026,2,February,16,A60001,9,Perfume Origen Signature,Perfumería,7,Real Plaza Arequipa,0,0,0,0,0
20260215,2026-02-15,2026,2,February,16,A60001,9,Perfume Origen Signature,Perfumería,7,Real Plaza Arequipa,0,0,0,0,0
20260216,2026-02-16,2026,2,February,16,A60001,9,Perfume Origen Signature,Perfumería,7,Real Plaza Arequipa,0,0,0,0,0
20260217,2026-02-17,2026,2,February,16,A60001,9,Perfume Origen Signature,Perfumería,7,Real Plaza Arequipa,0,0,0,0,0
20260218,2026-02-18,2026,2,February,16,A60001,9,Perfume Origen Signature,Perfumería,7,Real Plaza Arequipa,0,0,0,0,0
20260219,2026-02-19,2026,2,February,16,A60001,9,Perfume Origen Signature,Perfumería,7,Real Plaza Arequipa,0,0,0,0,0
20260220,2026-02-20,2026,2,February,16,A60001,9,Perfume Origen Signature,Perfumería,7,Real Plaza Arequipa,0,0,0,0,0
20260221,2026-02-21,2026,2,February,16,A60001,9,Perfume Origen Signature,Perfumería,7,Real Plaza Arequipa,0,0,0,0,0
20260222,2026-02-22,2026,2,February,16,A60001,9,Perfume Origen Signature,Perfumería,7,Real Plaza Arequipa,0,0,0,0,0
20260223,2026-02-23,2026,2,February,16,A60001,9,Perfume Origen Signature,Perfumería,7,Real Plaza Arequipa,0,0,0,0,0
20260224,2026-02-24,2026,2,February,16,A60001,9,Perfume Origen Signature,Perfumería,7,Real Plaza Arequipa,0,0,0,0,0
20260225,2026-02-25,2026,2,February,16,A60001,9,Perfume Origen Signature,Perfumería,7,Real Plaza Arequipa,0,0,0,0,0
20260226,2026-02-26,2026,2,February,16,A60001,9,Perfume Origen Signature,Perfumería,7,Real Plaza Arequipa,0,0,0,0,0
20260227,2026-02-27,2026,2,February,16,A60001,9,Perfume Origen Signature,Perfumería,7,Real Plaza Arequipa,0,0,0,0,0
20260228,2026-02-28,2026,2,February,16,A60001,9,Perfume Origen Signature,Perfumería,7,Real Plaza Arequipa,0,0,0,0,0
20260301,2026-03-01,2026,3,March,16,A60001,9,Perfume Origen Signature,Perfumería,7,Real Plaza Arequipa,0,0,0,0,0
20260302,2026-03-02,2026,3,March,16,A60001,9,Perfume Origen Signature,Perfumería,7,Real Plaza Arequipa,0,0,0,0,0
20260303,2026-03-03,2026,3,March,16,A60001,9,Perfume Origen Signature,Perfumería,7,Real Plaza Arequipa,0,0,0,0,0
20260304,2026-03-04,2026,3,March,16,A60001,9,Perfume Origen Signature,Perfumería,7,Real Plaza Arequipa,0,0,0,0,0
20260305,2026-03-05,2026,3,March,16,A60001,9,Perfume Origen Signature,Perfumería,7,Real Plaza Arequipa,0,0,0,0,0
20260306,2026-03-06,2026,3,March,16,A60001,9,Perfume Origen Signature,Perfumería,7,Real Plaza Arequipa,0,0,0,0,0
20260307,2026-03-07,2026,3,March,16,A60001,9,Perfume Origen Signature,Perfumería,7,Real Plaza Arequipa,0,0,0,0,0
20260308,2026-03-08,2026,3,March,16,A60001,9,Perfume Origen Signature,Perfumería,7,Real Plaza Arequipa,0,0,0,0,0
20260309,2026-03-09,2026,3,March,16,A60001,9,Perfume Origen Signature,Perfumería,7,Real Plaza Arequipa,0,0,0,0,0
20260310,2026-03-10,2026,3,March,16,A60001,9,Perfume Origen Signature,Perfumería,7,Real Plaza Arequipa,0,0,0,0,0
20260311,2026-03-11,2026,3,March,16,A60001,9,Perfume Origen Signature,Perfumería,7,Real Plaza Arequipa,0,0,0,0,0
20260312,2026-03-12,2026,3,March,16,A60001,9,Perfume Origen Signature,Perfumería,7,Real Plaza Arequipa,0,0,0,0,0
20260313,2026-03-13,2026,3,March,16,A60001,9,Perfume Origen Signature,Perfumería,7,Real Plaza Arequipa,0,0,0,0,0
20260314,2026-03-14,2026,3,March,16,A60001,9,Perfume Origen Signature,Perfumería,7,Real Plaza Arequipa,0,0,0,0,0
20260315,2026-03-15,2026,3,March,16,A60001,9,Perfume Origen Signature,Perfumería,7,Real Plaza Arequipa,0,0,0,0,0
20260316,2026-03-16,2026,3,March,16,A60001,9,Perfume Origen Signature,Perfumería,7,Real Plaza Arequipa,0,0,0,0,0
20260317,2026-03-17,2026,3,March,16,A60001,9,Perfume Origen Signature,Perfumería,7,Real Plaza Arequipa,0,0,0,0,0
20260318,2026-03-18,2026,3,March,16,A60001,9,Perfume Origen Signature,Perfumería,7,Real Plaza Arequipa,0,0,0,0,0
20260319,2026-03-19,2026,3,March,16,A60001,9,Perfume Origen Signature,Perfumería,7,Real Plaza Arequipa,0,0,0,0,0
20260320,2026-03-20,2026,3,March,16,A60001,9,Perfume Origen Signature,Perfumería,7,Real Plaza Arequipa,0,0,0,0,0
20260321,2026-03-21,2026,3,March,16,A60001,9,Perfume Origen Signature,Perfumería,7,Real Plaza Arequipa,0,0,0,0,0
20260322,2026-03-22,2026,3,March,16,A60001,9,Perfume Origen Signature,Perfumería,7,Real Plaza Arequipa,0,0,0,0,0
20260323,2026-03-23,2026,3,March,16,A60001,9,Perfume Origen Signature,Perfumería,7,Real Plaza Arequipa,0,0,0,0,0
20260324,2026-03-24,2026,3,March,16,A60001,9,Perfume Origen Signature,Perfumería,7,Real Plaza Arequipa,0,0,0,0,0
20260325,2026-03-25,2026,3,March,16,A60001,9,Perfume Origen Signature,Perfumería,7,Real Plaza Arequipa,0,0,0,0,0
20260326,2026-03-26,2026,3,March,16,A60001,9,Perfume Origen Signature,Perfumería,7,Real Plaza Arequipa,0,0,0,0,0
20260327,2026-03-27,2026,3,March,16,A60001,9,Perfume Origen Signature,Perfumería,7,Real Plaza Arequipa,0,0,0,0,0
20260328,2026-03-28,2026,3,March,16,A60001,9,Perfume Origen Signature,Perfumería,7,Real Plaza Arequipa,0,0,0,0,0
20260329,2026-03-29,2026,3,March,16,A60001,9,Perfume Origen Signature,Perfumería,7,Real Plaza Arequipa,0,0,0,0,0
20260330,2026-03-30,2026,3,March,16,A60001,9,Perfume Origen Signature,Perfumería,7,Real Plaza Arequipa,0,0,0,0,0
20260331,2026-03-31,2026,3,March,16,A60001,9,Perfume Origen Signature,Perfumería,7,Real Plaza Arequipa,0,0,0,0,0
20260101,2026-01-01,2026,1,January,16,A60001,9,Perfume Origen Signature,Perfumería,8,Mall Aventura Trujillo,0,0,0,0,0
20260102,2026-01-02,2026,1,Enero,16,A60001,9,Perfume Origen Signature,Perfumería,8,Mall Aventura Trujillo,0,0,0,0,0
20260103,2026-01-03,2026,1,Enero,16,A60001,9,Perfume Origen Signature,Perfumería,8,Mall Aventura Trujillo,0,0,0,0,0
20260104,2026-01-04,2026,1,Enero,16,A60001,9,Perfume Origen Signature,Perfumería,8,Mall Aventura Trujillo,0,0,0,0,0
20260105,2026-01-05,2026,1,January,16,A60001,9,Perfume Origen Signature,Perfumería,8,Mall Aventura Trujillo,0,0,0,0,0
20260106,2026-01-06,2026,1,January,16,A60001,9,Perfume Origen Signature,Perfumería,8,Mall Aventura Trujillo,0,0,0,0,0
20260107,2026-01-07,2026,1,January,16,A60001,9,Perfume Origen Signature,Perfumería,8,Mall Aventura Trujillo,0,0,0,0,0
20260108,2026-01-08,2026,1,January,16,A60001,9,Perfume Origen Signature,Perfumería,8,Mall Aventura Trujillo,0,0,0,0,0
20260109,2026-01-09,2026,1,January,16,A60001,9,Perfume Origen Signature,Perfumería,8,Mall Aventura Trujillo,0,0,0,0,0
20260110,2026-01-10,2026,1,January,16,A60001,9,Perfume Origen Signature,Perfumería,8,Mall Aventura Trujillo,0,0,0,0,0
20260111,2026-01-11,2026,1,January,16,A60001,9,Perfume Origen Signature,Perfumería,8,Mall Aventura Trujillo,0,0,0,0,0
20260112,2026-01-12,2026,1,January,16,A60001,9,Perfume Origen Signature,Perfumería,8,Mall Aventura Trujillo,0,0,0,0,0
20260113,2026-01-13,2026,1,January,16,A60001,9,Perfume Origen Signature,Perfumería,8,Mall Aventura Trujillo,0,0,0,0,0
20260114,2026-01-14,2026,1,January,16,A60001,9,Perfume Origen Signature,Perfumería,8,Mall Aventura Trujillo,0,0,0,0,0
20260115,2026-01-15,2026,1,January,16,A60001,9,Perfume Origen Signature,Perfumería,8,Mall Aventura Trujillo,0,0,0,0,0
20260116,2026-01-16,2026,1,January,16,A60001,9,Perfume Origen Signature,Perfumería,8,Mall Aventura Trujillo,0,0,0,0,0
20260117,2026-01-17,2026,1,January,16,A60001,9,Perfume Origen Signature,Perfumería,8,Mall Aventura Trujillo,0,0,0,0,0
20260118,2026-01-18,2026,1,January,16,A60001,9,Perfume Origen Signature,Perfumería,8,Mall Aventura Trujillo,0,0,0,0,0
20260119,2026-01-19,2026,1,January,16,A60001,9,Perfume Origen Signature,Perfumería,8,Mall Aventura Trujillo,0,0,0,0,0
20260120,2026-01-20,2026,1,January,16,A60001,9,Perfume Origen Signature,Perfumería,8,Mall Aventura Trujillo,0,0,0,0,0
20260121,2026-01-21,2026,1,January,16,A60001,9,Perfume Origen Signature,Perfumería,8,Mall Aventura Trujillo,0,0,0,0,0
20260122,2026-01-22,2026,1,January,16,A60001,9,Perfume Origen Signature,Perfumería,8,Mall Aventura Trujillo,0,0,0,0,0
20260123,2026-01-23,2026,1,January,16,A60001,9,Perfume Origen Signature,Perfumería,8,Mall Aventura Trujillo,0,0,0,0,0
20260124,2026-01-24,2026,1,January,16,A60001,9,Perfume Origen Signature,Perfumería,8,Mall Aventura Trujillo,0,0,0,0,0
20260125,2026-01-25,2026,1,January,16,A60001,9,Perfume Origen Signature,Perfumería,8,Mall Aventura Trujillo,0,0,0,0,0
20260126,2026-01-26,2026,1,January,16,A60001,9,Perfume Origen Signature,Perfumería,8,Mall Aventura Trujillo,0,0,0,0,0
20260127,2026-01-27,2026,1,January,16,A60001,9,Perfume Origen Signature,Perfumería,8,Mall Aventura Trujillo,0,0,0,0,0
20260128,2026-01-28,2026,1,January,16,A60001,9,Perfume Origen Signature,Perfumería,8,Mall Aventura Trujillo,0,0,0,0,0
20260129,2026-01-29,2026,1,January,16,A60001,9,Perfume Origen Signature,Perfumería,8,Mall Aventura Trujillo,0,0,0,0,0
20260130,2026-01-30,2026,1,January,16,A60001,9,Perfume Origen Signature,Perfumería,8,Mall Aventura Trujillo,0,0,0,0,0
20260131,2026-01-31,2026,1,January,16,A60001,9,Perfume Origen Signature,Perfumería,8,Mall Aventura Trujillo,0,0,0,0,0
20260201,2026-02-01,2026,2,February,16,A60001,9,Perfume Origen Signature,Perfumería,8,Mall Aventura Trujillo,0,0,0,0,0
20260202,2026-02-02,2026,2,February,16,A60001,9,Perfume Origen Signature,Perfumería,8,Mall Aventura Trujillo,0,0,0,0,0
20260203,2026-02-03,2026,2,February,16,A60001,9,Perfume Origen Signature,Perfumería,8,Mall Aventura Trujillo,0,0,0,0,0
20260204,2026-02-04,2026,2,February,16,A60001,9,Perfume Origen Signature,Perfumería,8,Mall Aventura Trujillo,0,0,0,0,0
20260205,2026-02-05,2026,2,February,16,A60001,9,Perfume Origen Signature,Perfumería,8,Mall Aventura Trujillo,0,0,0,0,0
20260206,2026-02-06,2026,2,February,16,A60001,9,Perfume Origen Signature,Perfumería,8,Mall Aventura Trujillo,0,0,0,0,0
20260207,2026-02-07,2026,2,February,16,A60001,9,Perfume Origen Signature,Perfumería,8,Mall Aventura Trujillo,0,0,0,0,0
20260208,2026-02-08,2026,2,February,16,A60001,9,Perfume Origen Signature,Perfumería,8,Mall Aventura Trujillo,0,0,0,0,0
20260209,2026-02-09,2026,2,February,16,A60001,9,Perfume Origen Signature,Perfumería,8,Mall Aventura Trujillo,0,0,0,0,0
20260210,2026-02-10,2026,2,February,16,A60001,9,Perfume Origen Signature,Perfumería,8,Mall Aventura Trujillo,0,0,0,0,0
20260211,2026-02-11,2026,2,February,16,A60001,9,Perfume Origen Signature,Perfumería,8,Mall Aventura Trujillo,0,0,0,0,0
20260212,2026-02-12,2026,2,February,16,A60001,9,Perfume Origen Signature,Perfumería,8,Mall Aventura Trujillo,0,0,0,0,0
20260213,2026-02-13,2026,2,February,16,A60001,9,Perfume Origen Signature,Perfumería,8,Mall Aventura Trujillo,0,0,0,0,0
20260214,2026-02-14,2026,2,February,16,A60001,9,Perfume Origen Signature,Perfumería,8,Mall Aventura Trujillo,0,0,0,0,0
20260215,2026-02-15,2026,2,February,16,A60001,9,Perfume Origen Signature,Perfumería,8,Mall Aventura Trujillo,0,0,0,0,0
20260216,2026-02-16,2026,2,February,16,A60001,9,Perfume Origen Signature,Perfumería,8,Mall Aventura Trujillo,0,0,0,0,0
20260217,2026-02-17,2026,2,February,16,A60001,9,Perfume Origen Signature,Perfumería,8,Mall Aventura Trujillo,0,0,0,0,0
20260218,2026-02-18,2026,2,February,16,A60001,9,Perfume Origen Signature,Perfumería,8,Mall Aventura Trujillo,0,0,0,0,0
20260219,2026-02-19,2026,2,February,16,A60001,9,Perfume Origen Signature,Perfumería,8,Mall Aventura Trujillo,0,0,0,0,0
20260220,2026-02-20,2026,2,February,16,A60001,9,Perfume Origen Signature,Perfumería,8,Mall Aventura Trujillo,0,0,0,0,0
20260221,2026-02-21,2026,2,February,16,A60001,9,Perfume Origen Signature,Perfumería,8,Mall Aventura Trujillo,0,0,0,0,0
20260222,2026-02-22,2026,2,February,16,A60001,9,Perfume Origen Signature,Perfumería,8,Mall Aventura Trujillo,0,0,0,0,0
20260223,2026-02-23,2026,2,February,16,A60001,9,Perfume Origen Signature,Perfumería,8,Mall Aventura Trujillo,0,0,0,0,0
20260224,2026-02-24,2026,2,February,16,A60001,9,Perfume Origen Signature,Perfumería,8,Mall Aventura Trujillo,0,0,0,0,0
20260225,2026-02-25,2026,2,February,16,A60001,9,Perfume Origen Signature,Perfumería,8,Mall Aventura Trujillo,0,0,0,0,0
20260226,2026-02-26,2026,2,February,16,A60001,9,Perfume Origen Signature,Perfumería,8,Mall Aventura Trujillo,0,0,0,0,0
20260227,2026-02-27,2026,2,February,16,A60001,9,Perfume Origen Signature,Perfumería,8,Mall Aventura Trujillo,0,0,0,0,0
20260228,2026-02-28,2026,2,February,16,A60001,9,Perfume Origen Signature,Perfumería,8,Mall Aventura Trujillo,0,0,0,0,0
20260301,2026-03-01,2026,3,March,16,A60001,9,Perfume Origen Signature,Perfumería,8,Mall Aventura Trujillo,0,0,0,0,0
20260302,2026-03-02,2026,3,March,16,A60001,9,Perfume Origen Signature,Perfumería,8,Mall Aventura Trujillo,0,0,0,0,0
20260303,2026-03-03,2026,3,March,16,A60001,9,Perfume Origen Signature,Perfumería,8,Mall Aventura Trujillo,0,0,0,0,0
20260304,2026-03-04,2026,3,March,16,A60001,9,Perfume Origen Signature,Perfumería,8,Mall Aventura Trujillo,0,0,0,0,0
20260305,2026-03-05,2026,3,March,16,A60001,9,Perfume Origen Signature,Perfumería,8,Mall Aventura Trujillo,0,0,0,0,0
20260306,2026-03-06,2026,3,March,16,A60001,9,Perfume Origen Signature,Perfumería,8,Mall Aventura Trujillo,0,0,0,0,0
20260307,2026-03-07,2026,3,March,16,A60001,9,Perfume Origen Signature,Perfumería,8,Mall Aventura Trujillo,0,0,0,0,0
20260308,2026-03-08,2026,3,March,16,A60001,9,Perfume Origen Signature,Perfumería,8,Mall Aventura Trujillo,0,0,0,0,0
20260309,2026-03-09,2026,3,March,16,A60001,9,Perfume Origen Signature,Perfumería,8,Mall Aventura Trujillo,0,0,0,0,0
20260310,2026-03-10,2026,3,March,16,A60001,9,Perfume Origen Signature,Perfumería,8,Mall Aventura Trujillo,0,0,0,0,0
20260311,2026-03-11,2026,3,March,16,A60001,9,Perfume Origen Signature,Perfumería,8,Mall Aventura Trujillo,0,0,0,0,0
20260312,2026-03-12,2026,3,March,16,A60001,9,Perfume Origen Signature,Perfumería,8,Mall Aventura Trujillo,0,0,0,0,0
20260313,2026-03-13,2026,3,March,16,A60001,9,Perfume Origen Signature,Perfumería,8,Mall Aventura Trujillo,0,0,0,0,0
20260314,2026-03-14,2026,3,March,16,A60001,9,Perfume Origen Signature,Perfumería,8,Mall Aventura Trujillo,0,0,0,0,0
20260315,2026-03-15,2026,3,March,16,A60001,9,Perfume Origen Signature,Perfumería,8,Mall Aventura Trujillo,0,0,0,0,0
20260316,2026-03-16,2026,3,March,16,A60001,9,Perfume Origen Signature,Perfumería,8,Mall Aventura Trujillo,0,0,0,0,0
20260317,2026-03-17,2026,3,March,16,A60001,9,Perfume Origen Signature,Perfumería,8,Mall Aventura Trujillo,0,0,0,0,0
20260318,2026-03-18,2026,3,March,16,A60001,9,Perfume Origen Signature,Perfumería,8,Mall Aventura Trujillo,0,0,0,0,0
20260319,2026-03-19,2026,3,March,16,A60001,9,Perfume Origen Signature,Perfumería,8,Mall Aventura Trujillo,0,0,0,0,0
20260320,2026-03-20,2026,3,March,16,A60001,9,Perfume Origen Signature,Perfumería,8,Mall Aventura Trujillo,0,0,0,0,0
20260321,2026-03-21,2026,3,March,16,A60001,9,Perfume Origen Signature,Perfumería,8,Mall Aventura Trujillo,0,0,0,0,0
20260322,2026-03-22,2026,3,March,16,A60001,9,Perfume Origen Signature,Perfumería,8,Mall Aventura Trujillo,0,0,0,0,0
20260323,2026-03-23,2026,3,March,16,A60001,9,Perfume Origen Signature,Perfumería,8,Mall Aventura Trujillo,0,0,0,0,0
20260324,2026-03-24,2026,3,March,16,A60001,9,Perfume Origen Signature,Perfumería,8,Mall Aventura Trujillo,0,0,0,0,0
20260325,2026-03-25,2026,3,March,16,A60001,9,Perfume Origen Signature,Perfumería,8,Mall Aventura Trujillo,0,0,0,0,0
20260326,2026-03-26,2026,3,March,16,A60001,9,Perfume Origen Signature,Perfumería,8,Mall Aventura Trujillo,0,0,0,0,0
20260327,2026-03-27,2026,3,March,16,A60001,9,Perfume Origen Signature,Perfumería,8,Mall Aventura Trujillo,0,0,0,0,0
20260328,2026-03-28,2026,3,March,16,A60001,9,Perfume Origen Signature,Perfumería,8,Mall Aventura Trujillo,0,0,0,0,0
20260329,2026-03-29,2026,3,March,16,A60001,9,Perfume Origen Signature,Perfumería,8,Mall Aventura Trujillo,0,0,0,0,0
20260330,2026-03-30,2026,3,March,16,A60001,9,Perfume Origen Signature,Perfumería,8,Mall Aventura Trujillo,0,0,0,0,0
20260331,2026-03-31,2026,3,March,16,A60001,9,Perfume Origen Signature,Perfumería,8,Mall Aventura Trujillo,0,0,0,0,0
20260101,2026-01-01,2026,1,January,17,A60002,9,Perfume Origen Signature,Perfumería,5,Web Nacional,0,0,0,0,0
20260102,2026-01-02,2026,1,Enero,17,A60002,9,Perfume Origen Signature,Perfumería,5,Web Nacional,0,0,0,0,0
20260103,2026-01-03,2026,1,Enero,17,A60002,9,Perfume Origen Signature,Perfumería,5,Web Nacional,0,0,0,0,0
20260104,2026-01-04,2026,1,Enero,17,A60002,9,Perfume Origen Signature,Perfumería,5,Web Nacional,0,0,0,0,0
20260105,2026-01-05,2026,1,January,17,A60002,9,Perfume Origen Signature,Perfumería,5,Web Nacional,0,0,0,0,0
20260106,2026-01-06,2026,1,January,17,A60002,9,Perfume Origen Signature,Perfumería,5,Web Nacional,0,0,0,0,0
20260107,2026-01-07,2026,1,January,17,A60002,9,Perfume Origen Signature,Perfumería,5,Web Nacional,0,0,0,0,0
20260108,2026-01-08,2026,1,January,17,A60002,9,Perfume Origen Signature,Perfumería,5,Web Nacional,0,0,0,0,0
20260109,2026-01-09,2026,1,January,17,A60002,9,Perfume Origen Signature,Perfumería,5,Web Nacional,0,0,0,0,0
20260110,2026-01-10,2026,1,January,17,A60002,9,Perfume Origen Signature,Perfumería,5,Web Nacional,0,0,0,0,0
20260111,2026-01-11,2026,1,January,17,A60002,9,Perfume Origen Signature,Perfumería,5,Web Nacional,0,0,0,0,0
20260112,2026-01-12,2026,1,January,17,A60002,9,Perfume Origen Signature,Perfumería,5,Web Nacional,0,0,0,0,0
20260113,2026-01-13,2026,1,January,17,A60002,9,Perfume Origen Signature,Perfumería,5,Web Nacional,0,0,0,0,0
20260114,2026-01-14,2026,1,January,17,A60002,9,Perfume Origen Signature,Perfumería,5,Web Nacional,0,0,0,0,0
20260115,2026-01-15,2026,1,January,17,A60002,9,Perfume Origen Signature,Perfumería,5,Web Nacional,0,0,0,0,0
20260116,2026-01-16,2026,1,January,17,A60002,9,Perfume Origen Signature,Perfumería,5,Web Nacional,0,0,0,0,0
20260117,2026-01-17,2026,1,January,17,A60002,9,Perfume Origen Signature,Perfumería,5,Web Nacional,0,0,0,0,0
20260118,2026-01-18,2026,1,January,17,A60002,9,Perfume Origen Signature,Perfumería,5,Web Nacional,0,0,0,0,0
20260119,2026-01-19,2026,1,January,17,A60002,9,Perfume Origen Signature,Perfumería,5,Web Nacional,0,0,0,0,0
20260120,2026-01-20,2026,1,January,17,A60002,9,Perfume Origen Signature,Perfumería,5,Web Nacional,0,0,0,0,0
20260121,2026-01-21,2026,1,January,17,A60002,9,Perfume Origen Signature,Perfumería,5,Web Nacional,0,0,0,0,0
20260122,2026-01-22,2026,1,January,17,A60002,9,Perfume Origen Signature,Perfumería,5,Web Nacional,0,0,0,0,0
20260123,2026-01-23,2026,1,January,17,A60002,9,Perfume Origen Signature,Perfumería,5,Web Nacional,0,0,0,0,0
20260124,2026-01-24,2026,1,January,17,A60002,9,Perfume Origen Signature,Perfumería,5,Web Nacional,0,0,0,0,0
20260125,2026-01-25,2026,1,January,17,A60002,9,Perfume Origen Signature,Perfumería,5,Web Nacional,0,0,0,0,0
20260126,2026-01-26,2026,1,January,17,A60002,9,Perfume Origen Signature,Perfumería,5,Web Nacional,0,0,0,0,0
20260127,2026-01-27,2026,1,January,17,A60002,9,Perfume Origen Signature,Perfumería,5,Web Nacional,0,0,0,0,0
20260128,2026-01-28,2026,1,January,17,A60002,9,Perfume Origen Signature,Perfumería,5,Web Nacional,0,0,0,0,0
20260129,2026-01-29,2026,1,January,17,A60002,9,Perfume Origen Signature,Perfumería,5,Web Nacional,0,0,0,0,0
20260130,2026-01-30,2026,1,January,17,A60002,9,Perfume Origen Signature,Perfumería,5,Web Nacional,0,0,0,0,0
20260131,2026-01-31,2026,1,January,17,A60002,9,Perfume Origen Signature,Perfumería,5,Web Nacional,0,0,0,0,0
20260201,2026-02-01,2026,2,February,17,A60002,9,Perfume Origen Signature,Perfumería,5,Web Nacional,0,0,0,0,0
20260202,2026-02-02,2026,2,February,17,A60002,9,Perfume Origen Signature,Perfumería,5,Web Nacional,0,0,0,0,0
20260203,2026-02-03,2026,2,February,17,A60002,9,Perfume Origen Signature,Perfumería,5,Web Nacional,0,0,0,0,0
20260204,2026-02-04,2026,2,February,17,A60002,9,Perfume Origen Signature,Perfumería,5,Web Nacional,0,0,0,0,0
20260205,2026-02-05,2026,2,February,17,A60002,9,Perfume Origen Signature,Perfumería,5,Web Nacional,0,0,0,0,0
20260206,2026-02-06,2026,2,February,17,A60002,9,Perfume Origen Signature,Perfumería,5,Web Nacional,0,0,0,0,0
20260207,2026-02-07,2026,2,February,17,A60002,9,Perfume Origen Signature,Perfumería,5,Web Nacional,0,0,0,0,0
20260208,2026-02-08,2026,2,February,17,A60002,9,Perfume Origen Signature,Perfumería,5,Web Nacional,0,0,0,0,0
20260209,2026-02-09,2026,2,February,17,A60002,9,Perfume Origen Signature,Perfumería,5,Web Nacional,0,0,0,0,0
20260210,2026-02-10,2026,2,February,17,A60002,9,Perfume Origen Signature,Perfumería,5,Web Nacional,0,0,0,0,0
20260211,2026-02-11,2026,2,February,17,A60002,9,Perfume Origen Signature,Perfumería,5,Web Nacional,0,0,0,0,0
20260212,2026-02-12,2026,2,February,17,A60002,9,Perfume Origen Signature,Perfumería,5,Web Nacional,0,0,0,0,0
20260213,2026-02-13,2026,2,February,17,A60002,9,Perfume Origen Signature,Perfumería,5,Web Nacional,0,0,0,0,0
20260214,2026-02-14,2026,2,February,17,A60002,9,Perfume Origen Signature,Perfumería,5,Web Nacional,0,0,0,0,0
20260215,2026-02-15,2026,2,February,17,A60002,9,Perfume Origen Signature,Perfumería,5,Web Nacional,0,0,0,0,0
20260216,2026-02-16,2026,2,February,17,A60002,9,Perfume Origen Signature,Perfumería,5,Web Nacional,0,0,0,0,0
20260217,2026-02-17,2026,2,February,17,A60002,9,Perfume Origen Signature,Perfumería,5,Web Nacional,0,0,0,0,0
20260218,2026-02-18,2026,2,February,17,A60002,9,Perfume Origen Signature,Perfumería,5,Web Nacional,0,0,0,0,0
20260219,2026-02-19,2026,2,February,17,A60002,9,Perfume Origen Signature,Perfumería,5,Web Nacional,0,0,0,0,0
20260220,2026-02-20,2026,2,February,17,A60002,9,Perfume Origen Signature,Perfumería,5,Web Nacional,0,0,0,0,0
20260221,2026-02-21,2026,2,February,17,A60002,9,Perfume Origen Signature,Perfumería,5,Web Nacional,0,0,0,0,0
20260222,2026-02-22,2026,2,February,17,A60002,9,Perfume Origen Signature,Perfumería,5,Web Nacional,0,0,0,0,0
20260223,2026-02-23,2026,2,February,17,A60002,9,Perfume Origen Signature,Perfumería,5,Web Nacional,0,0,0,0,0
20260224,2026-02-24,2026,2,February,17,A60002,9,Perfume Origen Signature,Perfumería,5,Web Nacional,0,0,0,0,0
20260225,2026-02-25,2026,2,February,17,A60002,9,Perfume Origen Signature,Perfumería,5,Web Nacional,0,0,0,0,0
20260226,2026-02-26,2026,2,February,17,A60002,9,Perfume Origen Signature,Perfumería,5,Web Nacional,0,0,0,0,0
20260227,2026-02-27,2026,2,February,17,A60002,9,Perfume Origen Signature,Perfumería,5,Web Nacional,0,0,0,0,0
20260228,2026-02-28,2026,2,February,17,A60002,9,Perfume Origen Signature,Perfumería,5,Web Nacional,0,0,0,0,0
20260301,2026-03-01,2026,3,March,17,A60002,9,Perfume Origen Signature,Perfumería,5,Web Nacional,0,0,0,0,0
20260302,2026-03-02,2026,3,March,17,A60002,9,Perfume Origen Signature,Perfumería,5,Web Nacional,0,0,0,0,0
20260303,2026-03-03,2026,3,March,17,A60002,9,Perfume Origen Signature,Perfumería,5,Web Nacional,0,0,0,0,0
20260304,2026-03-04,2026,3,March,17,A60002,9,Perfume Origen Signature,Perfumería,5,Web Nacional,0,0,0,0,0
20260305,2026-03-05,2026,3,March,17,A60002,9,Perfume Origen Signature,Perfumería,5,Web Nacional,0,0,0,0,0
20260306,2026-03-06,2026,3,March,17,A60002,9,Perfume Origen Signature,Perfumería,5,Web Nacional,0,0,0,0,0
20260307,2026-03-07,2026,3,March,17,A60002,9,Perfume Origen Signature,Perfumería,5,Web Nacional,0,0,0,0,0
20260308,2026-03-08,2026,3,March,17,A60002,9,Perfume Origen Signature,Perfumería,5,Web Nacional,0,0,0,0,0
20260309,2026-03-09,2026,3,March,17,A60002,9,Perfume Origen Signature,Perfumería,5,Web Nacional,0,0,0,0,0
20260310,2026-03-10,2026,3,March,17,A60002,9,Perfume Origen Signature,Perfumería,5,Web Nacional,0,0,0,0,0
20260311,2026-03-11,2026,3,March,17,A60002,9,Perfume Origen Signature,Perfumería,5,Web Nacional,0,0,0,0,0
20260312,2026-03-12,2026,3,March,17,A60002,9,Perfume Origen Signature,Perfumería,5,Web Nacional,0,0,0,0,0
20260313,2026-03-13,2026,3,March,17,A60002,9,Perfume Origen Signature,Perfumería,5,Web Nacional,0,0,0,0,0
20260314,2026-03-14,2026,3,March,17,A60002,9,Perfume Origen Signature,Perfumería,5,Web Nacional,0,0,0,0,0
20260315,2026-03-15,2026,3,March,17,A60002,9,Perfume Origen Signature,Perfumería,5,Web Nacional,0,0,0,0,0
20260316,2026-03-16,2026,3,March,17,A60002,9,Perfume Origen Signature,Perfumería,5,Web Nacional,0,0,0,0,0
20260317,2026-03-17,2026,3,March,17,A60002,9,Perfume Origen Signature,Perfumería,5,Web Nacional,0,0,0,0,0
20260318,2026-03-18,2026,3,March,17,A60002,9,Perfume Origen Signature,Perfumería,5,Web Nacional,0,0,0,0,0
20260319,2026-03-19,2026,3,March,17,A60002,9,Perfume Origen Signature,Perfumería,5,Web Nacional,0,0,0,0,0
20260320,2026-03-20,2026,3,March,17,A60002,9,Perfume Origen Signature,Perfumería,5,Web Nacional,0,0,0,0,0
20260321,2026-03-21,2026,3,March,17,A60002,9,Perfume Origen Signature,Perfumería,5,Web Nacional,0,0,0,0,0
20260322,2026-03-22,2026,3,March,17,A60002,9,Perfume Origen Signature,Perfumería,5,Web Nacional,0,0,0,0,0
20260323,2026-03-23,2026,3,March,17,A60002,9,Perfume Origen Signature,Perfumería,5,Web Nacional,0,0,0,0,0
20260324,2026-03-24,2026,3,March,17,A60002,9,Perfume Origen Signature,Perfumería,5,Web Nacional,0,0,0,0,0
20260325,2026-03-25,2026,3,March,17,A60002,9,Perfume Origen Signature,Perfumería,5,Web Nacional,0,0,0,0,0
20260326,2026-03-26,2026,3,March,17,A60002,9,Perfume Origen Signature,Perfumería,5,Web Nacional,0,0,0,0,0
20260327,2026-03-27,2026,3,March,17,A60002,9,Perfume Origen Signature,Perfumería,5,Web Nacional,0,0,0,0,0
20260328,2026-03-28,2026,3,March,17,A60002,9,Perfume Origen Signature,Perfumería,5,Web Nacional,0,0,0,0,0
20260329,2026-03-29,2026,3,March,17,A60002,9,Perfume Origen Signature,Perfumería,5,Web Nacional,0,0,0,0,0
20260330,2026-03-30,2026,3,March,17,A60002,9,Perfume Origen Signature,Perfumería,5,Web Nacional,0,0,0,0,0
20260331,2026-03-31,2026,3,March,17,A60002,9,Perfume Origen Signature,Perfumería,5,Web Nacional,0,0,0,0,0
20260101,2026-01-01,2026,1,January,17,A60002,9,Perfume Origen Signature,Perfumería,6,Jockey Plaza,0,0,0,0,0
20260102,2026-01-02,2026,1,Enero,17,A60002,9,Perfume Origen Signature,Perfumería,6,Jockey Plaza,0,0,0,0,0
20260103,2026-01-03,2026,1,Enero,17,A60002,9,Perfume Origen Signature,Perfumería,6,Jockey Plaza,0,0,0,0,0
20260104,2026-01-04,2026,1,Enero,17,A60002,9,Perfume Origen Signature,Perfumería,6,Jockey Plaza,0,0,0,0,0
20260105,2026-01-05,2026,1,January,17,A60002,9,Perfume Origen Signature,Perfumería,6,Jockey Plaza,0,0,0,0,0
20260106,2026-01-06,2026,1,January,17,A60002,9,Perfume Origen Signature,Perfumería,6,Jockey Plaza,0,0,0,0,0
20260107,2026-01-07,2026,1,January,17,A60002,9,Perfume Origen Signature,Perfumería,6,Jockey Plaza,0,0,0,0,0
20260108,2026-01-08,2026,1,January,17,A60002,9,Perfume Origen Signature,Perfumería,6,Jockey Plaza,0,0,0,0,0
20260109,2026-01-09,2026,1,January,17,A60002,9,Perfume Origen Signature,Perfumería,6,Jockey Plaza,0,0,0,0,0
20260110,2026-01-10,2026,1,January,17,A60002,9,Perfume Origen Signature,Perfumería,6,Jockey Plaza,0,0,0,0,0
20260111,2026-01-11,2026,1,January,17,A60002,9,Perfume Origen Signature,Perfumería,6,Jockey Plaza,0,0,0,0,0
20260112,2026-01-12,2026,1,January,17,A60002,9,Perfume Origen Signature,Perfumería,6,Jockey Plaza,0,0,0,0,0
20260113,2026-01-13,2026,1,January,17,A60002,9,Perfume Origen Signature,Perfumería,6,Jockey Plaza,0,0,0,0,0
20260114,2026-01-14,2026,1,January,17,A60002,9,Perfume Origen Signature,Perfumería,6,Jockey Plaza,0,0,0,0,0
20260115,2026-01-15,2026,1,January,17,A60002,9,Perfume Origen Signature,Perfumería,6,Jockey Plaza,0,0,0,0,0
20260116,2026-01-16,2026,1,January,17,A60002,9,Perfume Origen Signature,Perfumería,6,Jockey Plaza,0,0,0,0,0
20260117,2026-01-17,2026,1,January,17,A60002,9,Perfume Origen Signature,Perfumería,6,Jockey Plaza,0,0,0,0,0
20260118,2026-01-18,2026,1,January,17,A60002,9,Perfume Origen Signature,Perfumería,6,Jockey Plaza,0,0,0,0,0
20260119,2026-01-19,2026,1,January,17,A60002,9,Perfume Origen Signature,Perfumería,6,Jockey Plaza,0,0,0,0,0
20260120,2026-01-20,2026,1,January,17,A60002,9,Perfume Origen Signature,Perfumería,6,Jockey Plaza,0,0,0,0,0
20260121,2026-01-21,2026,1,January,17,A60002,9,Perfume Origen Signature,Perfumería,6,Jockey Plaza,0,0,0,0,0
20260122,2026-01-22,2026,1,January,17,A60002,9,Perfume Origen Signature,Perfumería,6,Jockey Plaza,0,0,0,0,0
20260123,2026-01-23,2026,1,January,17,A60002,9,Perfume Origen Signature,Perfumería,6,Jockey Plaza,0,0,0,0,0
20260124,2026-01-24,2026,1,January,17,A60002,9,Perfume Origen Signature,Perfumería,6,Jockey Plaza,0,0,0,0,0
20260125,2026-01-25,2026,1,January,17,A60002,9,Perfume Origen Signature,Perfumería,6,Jockey Plaza,0,0,0,0,0
20260126,2026-01-26,2026,1,January,17,A60002,9,Perfume Origen Signature,Perfumería,6,Jockey Plaza,0,0,0,0,0
20260127,2026-01-27,2026,1,January,17,A60002,9,Perfume Origen Signature,Perfumería,6,Jockey Plaza,0,0,0,0,0
20260128,2026-01-28,2026,1,January,17,A60002,9,Perfume Origen Signature,Perfumería,6,Jockey Plaza,0,0,0,0,0
20260129,2026-01-29,2026,1,January,17,A60002,9,Perfume Origen Signature,Perfumería,6,Jockey Plaza,0,0,0,0,0
20260130,2026-01-30,2026,1,January,17,A60002,9,Perfume Origen Signature,Perfumería,6,Jockey Plaza,0,0,0,0,0
20260131,2026-01-31,2026,1,January,17,A60002,9,Perfume Origen Signature,Perfumería,6,Jockey Plaza,0,0,0,0,0
20260201,2026-02-01,2026,2,February,17,A60002,9,Perfume Origen Signature,Perfumería,6,Jockey Plaza,0,0,0,0,0
20260202,2026-02-02,2026,2,February,17,A60002,9,Perfume Origen Signature,Perfumería,6,Jockey Plaza,0,0,0,0,0
20260203,2026-02-03,2026,2,February,17,A60002,9,Perfume Origen Signature,Perfumería,6,Jockey Plaza,0,0,0,0,0
20260204,2026-02-04,2026,2,February,17,A60002,9,Perfume Origen Signature,Perfumería,6,Jockey Plaza,0,0,0,0,0
20260205,2026-02-05,2026,2,February,17,A60002,9,Perfume Origen Signature,Perfumería,6,Jockey Plaza,0,0,0,0,0
20260206,2026-02-06,2026,2,February,17,A60002,9,Perfume Origen Signature,Perfumería,6,Jockey Plaza,0,0,0,0,0
20260207,2026-02-07,2026,2,February,17,A60002,9,Perfume Origen Signature,Perfumería,6,Jockey Plaza,0,0,0,0,0
20260208,2026-02-08,2026,2,February,17,A60002,9,Perfume Origen Signature,Perfumería,6,Jockey Plaza,0,0,0,0,0
20260209,2026-02-09,2026,2,February,17,A60002,9,Perfume Origen Signature,Perfumería,6,Jockey Plaza,0,0,0,0,0
20260210,2026-02-10,2026,2,February,17,A60002,9,Perfume Origen Signature,Perfumería,6,Jockey Plaza,0,0,0,0,0
20260211,2026-02-11,2026,2,February,17,A60002,9,Perfume Origen Signature,Perfumería,6,Jockey Plaza,0,0,0,0,0
20260212,2026-02-12,2026,2,February,17,A60002,9,Perfume Origen Signature,Perfumería,6,Jockey Plaza,0,0,0,0,0
20260213,2026-02-13,2026,2,February,17,A60002,9,Perfume Origen Signature,Perfumería,6,Jockey Plaza,0,0,0,0,0
20260214,2026-02-14,2026,2,February,17,A60002,9,Perfume Origen Signature,Perfumería,6,Jockey Plaza,0,0,0,0,0
20260215,2026-02-15,2026,2,February,17,A60002,9,Perfume Origen Signature,Perfumería,6,Jockey Plaza,0,0,0,0,0
20260216,2026-02-16,2026,2,February,17,A60002,9,Perfume Origen Signature,Perfumería,6,Jockey Plaza,0,0,0,0,0
20260217,2026-02-17,2026,2,February,17,A60002,9,Perfume Origen Signature,Perfumería,6,Jockey Plaza,0,0,0,0,0
20260218,2026-02-18,2026,2,February,17,A60002,9,Perfume Origen Signature,Perfumería,6,Jockey Plaza,0,0,0,0,0
20260219,2026-02-19,2026,2,February,17,A60002,9,Perfume Origen Signature,Perfumería,6,Jockey Plaza,0,0,0,0,0
20260220,2026-02-20,2026,2,February,17,A60002,9,Perfume Origen Signature,Perfumería,6,Jockey Plaza,0,0,0,0,0
20260221,2026-02-21,2026,2,February,17,A60002,9,Perfume Origen Signature,Perfumería,6,Jockey Plaza,0,0,0,0,0
20260222,2026-02-22,2026,2,February,17,A60002,9,Perfume Origen Signature,Perfumería,6,Jockey Plaza,0,0,0,0,0
20260223,2026-02-23,2026,2,February,17,A60002,9,Perfume Origen Signature,Perfumería,6,Jockey Plaza,0,0,0,0,0
20260224,2026-02-24,2026,2,February,17,A60002,9,Perfume Origen Signature,Perfumería,6,Jockey Plaza,0,0,0,0,0
20260225,2026-02-25,2026,2,February,17,A60002,9,Perfume Origen Signature,Perfumería,6,Jockey Plaza,0,0,0,0,0
20260226,2026-02-26,2026,2,February,17,A60002,9,Perfume Origen Signature,Perfumería,6,Jockey Plaza,0,0,0,0,0
20260227,2026-02-27,2026,2,February,17,A60002,9,Perfume Origen Signature,Perfumería,6,Jockey Plaza,0,0,0,0,0
20260228,2026-02-28,2026,2,February,17,A60002,9,Perfume Origen Signature,Perfumería,6,Jockey Plaza,0,0,0,0,0
20260301,2026-03-01,2026,3,March,17,A60002,9,Perfume Origen Signature,Perfumería,6,Jockey Plaza,0,0,0,0,0
20260302,2026-03-02,2026,3,March,17,A60002,9,Perfume Origen Signature,Perfumería,6,Jockey Plaza,0,0,0,0,0
20260303,2026-03-03,2026,3,March,17,A60002,9,Perfume Origen Signature,Perfumería,6,Jockey Plaza,0,0,0,0,0
20260304,2026-03-04,2026,3,March,17,A60002,9,Perfume Origen Signature,Perfumería,6,Jockey Plaza,0,0,0,0,0
20260305,2026-03-05,2026,3,March,17,A60002,9,Perfume Origen Signature,Perfumería,6,Jockey Plaza,0,0,0,0,0
20260306,2026-03-06,2026,3,March,17,A60002,9,Perfume Origen Signature,Perfumería,6,Jockey Plaza,0,0,0,0,0
20260307,2026-03-07,2026,3,March,17,A60002,9,Perfume Origen Signature,Perfumería,6,Jockey Plaza,0,0,0,0,0
20260308,2026-03-08,2026,3,March,17,A60002,9,Perfume Origen Signature,Perfumería,6,Jockey Plaza,0,0,0,0,0
20260309,2026-03-09,2026,3,March,17,A60002,9,Perfume Origen Signature,Perfumería,6,Jockey Plaza,0,0,0,0,0
20260310,2026-03-10,2026,3,March,17,A60002,9,Perfume Origen Signature,Perfumería,6,Jockey Plaza,0,0,0,0,0
20260311,2026-03-11,2026,3,March,17,A60002,9,Perfume Origen Signature,Perfumería,6,Jockey Plaza,0,0,0,0,0
20260312,2026-03-12,2026,3,March,17,A60002,9,Perfume Origen Signature,Perfumería,6,Jockey Plaza,0,0,0,0,0
20260313,2026-03-13,2026,3,March,17,A60002,9,Perfume Origen Signature,Perfumería,6,Jockey Plaza,0,0,0,0,0
20260314,2026-03-14,2026,3,March,17,A60002,9,Perfume Origen Signature,Perfumería,6,Jockey Plaza,0,0,0,0,0
20260315,2026-03-15,2026,3,March,17,A60002,9,Perfume Origen Signature,Perfumería,6,Jockey Plaza,0,0,0,0,0
20260316,2026-03-16,2026,3,March,17,A60002,9,Perfume Origen Signature,Perfumería,6,Jockey Plaza,0,0,0,0,0
20260317,2026-03-17,2026,3,March,17,A60002,9,Perfume Origen Signature,Perfumería,6,Jockey Plaza,0,0,0,0,0
20260318,2026-03-18,2026,3,March,17,A60002,9,Perfume Origen Signature,Perfumería,6,Jockey Plaza,0,0,0,0,0
20260319,2026-03-19,2026,3,March,17,A60002,9,Perfume Origen Signature,Perfumería,6,Jockey Plaza,0,0,0,0,0
20260320,2026-03-20,2026,3,March,17,A60002,9,Perfume Origen Signature,Perfumería,6,Jockey Plaza,0,0,0,0,0
20260321,2026-03-21,2026,3,March,17,A60002,9,Perfume Origen Signature,Perfumería,6,Jockey Plaza,0,0,0,0,0
20260322,2026-03-22,2026,3,March,17,A60002,9,Perfume Origen Signature,Perfumería,6,Jockey Plaza,0,0,0,0,0
20260323,2026-03-23,2026,3,March,17,A60002,9,Perfume Origen Signature,Perfumería,6,Jockey Plaza,0,0,0,0,0
20260324,2026-03-24,2026,3,March,17,A60002,9,Perfume Origen Signature,Perfumería,6,Jockey Plaza,0,0,0,0,0
20260325,2026-03-25,2026,3,March,17,A60002,9,Perfume Origen Signature,Perfumería,6,Jockey Plaza,0,0,0,0,0
20260326,2026-03-26,2026,3,March,17,A60002,9,Perfume Origen Signature,Perfumería,6,Jockey Plaza,0,0,0,0,0
20260327,2026-03-27,2026,3,March,17,A60002,9,Perfume Origen Signature,Perfumería,6,Jockey Plaza,0,0,0,0,0
20260328,2026-03-28,2026,3,March,17,A60002,9,Perfume Origen Signature,Perfumería,6,Jockey Plaza,0,0,0,0,0
20260329,2026-03-29,2026,3,March,17,A60002,9,Perfume Origen Signature,Perfumería,6,Jockey Plaza,0,0,0,0,0
20260330,2026-03-30,2026,3,March,17,A60002,9,Perfume Origen Signature,Perfumería,6,Jockey Plaza,0,0,0,0,0
20260331,2026-03-31,2026,3,March,17,A60002,9,Perfume Origen Signature,Perfumería,6,Jockey Plaza,0,0,0,0,0
20260101,2026-01-01,2026,1,January,17,A60002,9,Perfume Origen Signature,Perfumería,7,Real Plaza Arequipa,0,0,0,0,0
20260102,2026-01-02,2026,1,Enero,17,A60002,9,Perfume Origen Signature,Perfumería,7,Real Plaza Arequipa,0,0,0,0,0
20260103,2026-01-03,2026,1,Enero,17,A60002,9,Perfume Origen Signature,Perfumería,7,Real Plaza Arequipa,0,0,0,0,0
20260104,2026-01-04,2026,1,Enero,17,A60002,9,Perfume Origen Signature,Perfumería,7,Real Plaza Arequipa,0,0,0,0,0
20260105,2026-01-05,2026,1,January,17,A60002,9,Perfume Origen Signature,Perfumería,7,Real Plaza Arequipa,0,0,0,0,0
20260106,2026-01-06,2026,1,January,17,A60002,9,Perfume Origen Signature,Perfumería,7,Real Plaza Arequipa,0,0,0,0,0
20260107,2026-01-07,2026,1,January,17,A60002,9,Perfume Origen Signature,Perfumería,7,Real Plaza Arequipa,0,0,0,0,0
20260108,2026-01-08,2026,1,January,17,A60002,9,Perfume Origen Signature,Perfumería,7,Real Plaza Arequipa,0,0,0,0,0
20260109,2026-01-09,2026,1,January,17,A60002,9,Perfume Origen Signature,Perfumería,7,Real Plaza Arequipa,0,0,0,0,0
20260110,2026-01-10,2026,1,January,17,A60002,9,Perfume Origen Signature,Perfumería,7,Real Plaza Arequipa,0,0,0,0,0
20260111,2026-01-11,2026,1,January,17,A60002,9,Perfume Origen Signature,Perfumería,7,Real Plaza Arequipa,0,0,0,0,0
20260112,2026-01-12,2026,1,January,17,A60002,9,Perfume Origen Signature,Perfumería,7,Real Plaza Arequipa,0,0,0,0,0
20260113,2026-01-13,2026,1,January,17,A60002,9,Perfume Origen Signature,Perfumería,7,Real Plaza Arequipa,0,0,0,0,0
20260114,2026-01-14,2026,1,January,17,A60002,9,Perfume Origen Signature,Perfumería,7,Real Plaza Arequipa,0,0,0,0,0
20260115,2026-01-15,2026,1,January,17,A60002,9,Perfume Origen Signature,Perfumería,7,Real Plaza Arequipa,0,0,0,0,0
20260116,2026-01-16,2026,1,January,17,A60002,9,Perfume Origen Signature,Perfumería,7,Real Plaza Arequipa,0,0,0,0,0
20260117,2026-01-17,2026,1,January,17,A60002,9,Perfume Origen Signature,Perfumería,7,Real Plaza Arequipa,0,0,0,0,0
20260118,2026-01-18,2026,1,January,17,A60002,9,Perfume Origen Signature,Perfumería,7,Real Plaza Arequipa,0,0,0,0,0
20260119,2026-01-19,2026,1,January,17,A60002,9,Perfume Origen Signature,Perfumería,7,Real Plaza Arequipa,0,0,0,0,0
20260120,2026-01-20,2026,1,January,17,A60002,9,Perfume Origen Signature,Perfumería,7,Real Plaza Arequipa,0,0,0,0,0
20260121,2026-01-21,2026,1,January,17,A60002,9,Perfume Origen Signature,Perfumería,7,Real Plaza Arequipa,0,0,0,0,0
20260122,2026-01-22,2026,1,January,17,A60002,9,Perfume Origen Signature,Perfumería,7,Real Plaza Arequipa,0,0,0,0,0
20260123,2026-01-23,2026,1,January,17,A60002,9,Perfume Origen Signature,Perfumería,7,Real Plaza Arequipa,0,0,0,0,0
20260124,2026-01-24,2026,1,January,17,A60002,9,Perfume Origen Signature,Perfumería,7,Real Plaza Arequipa,0,0,0,0,0
20260125,2026-01-25,2026,1,January,17,A60002,9,Perfume Origen Signature,Perfumería,7,Real Plaza Arequipa,0,0,0,0,0
20260126,2026-01-26,2026,1,January,17,A60002,9,Perfume Origen Signature,Perfumería,7,Real Plaza Arequipa,0,0,0,0,0
20260127,2026-01-27,2026,1,January,17,A60002,9,Perfume Origen Signature,Perfumería,7,Real Plaza Arequipa,0,0,0,0,0
20260128,2026-01-28,2026,1,January,17,A60002,9,Perfume Origen Signature,Perfumería,7,Real Plaza Arequipa,0,0,0,0,0
20260129,2026-01-29,2026,1,January,17,A60002,9,Perfume Origen Signature,Perfumería,7,Real Plaza Arequipa,0,0,0,0,0
20260130,2026-01-30,2026,1,January,17,A60002,9,Perfume Origen Signature,Perfumería,7,Real Plaza Arequipa,0,0,0,0,0
20260131,2026-01-31,2026,1,January,17,A60002,9,Perfume Origen Signature,Perfumería,7,Real Plaza Arequipa,0,0,0,0,0
20260201,2026-02-01,2026,2,February,17,A60002,9,Perfume Origen Signature,Perfumería,7,Real Plaza Arequipa,0,0,0,0,0
20260202,2026-02-02,2026,2,February,17,A60002,9,Perfume Origen Signature,Perfumería,7,Real Plaza Arequipa,0,0,0,0,0
20260203,2026-02-03,2026,2,February,17,A60002,9,Perfume Origen Signature,Perfumería,7,Real Plaza Arequipa,0,0,0,0,0
20260204,2026-02-04,2026,2,February,17,A60002,9,Perfume Origen Signature,Perfumería,7,Real Plaza Arequipa,0,0,0,0,0
20260205,2026-02-05,2026,2,February,17,A60002,9,Perfume Origen Signature,Perfumería,7,Real Plaza Arequipa,0,0,0,0,0
20260206,2026-02-06,2026,2,February,17,A60002,9,Perfume Origen Signature,Perfumería,7,Real Plaza Arequipa,0,0,0,0,0
20260207,2026-02-07,2026,2,February,17,A60002,9,Perfume Origen Signature,Perfumería,7,Real Plaza Arequipa,0,0,0,0,0
20260208,2026-02-08,2026,2,February,17,A60002,9,Perfume Origen Signature,Perfumería,7,Real Plaza Arequipa,0,0,0,0,0
20260209,2026-02-09,2026,2,February,17,A60002,9,Perfume Origen Signature,Perfumería,7,Real Plaza Arequipa,0,0,0,0,0
20260210,2026-02-10,2026,2,February,17,A60002,9,Perfume Origen Signature,Perfumería,7,Real Plaza Arequipa,0,0,0,0,0
20260211,2026-02-11,2026,2,February,17,A60002,9,Perfume Origen Signature,Perfumería,7,Real Plaza Arequipa,0,0,0,0,0
20260212,2026-02-12,2026,2,February,17,A60002,9,Perfume Origen Signature,Perfumería,7,Real Plaza Arequipa,0,0,0,0,0
20260213,2026-02-13,2026,2,February,17,A60002,9,Perfume Origen Signature,Perfumería,7,Real Plaza Arequipa,0,0,0,0,0
20260214,2026-02-14,2026,2,February,17,A60002,9,Perfume Origen Signature,Perfumería,7,Real Plaza Arequipa,0,0,0,0,0
20260215,2026-02-15,2026,2,February,17,A60002,9,Perfume Origen Signature,Perfumería,7,Real Plaza Arequipa,0,0,0,0,0
20260216,2026-02-16,2026,2,February,17,A60002,9,Perfume Origen Signature,Perfumería,7,Real Plaza Arequipa,0,0,0,0,0
20260217,2026-02-17,2026,2,February,17,A60002,9,Perfume Origen Signature,Perfumería,7,Real Plaza Arequipa,0,0,0,0,0
20260218,2026-02-18,2026,2,February,17,A60002,9,Perfume Origen Signature,Perfumería,7,Real Plaza Arequipa,0,0,0,0,0
20260219,2026-02-19,2026,2,February,17,A60002,9,Perfume Origen Signature,Perfumería,7,Real Plaza Arequipa,0,0,0,0,0
20260220,2026-02-20,2026,2,February,17,A60002,9,Perfume Origen Signature,Perfumería,7,Real Plaza Arequipa,0,0,0,0,0
20260221,2026-02-21,2026,2,February,17,A60002,9,Perfume Origen Signature,Perfumería,7,Real Plaza Arequipa,0,0,0,0,0
20260222,2026-02-22,2026,2,February,17,A60002,9,Perfume Origen Signature,Perfumería,7,Real Plaza Arequipa,0,0,0,0,0
20260223,2026-02-23,2026,2,February,17,A60002,9,Perfume Origen Signature,Perfumería,7,Real Plaza Arequipa,0,0,0,0,0
20260224,2026-02-24,2026,2,February,17,A60002,9,Perfume Origen Signature,Perfumería,7,Real Plaza Arequipa,0,0,0,0,0
20260225,2026-02-25,2026,2,February,17,A60002,9,Perfume Origen Signature,Perfumería,7,Real Plaza Arequipa,0,0,0,0,0
20260226,2026-02-26,2026,2,February,17,A60002,9,Perfume Origen Signature,Perfumería,7,Real Plaza Arequipa,0,0,0,0,0
20260227,2026-02-27,2026,2,February,17,A60002,9,Perfume Origen Signature,Perfumería,7,Real Plaza Arequipa,0,0,0,0,0
20260228,2026-02-28,2026,2,February,17,A60002,9,Perfume Origen Signature,Perfumería,7,Real Plaza Arequipa,0,0,0,0,0
20260301,2026-03-01,2026,3,March,17,A60002,9,Perfume Origen Signature,Perfumería,7,Real Plaza Arequipa,0,0,0,0,0
20260302,2026-03-02,2026,3,March,17,A60002,9,Perfume Origen Signature,Perfumería,7,Real Plaza Arequipa,0,0,0,0,0
20260303,2026-03-03,2026,3,March,17,A60002,9,Perfume Origen Signature,Perfumería,7,Real Plaza Arequipa,0,0,0,0,0
20260304,2026-03-04,2026,3,March,17,A60002,9,Perfume Origen Signature,Perfumería,7,Real Plaza Arequipa,0,0,0,0,0
20260305,2026-03-05,2026,3,March,17,A60002,9,Perfume Origen Signature,Perfumería,7,Real Plaza Arequipa,0,0,0,0,0
20260306,2026-03-06,2026,3,March,17,A60002,9,Perfume Origen Signature,Perfumería,7,Real Plaza Arequipa,0,0,0,0,0
20260307,2026-03-07,2026,3,March,17,A60002,9,Perfume Origen Signature,Perfumería,7,Real Plaza Arequipa,0,0,0,0,0
20260308,2026-03-08,2026,3,March,17,A60002,9,Perfume Origen Signature,Perfumería,7,Real Plaza Arequipa,0,0,0,0,0
20260309,2026-03-09,2026,3,March,17,A60002,9,Perfume Origen Signature,Perfumería,7,Real Plaza Arequipa,0,0,0,0,0
20260310,2026-03-10,2026,3,March,17,A60002,9,Perfume Origen Signature,Perfumería,7,Real Plaza Arequipa,0,0,0,0,0
20260311,2026-03-11,2026,3,March,17,A60002,9,Perfume Origen Signature,Perfumería,7,Real Plaza Arequipa,0,0,0,0,0
20260312,2026-03-12,2026,3,March,17,A60002,9,Perfume Origen Signature,Perfumería,7,Real Plaza Arequipa,0,0,0,0,0
20260313,2026-03-13,2026,3,March,17,A60002,9,Perfume Origen Signature,Perfumería,7,Real Plaza Arequipa,0,0,0,0,0
20260314,2026-03-14,2026,3,March,17,A60002,9,Perfume Origen Signature,Perfumería,7,Real Plaza Arequipa,0,0,0,0,0
20260315,2026-03-15,2026,3,March,17,A60002,9,Perfume Origen Signature,Perfumería,7,Real Plaza Arequipa,0,0,0,0,0
20260316,2026-03-16,2026,3,March,17,A60002,9,Perfume Origen Signature,Perfumería,7,Real Plaza Arequipa,0,0,0,0,0
20260317,2026-03-17,2026,3,March,17,A60002,9,Perfume Origen Signature,Perfumería,7,Real Plaza Arequipa,0,0,0,0,0
20260318,2026-03-18,2026,3,March,17,A60002,9,Perfume Origen Signature,Perfumería,7,Real Plaza Arequipa,0,0,0,0,0
20260319,2026-03-19,2026,3,March,17,A60002,9,Perfume Origen Signature,Perfumería,7,Real Plaza Arequipa,0,0,0,0,0
20260320,2026-03-20,2026,3,March,17,A60002,9,Perfume Origen Signature,Perfumería,7,Real Plaza Arequipa,0,0,0,0,0
20260321,2026-03-21,2026,3,March,17,A60002,9,Perfume Origen Signature,Perfumería,7,Real Plaza Arequipa,0,0,0,0,0
20260322,2026-03-22,2026,3,March,17,A60002,9,Perfume Origen Signature,Perfumería,7,Real Plaza Arequipa,0,0,0,0,0
20260323,2026-03-23,2026,3,March,17,A60002,9,Perfume Origen Signature,Perfumería,7,Real Plaza Arequipa,0,0,0,0,0
20260324,2026-03-24,2026,3,March,17,A60002,9,Perfume Origen Signature,Perfumería,7,Real Plaza Arequipa,0,0,0,0,0
20260325,2026-03-25,2026,3,March,17,A60002,9,Perfume Origen Signature,Perfumería,7,Real Plaza Arequipa,0,0,0,0,0
20260326,2026-03-26,2026,3,March,17,A60002,9,Perfume Origen Signature,Perfumería,7,Real Plaza Arequipa,0,0,0,0,0
20260327,2026-03-27,2026,3,March,17,A60002,9,Perfume Origen Signature,Perfumería,7,Real Plaza Arequipa,0,0,0,0,0
20260328,2026-03-28,2026,3,March,17,A60002,9,Perfume Origen Signature,Perfumería,7,Real Plaza Arequipa,0,0,0,0,0
20260329,2026-03-29,2026,3,March,17,A60002,9,Perfume Origen Signature,Perfumería,7,Real Plaza Arequipa,0,0,0,0,0
20260330,2026-03-30,2026,3,March,17,A60002,9,Perfume Origen Signature,Perfumería,7,Real Plaza Arequipa,0,0,0,0,0
20260331,2026-03-31,2026,3,March,17,A60002,9,Perfume Origen Signature,Perfumería,7,Real Plaza Arequipa,0,0,0,0,0
20260101,2026-01-01,2026,1,January,17,A60002,9,Perfume Origen Signature,Perfumería,8,Mall Aventura Trujillo,10,0,10,0,10
20260102,2026-01-02,2026,1,Enero,17,A60002,9,Perfume Origen Signature,Perfumería,8,Mall Aventura Trujillo,0,0,10,0,10
20260103,2026-01-03,2026,1,Enero,17,A60002,9,Perfume Origen Signature,Perfumería,8,Mall Aventura Trujillo,0,0,10,0,10
20260104,2026-01-04,2026,1,Enero,17,A60002,9,Perfume Origen Signature,Perfumería,8,Mall Aventura Trujillo,0,0,10,0,10
20260105,2026-01-05,2026,1,January,17,A60002,9,Perfume Origen Signature,Perfumería,8,Mall Aventura Trujillo,0,0,10,0,10
20260106,2026-01-06,2026,1,January,17,A60002,9,Perfume Origen Signature,Perfumería,8,Mall Aventura Trujillo,0,0,10,0,10
20260107,2026-01-07,2026,1,January,17,A60002,9,Perfume Origen Signature,Perfumería,8,Mall Aventura Trujillo,0,0,10,0,10
20260108,2026-01-08,2026,1,January,17,A60002,9,Perfume Origen Signature,Perfumería,8,Mall Aventura Trujillo,0,0,10,0,10
20260109,2026-01-09,2026,1,January,17,A60002,9,Perfume Origen Signature,Perfumería,8,Mall Aventura Trujillo,0,0,10,0,10
20260110,2026-01-10,2026,1,January,17,A60002,9,Perfume Origen Signature,Perfumería,8,Mall Aventura Trujillo,0,0,10,0,10
20260111,2026-01-11,2026,1,January,17,A60002,9,Perfume Origen Signature,Perfumería,8,Mall Aventura Trujillo,0,0,10,0,10
20260112,2026-01-12,2026,1,January,17,A60002,9,Perfume Origen Signature,Perfumería,8,Mall Aventura Trujillo,0,0,10,0,10
20260113,2026-01-13,2026,1,January,17,A60002,9,Perfume Origen Signature,Perfumería,8,Mall Aventura Trujillo,0,0,10,0,10
20260114,2026-01-14,2026,1,January,17,A60002,9,Perfume Origen Signature,Perfumería,8,Mall Aventura Trujillo,0,0,10,0,10
20260115,2026-01-15,2026,1,January,17,A60002,9,Perfume Origen Signature,Perfumería,8,Mall Aventura Trujillo,0,0,10,0,10
20260116,2026-01-16,2026,1,January,17,A60002,9,Perfume Origen Signature,Perfumería,8,Mall Aventura Trujillo,0,0,10,0,10
20260117,2026-01-17,2026,1,January,17,A60002,9,Perfume Origen Signature,Perfumería,8,Mall Aventura Trujillo,0,0,10,0,10
20260118,2026-01-18,2026,1,January,17,A60002,9,Perfume Origen Signature,Perfumería,8,Mall Aventura Trujillo,0,0,10,0,10
20260119,2026-01-19,2026,1,January,17,A60002,9,Perfume Origen Signature,Perfumería,8,Mall Aventura Trujillo,0,0,10,0,10
20260120,2026-01-20,2026,1,January,17,A60002,9,Perfume Origen Signature,Perfumería,8,Mall Aventura Trujillo,0,0,10,0,10
20260121,2026-01-21,2026,1,January,17,A60002,9,Perfume Origen Signature,Perfumería,8,Mall Aventura Trujillo,0,0,10,0,10
20260122,2026-01-22,2026,1,January,17,A60002,9,Perfume Origen Signature,Perfumería,8,Mall Aventura Trujillo,0,0,10,0,10
20260123,2026-01-23,2026,1,January,17,A60002,9,Perfume Origen Signature,Perfumería,8,Mall Aventura Trujillo,0,0,10,0,10
20260124,2026-01-24,2026,1,January,17,A60002,9,Perfume Origen Signature,Perfumería,8,Mall Aventura Trujillo,0,0,10,0,10
20260125,2026-01-25,2026,1,January,17,A60002,9,Perfume Origen Signature,Perfumería,8,Mall Aventura Trujillo,0,0,10,0,10
20260126,2026-01-26,2026,1,January,17,A60002,9,Perfume Origen Signature,Perfumería,8,Mall Aventura Trujillo,0,0,10,0,10
20260127,2026-01-27,2026,1,January,17,A60002,9,Perfume Origen Signature,Perfumería,8,Mall Aventura Trujillo,0,0,10,0,10
20260128,2026-01-28,2026,1,January,17,A60002,9,Perfume Origen Signature,Perfumería,8,Mall Aventura Trujillo,0,0,10,0,10
20260129,2026-01-29,2026,1,January,17,A60002,9,Perfume Origen Signature,Perfumería,8,Mall Aventura Trujillo,0,0,10,0,10
20260130,2026-01-30,2026,1,January,17,A60002,9,Perfume Origen Signature,Perfumería,8,Mall Aventura Trujillo,0,0,10,0,10
20260131,2026-01-31,2026,1,January,17,A60002,9,Perfume Origen Signature,Perfumería,8,Mall Aventura Trujillo,0,0,10,0,10
20260201,2026-02-01,2026,2,February,17,A60002,9,Perfume Origen Signature,Perfumería,8,Mall Aventura Trujillo,0,0,10,0,10
20260202,2026-02-02,2026,2,February,17,A60002,9,Perfume Origen Signature,Perfumería,8,Mall Aventura Trujillo,0,0,10,0,10
20260203,2026-02-03,2026,2,February,17,A60002,9,Perfume Origen Signature,Perfumería,8,Mall Aventura Trujillo,0,0,10,0,10
20260204,2026-02-04,2026,2,February,17,A60002,9,Perfume Origen Signature,Perfumería,8,Mall Aventura Trujillo,0,0,10,0,10
20260205,2026-02-05,2026,2,February,17,A60002,9,Perfume Origen Signature,Perfumería,8,Mall Aventura Trujillo,0,0,10,0,10
20260206,2026-02-06,2026,2,February,17,A60002,9,Perfume Origen Signature,Perfumería,8,Mall Aventura Trujillo,0,0,10,0,10
20260207,2026-02-07,2026,2,February,17,A60002,9,Perfume Origen Signature,Perfumería,8,Mall Aventura Trujillo,0,0,10,0,10
20260208,2026-02-08,2026,2,February,17,A60002,9,Perfume Origen Signature,Perfumería,8,Mall Aventura Trujillo,0,0,10,0,10
20260209,2026-02-09,2026,2,February,17,A60002,9,Perfume Origen Signature,Perfumería,8,Mall Aventura Trujillo,0,0,10,0,10
20260210,2026-02-10,2026,2,February,17,A60002,9,Perfume Origen Signature,Perfumería,8,Mall Aventura Trujillo,0,0,10,0,10
20260211,2026-02-11,2026,2,February,17,A60002,9,Perfume Origen Signature,Perfumería,8,Mall Aventura Trujillo,0,0,10,0,10
20260212,2026-02-12,2026,2,February,17,A60002,9,Perfume Origen Signature,Perfumería,8,Mall Aventura Trujillo,0,0,10,0,10
20260213,2026-02-13,2026,2,February,17,A60002,9,Perfume Origen Signature,Perfumería,8,Mall Aventura Trujillo,0,0,10,0,10
20260214,2026-02-14,2026,2,February,17,A60002,9,Perfume Origen Signature,Perfumería,8,Mall Aventura Trujillo,0,0,10,0,10
20260215,2026-02-15,2026,2,February,17,A60002,9,Perfume Origen Signature,Perfumería,8,Mall Aventura Trujillo,0,0,10,0,10
20260216,2026-02-16,2026,2,February,17,A60002,9,Perfume Origen Signature,Perfumería,8,Mall Aventura Trujillo,0,0,10,0,10
20260217,2026-02-17,2026,2,February,17,A60002,9,Perfume Origen Signature,Perfumería,8,Mall Aventura Trujillo,0,0,10,0,10
20260218,2026-02-18,2026,2,February,17,A60002,9,Perfume Origen Signature,Perfumería,8,Mall Aventura Trujillo,0,0,10,0,10
20260219,2026-02-19,2026,2,February,17,A60002,9,Perfume Origen Signature,Perfumería,8,Mall Aventura Trujillo,0,0,10,0,10
20260220,2026-02-20,2026,2,February,17,A60002,9,Perfume Origen Signature,Perfumería,8,Mall Aventura Trujillo,0,0,10,0,10
20260221,2026-02-21,2026,2,February,17,A60002,9,Perfume Origen Signature,Perfumería,8,Mall Aventura Trujillo,0,0,10,0,10
20260222,2026-02-22,2026,2,February,17,A60002,9,Perfume Origen Signature,Perfumería,8,Mall Aventura Trujillo,0,0,10,0,10
20260223,2026-02-23,2026,2,February,17,A60002,9,Perfume Origen Signature,Perfumería,8,Mall Aventura Trujillo,0,0,10,0,10
20260224,2026-02-24,2026,2,February,17,A60002,9,Perfume Origen Signature,Perfumería,8,Mall Aventura Trujillo,0,0,10,0,10
20260225,2026-02-25,2026,2,February,17,A60002,9,Perfume Origen Signature,Perfumería,8,Mall Aventura Trujillo,0,0,10,0,10
20260226,2026-02-26,2026,2,February,17,A60002,9,Perfume Origen Signature,Perfumería,8,Mall Aventura Trujillo,0,0,10,0,10
20260227,2026-02-27,2026,2,February,17,A60002,9,Perfume Origen Signature,Perfumería,8,Mall Aventura Trujillo,0,0,10,0,10
20260228,2026-02-28,2026,2,February,17,A60002,9,Perfume Origen Signature,Perfumería,8,Mall Aventura Trujillo,0,0,10,0,10
20260301,2026-03-01,2026,3,March,17,A60002,9,Perfume Origen Signature,Perfumería,8,Mall Aventura Trujillo,0,0,10,0,10
20260302,2026-03-02,2026,3,March,17,A60002,9,Perfume Origen Signature,Perfumería,8,Mall Aventura Trujillo,0,1,10,1,9
20260303,2026-03-03,2026,3,March,17,A60002,9,Perfume Origen Signature,Perfumería,8,Mall Aventura Trujillo,0,0,10,1,9
20260304,2026-03-04,2026,3,March,17,A60002,9,Perfume Origen Signature,Perfumería,8,Mall Aventura Trujillo,0,0,10,1,9
20260305,2026-03-05,2026,3,March,17,A60002,9,Perfume Origen Signature,Perfumería,8,Mall Aventura Trujillo,0,0,10,1,9
20260306,2026-03-06,2026,3,March,17,A60002,9,Perfume Origen Signature,Perfumería,8,Mall Aventura Trujillo,0,0,10,1,9
20260307,2026-03-07,2026,3,March,17,A60002,9,Perfume Origen Signature,Perfumería,8,Mall Aventura Trujillo,0,0,10,1,9
20260308,2026-03-08,2026,3,March,17,A60002,9,Perfume Origen Signature,Perfumería,8,Mall Aventura Trujillo,0,0,10,1,9
20260309,2026-03-09,2026,3,March,17,A60002,9,Perfume Origen Signature,Perfumería,8,Mall Aventura Trujillo,0,0,10,1,9
20260310,2026-03-10,2026,3,March,17,A60002,9,Perfume Origen Signature,Perfumería,8,Mall Aventura Trujillo,0,0,10,1,9
20260311,2026-03-11,2026,3,March,17,A60002,9,Perfume Origen Signature,Perfumería,8,Mall Aventura Trujillo,-2,0,8,1,7
20260312,2026-03-12,2026,3,March,17,A60002,9,Perfume Origen Signature,Perfumería,8,Mall Aventura Trujillo,0,0,8,1,7
20260313,2026-03-13,2026,3,March,17,A60002,9,Perfume Origen Signature,Perfumería,8,Mall Aventura Trujillo,0,0,8,1,7
20260314,2026-03-14,2026,3,March,17,A60002,9,Perfume Origen Signature,Perfumería,8,Mall Aventura Trujillo,0,0,8,1,7
20260315,2026-03-15,2026,3,March,17,A60002,9,Perfume Origen Signature,Perfumería,8,Mall Aventura Trujillo,-2,0,6,1,5
20260316,2026-03-16,2026,3,March,17,A60002,9,Perfume Origen Signature,Perfumería,8,Mall Aventura Trujillo,0,0,6,1,5
20260317,2026-03-17,2026,3,March,17,A60002,9,Perfume Origen Signature,Perfumería,8,Mall Aventura Trujillo,0,0,6,1,5
20260318,2026-03-18,2026,3,March,17,A60002,9,Perfume Origen Signature,Perfumería,8,Mall Aventura Trujillo,0,0,6,1,5
20260319,2026-03-19,2026,3,March,17,A60002,9,Perfume Origen Signature,Perfumería,8,Mall Aventura Trujillo,0,2,6,3,3
20260320,2026-03-20,2026,3,March,17,A60002,9,Perfume Origen Signature,Perfumería,8,Mall Aventura Trujillo,-2,-2,4,1,3
20260321,2026-03-21,2026,3,March,17,A60002,9,Perfume Origen Signature,Perfumería,8,Mall Aventura Trujillo,0,0,4,1,3
20260322,2026-03-22,2026,3,March,17,A60002,9,Perfume Origen Signature,Perfumería,8,Mall Aventura Trujillo,0,0,4,1,3
20260323,2026-03-23,2026,3,March,17,A60002,9,Perfume Origen Signature,Perfumería,8,Mall Aventura Trujillo,0,0,4,1,3
20260324,2026-03-24,2026,3,March,17,A60002,9,Perfume Origen Signature,Perfumería,8,Mall Aventura Trujillo,0,0,4,1,3
20260325,2026-03-25,2026,3,March,17,A60002,9,Perfume Origen Signature,Perfumería,8,Mall Aventura Trujillo,0,0,4,1,3
20260326,2026-03-26,2026,3,March,17,A60002,9,Perfume Origen Signature,Perfumería,8,Mall Aventura Trujillo,0,0,4,1,3
20260327,2026-03-27,2026,3,March,17,A60002,9,Perfume Origen Signature,Perfumería,8,Mall Aventura Trujillo,0,0,4,1,3
20260328,2026-03-28,2026,3,March,17,A60002,9,Perfume Origen Signature,Perfumería,8,Mall Aventura Trujillo,0,0,4,1,3
20260329,2026-03-29,2026,3,March,17,A60002,9,Perfume Origen Signature,Perfumería,8,Mall Aventura Trujillo,0,0,4,1,3
20260330,2026-03-30,2026,3,March,17,A60002,9,Perfume Origen Signature,Perfumería,8,Mall Aventura Trujillo,0,0,4,1,3
20260331,2026-03-31,2026,3,March,17,A60002,9,Perfume Origen Signature,Perfumería,8,Mall Aventura Trujillo,0,0,4,1,3
